seller_sk	total_orders	delivered_orders	delayed_orders	avg_delivery_days	avg_estimated_gap_days	delay_rate	avg_freight_value	avg_review_score	delivery_segment	dwh_create_date
1589	179	195	9	10.18	-10.89	4.46	17.80	3.92	GOOD_DELIVERY	2026-05-15 09:48:36.073
2585	1	1	0	11	-23	0.00	37.40	5	FAST_RELIABLE	2026-05-15 09:48:36.073
2917	2	2	0	18	-7.5	0.00	41.48	4	FAST_RELIABLE	2026-05-15 09:48:36.073
2253	11	10	1	11.4	-10.6	9.09	29.94	4.18	GOOD_DELIVERY	2026-05-15 09:48:36.073
1921	1	1	1	23	6	100.00	37.71	2	DELIVERY_RISK	2026-05-15 09:48:36.073
902	1	1	0	11	-7	0.00	27.07	5	FAST_RELIABLE	2026-05-15 09:48:36.073
1898	17	17	3	16.47	-13.41	17.65	26.47	3.88	REGULAR	2026-05-15 09:48:36.073
355	13	14	0	15.71	-15.5	0.00	21.57	3.6	GOOD_DELIVERY	2026-05-15 09:48:36.073
687	3	5	1	16.2	-20.8	16.67	12.51	4.17	REGULAR	2026-05-15 09:48:36.073
1234	2	4	0	6	-7	0.00	12.91	5	FAST_RELIABLE	2026-05-15 09:48:36.073
2230	2	2	0	6.5	-27.5	0.00	20.25	5	FAST_RELIABLE	2026-05-15 09:48:36.073
23	5	5	0	6.6	-17	0.00	13.54	5	FAST_RELIABLE	2026-05-15 09:48:36.073
2894	5	5	0	10.2	-17	0.00	16.79	4.8	FAST_RELIABLE	2026-05-15 09:48:36.073
1566	2	1	0	14	-10	0.00	13.92	3	GOOD_DELIVERY	2026-05-15 09:48:36.073
2562	1	1	0	13	-11	0.00	10.96	5	FAST_RELIABLE	2026-05-15 09:48:36.073
1875	66	67	7	15.03	-8.78	10.00	16.22	3.9	GOOD_DELIVERY	2026-05-15 09:48:36.073
1543	54	87	5	8.94	-12.51	5.62	16.64	4.26	GOOD_DELIVERY	2026-05-15 09:48:36.073
1374	57	76	2	10.51	-13.03	2.63	15.35	4.58	FAST_RELIABLE	2026-05-15 09:48:36.073
378	20	25	1	11.92	-14.4	4.00	23.25	4.28	FAST_RELIABLE	2026-05-15 09:48:36.073
547	23	27	2	9.74	-14.07	7.41	18.23	4.33	GOOD_DELIVERY	2026-05-15 09:48:36.073
2207	7	11	0	13.18	-14.82	0.00	20.16	2.91	GOOD_DELIVERY	2026-05-15 09:48:36.073
2539	1	1	1	30	8	100.00	16.41	1	DELIVERY_RISK	2026-05-15 09:48:36.073
46	13	13	4	17.46	-3.92	30.77	49.43	3.92	DELIVERY_RISK	2026-05-15 09:48:36.073
1042	13	13	0	14.38	-15.62	0.00	23.34	2.93	GOOD_DELIVERY	2026-05-15 09:48:36.073
710	10	9	0	12.78	-21.33	0.00	25.41	4	FAST_RELIABLE	2026-05-15 09:48:36.073
879	2	3	0	9.67	-11.33	0.00	26.21	2.67	GOOD_DELIVERY	2026-05-15 09:48:36.073
215	14	15	1	12.87	-13.53	6.25	23.33	4.75	GOOD_DELIVERY	2026-05-15 09:48:36.073
1211	1	1	0	12	-26	0.00	53.29	5	FAST_RELIABLE	2026-05-15 09:48:36.073
1188	15	16	2	13	-9.88	12.50	52.03	3.88	REGULAR	2026-05-15 09:48:36.073
1729	24	24	2	16.88	-10.71	7.69	20.22	4.15	GOOD_DELIVERY	2026-05-15 09:48:36.073
733	42	46	1	9.35	-13.2	2.13	17.07	3.73	GOOD_DELIVERY	2026-05-15 09:48:36.073
856	3	3	0	14	-15.33	0.00	46.58	4.67	FAST_RELIABLE	2026-05-15 09:48:36.073
524	12	15	0	10.73	-13.33	0.00	22.76	4.6	FAST_RELIABLE	2026-05-15 09:48:36.073
1065	3	3	0	7.33	-8.33	0.00	11.35	5	FAST_RELIABLE	2026-05-15 09:48:36.073
401	3	2	0	14.5	-9.5	0.00	15.08	3.33	GOOD_DELIVERY	2026-05-15 09:48:36.073
1520	1	1	0	13	-13	0.00	20.75	5	FAST_RELIABLE	2026-05-15 09:48:36.073
192	5	6	0	6.83	-7.83	0.00	12.33	4.83	FAST_RELIABLE	2026-05-15 09:48:36.073
2061	2	2	0	12.5	-12.5	0.00	14.95	5	FAST_RELIABLE	2026-05-15 09:48:36.073
1397	1	1	0	7	-10	0.00	16.81	5	FAST_RELIABLE	2026-05-15 09:48:36.073
69	1	1	1	5	0	100.00	8.52	5	DELIVERY_RISK	2026-05-15 09:48:36.073
2748	14	17	2	14.65	-10.24	11.76	19.19	3.24	REGULAR	2026-05-15 09:48:36.073
2084	44	44	0	7.02	-10.3	0.00	26.72	4.48	FAST_RELIABLE	2026-05-15 09:48:36.073
1420	21	25	1	7	-10.4	4.00	17.64	4.4	FAST_RELIABLE	2026-05-15 09:48:36.073
3086	20	20	5	11.5	-9.1	25.00	87.72	3.65	REGULAR	2026-05-15 09:48:36.073
501	3	3	0	10.33	-15.33	0.00	14.81	3.33	GOOD_DELIVERY	2026-05-15 09:48:36.073
756	7	7	0	8.43	-11.14	0.00	15.09	4.71	FAST_RELIABLE	2026-05-15 09:48:36.073
1443	54	56	2	13.59	-12.46	3.51	22.98	4.28	FAST_RELIABLE	2026-05-15 09:48:36.073
2771	2	2	0	6	-14.5	0.00	14.36	4.5	FAST_RELIABLE	2026-05-15 09:48:36.073
2107	1	1	0	5	-47	0.00	12.41	5	FAST_RELIABLE	2026-05-15 09:48:36.073
1712	15	15	2	12.53	-16.07	13.33	81.25	4.2	REGULAR	2026-05-15 09:48:36.073
2794	23	24	4	10.25	-11.25	16.67	17.22	4.29	REGULAR	2026-05-15 09:48:36.073
209	3	4	0	6.75	-12.5	0.00	14.46	5	FAST_RELIABLE	2026-05-15 09:48:36.073
3040	18	18	1	11.94	-13.89	5.56	29.51	3.94	GOOD_DELIVERY	2026-05-15 09:48:36.073
2130	9	23	2	7.7	-10.7	8.70	10.60	3.96	GOOD_DELIVERY	2026-05-15 09:48:36.073
1048	6	6	2	11.33	-9.17	20.00	18.86	3.2	REGULAR	2026-05-15 09:48:36.073
2376	4	4	0	15.25	-18.75	0.00	91.24	3.25	GOOD_DELIVERY	2026-05-15 09:48:36.073
2276	14	15	3	11.2	-8.4	20.00	16.11	4.13	REGULAR	2026-05-15 09:48:36.073
2817	34	34	5	15.15	-10.24	14.71	20.97	3.94	REGULAR	2026-05-15 09:48:36.073
2399	44	43	2	11.12	-15.19	4.55	21.70	4.48	FAST_RELIABLE	2026-05-15 09:48:36.073
2940	9	30	0	15.5	-9.97	0.00	22.20	4.7	FAST_RELIABLE	2026-05-15 09:48:36.073
3063	8	8	0	8.63	-9.63	0.00	17.89	4.63	FAST_RELIABLE	2026-05-15 09:48:36.073
1735	3	8	7	42.13	10.5	87.50	16.45	1	DELIVERY_RISK	2026-05-15 09:48:36.073
1998	65	67	6	11.45	-12.82	8.96	15.78	3.81	GOOD_DELIVERY	2026-05-15 09:48:36.073
670	5	10	0	8.5	-14.6	0.00	19.20	4.6	FAST_RELIABLE	2026-05-15 09:48:36.073
1251	3	2	0	8	-12.5	0.00	55.33	2.67	GOOD_DELIVERY	2026-05-15 09:48:36.073
1002	7	8	0	10.38	-12	0.00	18.52	4.13	FAST_RELIABLE	2026-05-15 09:48:36.073
919	2	2	0	12.5	-12	0.00	29.94	3	GOOD_DELIVERY	2026-05-15 09:48:36.073
1357	3	3	0	6.33	-13.33	0.00	39.67	3.67	GOOD_DELIVERY	2026-05-15 09:48:36.073
361	3	3	0	12	-12.33	0.00	19.17	5	FAST_RELIABLE	2026-05-15 09:48:36.073
1689	7	7	0	9.86	-17.14	0.00	20.79	2	GOOD_DELIVERY	2026-05-15 09:48:36.073
564	5	6	0	14.17	-26	0.00	19.88	4.33	FAST_RELIABLE	2026-05-15 09:48:36.073
232	1	1	1	22	2	100.00	59.33	3	DELIVERY_RISK	2026-05-15 09:48:36.073
2685	1	1	0	7	-15	0.00	19.19	5	FAST_RELIABLE	2026-05-15 09:48:36.073
2625	9	9	0	11.78	-12.78	0.00	17.93	4.8	FAST_RELIABLE	2026-05-15 09:48:36.073
1297	18	22	1	8.14	-14.05	4.55	15.26	4.55	FAST_RELIABLE	2026-05-15 09:48:36.073
965	6	6	1	13.5	-6.83	16.67	12.68	4	REGULAR	2026-05-15 09:48:36.073
2293	2	2	2	48	23.5	100.00	18.81	3	DELIVERY_RISK	2026-05-15 09:48:36.073
1606	91	104	9	13.23	-10.98	8.65	15.34	4.18	GOOD_DELIVERY	2026-05-15 09:48:36.073
278	123	146	12	12.01	-10.02	8.16	59.70	4.14	GOOD_DELIVERY	2026-05-15 09:48:36.073
1938	16	17	4	10.29	-7.65	23.53	17.00	4.41	REGULAR	2026-05-15 09:48:36.073
610	4	4	0	5.75	-9	0.00	13.08	5	FAST_RELIABLE	2026-05-15 09:48:36.073
315	1	1	1	14	7	100.00	15.92	1	DELIVERY_RISK	2026-05-15 09:48:36.073
3080	88	90	3	8.91	-11.69	3.33	20.22	4.21	FAST_RELIABLE	2026-05-15 09:48:36.073
169	87	88	1	9.55	-14.81	1.12	16.84	4.3	FAST_RELIABLE	2026-05-15 09:48:36.073
1503	61	65	4	12.8	-15.31	5.63	27.77	3.55	GOOD_DELIVERY	2026-05-15 09:48:36.073
418	9	9	3	18.22	-5.78	33.33	14.01	4.33	DELIVERY_RISK	2026-05-15 09:48:36.073
424	2	3	0	12	-16.33	0.00	17.66	4.33	FAST_RELIABLE	2026-05-15 09:48:36.073
2831	3	4	0	9	-28.25	0.00	16.43	4.75	FAST_RELIABLE	2026-05-15 09:48:36.073
1752	1	1	0	11	-13	0.00	29.75	5	FAST_RELIABLE	2026-05-15 09:48:36.073
2980	26	26	2	11.73	-11.23	7.69	16.52	4	GOOD_DELIVERY	2026-05-15 09:48:36.073
1105	39	43	1	14.98	-19.05	2.27	15.84	4.73	FAST_RELIABLE	2026-05-15 09:48:36.073
2439	81	82	6	10.13	-10.79	7.32	17.64	4.05	GOOD_DELIVERY	2026-05-15 09:48:36.073
2144	6	7	0	8	-9.57	0.00	14.08	4	FAST_RELIABLE	2026-05-15 09:48:36.073
816	1	1	0	10	-21	0.00	15.50	4	FAST_RELIABLE	2026-05-15 09:48:36.073
2044	54	54	8	17.94	-10.69	14.55	20.39	4.05	REGULAR	2026-05-15 09:48:36.073
2877	3	2	0	15	-7.5	0.00	44.14	2.67	GOOD_DELIVERY	2026-05-15 09:48:36.073
2731	5	5	0	12.4	-9.8	0.00	40.22	4.8	FAST_RELIABLE	2026-05-15 09:48:36.073
2190	1	2	0	14	-14	0.00	21.49	5	FAST_RELIABLE	2026-05-15 09:48:36.073
1506	1143	1139	67	11.11	-11.78	5.81	17.81	4.2	GOOD_DELIVERY	2026-05-15 09:48:36.073
3000	117	123	8	12.29	-11.97	6.35	23.68	4.07	GOOD_DELIVERY	2026-05-15 09:48:36.073
1838	63	64	4	13.38	-10.19	6.25	18.94	3.97	GOOD_DELIVERY	2026-05-15 09:48:36.073
2004	8	9	0	10.56	-16.89	0.00	18.90	4.89	FAST_RELIABLE	2026-05-15 09:48:36.073
2502	4	7	3	14.43	-15	42.86	29.86	4.86	DELIVERY_RISK	2026-05-15 09:48:36.073
2336	1	1	0	14	-9	0.00	14.10	5	FAST_RELIABLE	2026-05-15 09:48:36.073
2857	17	27	6	14.67	-6.33	18.18	28.47	2.67	REGULAR	2026-05-15 09:48:36.073
2359	1	1	0	13	-17	0.00	30.05	2	GOOD_DELIVERY	2026-05-15 09:48:36.073
1128	2	2	0	12.5	-32.5	0.00	28.55	4.5	FAST_RELIABLE	2026-05-15 09:48:36.073
2124	7	6	0	9.83	-20.67	0.00	15.86	3.27	GOOD_DELIVERY	2026-05-15 09:48:36.073
132	6	6	0	9	-12.5	0.00	19.22	4.17	FAST_RELIABLE	2026-05-15 09:48:36.073
1457	2	2	0	18.5	-6.5	0.00	115.35	5	FAST_RELIABLE	2026-05-15 09:48:36.073
464	1	1	0	11	-16	0.00	14.77	5	FAST_RELIABLE	2026-05-15 09:48:36.073
793	1	1	0	18	-21	0.00	77.47	5	FAST_RELIABLE	2026-05-15 09:48:36.073
2147	335	348	30	13.98	-10.03	8.31	17.93	4.07	GOOD_DELIVERY	2026-05-15 09:48:36.073
2479	9	9	0	5	-14.22	0.00	28.56	4.44	FAST_RELIABLE	2026-05-15 09:48:36.073
1483	11	11	0	7.27	-13.82	0.00	16.81	4.91	FAST_RELIABLE	2026-05-15 09:48:36.073
438	12	12	0	8.08	-17.67	0.00	89.77	4.75	FAST_RELIABLE	2026-05-15 09:48:36.073
2837	1121	1161	123	13.31	-10.03	10.46	14.54	3.93	REGULAR	2026-05-15 09:48:36.073
750	40	39	6	13.77	-10.33	15.00	22.42	4.33	REGULAR	2026-05-15 09:48:36.073
673	16	17	2	10.82	-10.65	11.76	24.69	3.94	REGULAR	2026-05-15 09:48:36.073
1171	8	8	0	6.13	-13.63	0.00	21.63	4.75	FAST_RELIABLE	2026-05-15 09:48:36.073
507	6	6	1	14	-7.5	16.67	12.77	4	REGULAR	2026-05-15 09:48:36.073
2665	4	4	0	6	-11.75	0.00	14.32	4.75	FAST_RELIABLE	2026-05-15 09:48:36.073
2671	1	1	0	18	-11	0.00	20.70	5	FAST_RELIABLE	2026-05-15 09:48:36.073
109	25	26	1	5.5	-11.15	3.70	17.16	4.37	FAST_RELIABLE	2026-05-15 09:48:36.073
1271	22	23	3	12.61	-13	13.04	18.34	3.65	REGULAR	2026-05-15 09:48:36.073
650	26	30	5	12.77	-8.3	16.67	13.63	3.57	REGULAR	2026-05-15 09:48:36.073
607	6	6	0	14.83	-26	0.00	45.65	3.83	GOOD_DELIVERY	2026-05-15 09:48:36.073
773	8	8	2	18.13	-5.38	25.00	28.86	2.75	REGULAR	2026-05-15 09:48:36.073
1812	10	9	2	13.56	-7.56	20.00	17.94	4	REGULAR	2026-05-15 09:48:36.073
1148	4	4	0	6.5	-12.25	0.00	16.60	5	FAST_RELIABLE	2026-05-15 09:48:36.073
1314	2	1	0	11	-14	0.00	13.79	3	GOOD_DELIVERY	2026-05-15 09:48:36.073
2814	1	1	0	27	-9	0.00	58.53	4	FAST_RELIABLE	2026-05-15 09:48:36.073
1463	64	69	2	10.64	-15.49	2.90	51.35	4.12	FAST_RELIABLE	2026-05-15 09:48:36.073
630	8	8	0	10.75	-12.63	0.00	30.78	4.63	FAST_RELIABLE	2026-05-15 09:48:36.073
458	36	36	3	12.39	-12.5	7.89	18.46	4.24	GOOD_DELIVERY	2026-05-15 09:48:36.073
2545	1	0	0	NULL	NULL	0.00	9.05	1	GOOD_DELIVERY	2026-05-15 09:48:36.073
1291	1	1	0	4	-13	0.00	14.74	5	FAST_RELIABLE	2026-05-15 09:48:36.073
2645	8	8	0	8	-11	0.00	16.47	4.63	FAST_RELIABLE	2026-05-15 09:48:36.073
481	1	1	0	16	-12	0.00	17.21	4	FAST_RELIABLE	2026-05-15 09:48:36.073
2522	16	20	0	13.9	-15.7	0.00	49.48	3.52	GOOD_DELIVERY	2026-05-15 09:48:36.073
2104	9	12	0	7.17	-15.17	0.00	13.64	4.83	FAST_RELIABLE	2026-05-15 09:48:36.073
1981	3	4	0	12.75	-12	0.00	24.41	4.25	FAST_RELIABLE	2026-05-15 09:48:36.073
1440	2	2	0	12	-13	0.00	11.03	3.5	GOOD_DELIVERY	2026-05-15 09:48:36.073
1334	166	174	12	12.05	-10.76	6.82	18.53	3.87	GOOD_DELIVERY	2026-05-15 09:48:36.073
1832	26	29	1	5.79	-13.07	3.45	14.55	4.07	FAST_RELIABLE	2026-05-15 09:48:36.073
338	9	9	1	19	-12.56	11.11	24.52	3.78	REGULAR	2026-05-15 09:48:36.073
89	4	4	0	5.25	-7	0.00	16.57	4.75	FAST_RELIABLE	2026-05-15 09:48:36.073
836	2	2	0	17.5	-19	0.00	52.38	5	FAST_RELIABLE	2026-05-15 09:48:36.073
1085	3	1	0	7	-48	0.00	16.35	2.33	GOOD_DELIVERY	2026-05-15 09:48:36.073
1583	3	5	0	8	-8.2	0.00	10.07	4.2	FAST_RELIABLE	2026-05-15 09:48:36.073
587	1	1	0	15	-20	0.00	58.04	5	FAST_RELIABLE	2026-05-15 09:48:36.073
1191	10	11	2	13.18	-11	18.18	14.15	3.91	REGULAR	2026-05-15 09:48:36.073
1228	7	0	0	NULL	NULL	0.00	14.56	2	GOOD_DELIVERY	2026-05-15 09:48:36.073
2353	3	2	0	15.5	-13	0.00	12.61	2.33	GOOD_DELIVERY	2026-05-15 09:48:36.073
2900	5	5	0	8.2	-16.4	0.00	27.07	4.2	FAST_RELIABLE	2026-05-15 09:48:36.073
195	3	3	1	15.33	-9.67	33.33	20.38	3.67	DELIVERY_RISK	2026-05-15 09:48:36.073
693	1	1	0	11	-8	0.00	19.04	4	FAST_RELIABLE	2026-05-15 09:48:36.073
730	2	2	0	9	-7.5	0.00	131.85	5	FAST_RELIABLE	2026-05-15 09:48:36.073
2210	31	34	1	6.82	-13.56	2.94	25.77	3.97	GOOD_DELIVERY	2026-05-15 09:48:36.073
2957	5	7	1	10.57	-6.43	14.29	10.65	2.86	REGULAR	2026-05-15 09:48:36.073
1961	8	8	0	10.88	-20	0.00	13.42	3.88	GOOD_DELIVERY	2026-05-15 09:48:36.073
3043	1	1	0	8	-28	0.00	17.35	5	FAST_RELIABLE	2026-05-15 09:48:36.073
2565	9	9	3	17.56	-5	33.33	18.35	3.89	DELIVERY_RISK	2026-05-15 09:48:36.073
979	13	14	0	14.71	-14.21	0.00	41.57	4.36	FAST_RELIABLE	2026-05-15 09:48:36.073
2602	4	3	0	12	-13	0.00	16.26	3.5	GOOD_DELIVERY	2026-05-15 09:48:36.073
942	1	2	0	12	-10	0.00	71.72	5	FAST_RELIABLE	2026-05-15 09:48:36.073
2024	1	1	0	5	-7	0.00	14.08	5	FAST_RELIABLE	2026-05-15 09:48:36.073
1918	13	14	0	8.86	-15.5	0.00	19.51	4.93	FAST_RELIABLE	2026-05-15 09:48:36.073
2416	8	9	0	10.22	-14.22	0.00	19.41	4.22	FAST_RELIABLE	2026-05-15 09:48:36.073
1669	5	5	0	7.2	-18.8	0.00	14.99	4.4	FAST_RELIABLE	2026-05-15 09:48:36.073
2167	4	8	0	4.38	-9	0.00	11.21	4.38	FAST_RELIABLE	2026-05-15 09:48:36.073
3	1	0	0	NULL	NULL	0.00	17.94	1	GOOD_DELIVERY	2026-05-15 09:48:36.073
252	1	0	0	NULL	NULL	0.00	10.96	1	GOOD_DELIVERY	2026-05-15 09:48:36.073
2310	116	114	6	12.41	-15.49	5.13	23.16	4.21	GOOD_DELIVERY	2026-05-15 09:48:36.073
1818	30	34	0	13.5	-11.5	0.00	24.80	3.83	GOOD_DELIVERY	2026-05-15 09:48:36.073
1775	43	57	9	11.81	-16.61	15.52	18.54	3.74	REGULAR	2026-05-15 09:48:36.073
152	159	173	11	10.29	-11.82	6.18	14.34	3.89	GOOD_DELIVERY	2026-05-15 09:48:36.073
1277	5	5	0	7.8	-12.2	0.00	27.63	4.2	FAST_RELIABLE	2026-05-15 09:48:36.073
2316	9	9	1	11.33	-11	11.11	20.83	4.78	REGULAR	2026-05-15 09:48:36.073
146	1	1	0	3	-15	0.00	10.96	5	FAST_RELIABLE	2026-05-15 09:48:36.073
1769	13	14	0	12.5	-9.86	0.00	19.80	2.93	GOOD_DELIVERY	2026-05-15 09:48:36.073
2459	74	81	19	19.96	-4.9	23.17	18.75	3.49	REGULAR	2026-05-15 09:48:36.073
544	4	4	0	15.75	-14.75	0.00	19.37	2.6	GOOD_DELIVERY	2026-05-15 09:48:36.073
1626	3	3	1	18	-3.33	33.33	13.56	5	DELIVERY_RISK	2026-05-15 09:48:36.073
1377	7	7	0	4.71	-6.71	0.00	12.70	4.14	FAST_RELIABLE	2026-05-15 09:48:36.073
2708	2	2	0	3.5	-3.5	0.00	7.44	4.5	FAST_RELIABLE	2026-05-15 09:48:36.073
1526	19	19	3	15.74	-5.42	15.79	19.09	4	REGULAR	2026-05-15 09:48:36.073
985	7	7	1	16.43	-9.71	14.29	28.42	3.57	REGULAR	2026-05-15 09:48:36.073
444	6	6	0	14.67	-8.83	0.00	14.29	2.43	GOOD_DELIVERY	2026-05-15 09:48:36.073
2067	2	1	0	9	-24	0.00	7.93	1.5	GOOD_DELIVERY	2026-05-15 09:48:36.073
2608	1	1	0	13	-23	0.00	18.73	4	FAST_RELIABLE	2026-05-15 09:48:36.073
1755	76	80	5	9.95	-10.74	6.10	13.22	4.21	GOOD_DELIVERY	2026-05-15 09:48:36.073
3083	2	2	0	10.5	-20.5	0.00	16.22	5	FAST_RELIABLE	2026-05-15 09:48:36.073
2087	5	12	0	13.92	-15.92	0.00	27.49	4	FAST_RELIABLE	2026-05-15 09:48:36.073
2751	2	2	1	21	-2.5	50.00	18.23	3	DELIVERY_RISK	2026-05-15 09:48:36.073
2419	2	3	0	8.67	-10.67	0.00	10.56	4.67	FAST_RELIABLE	2026-05-15 09:48:36.073
2064	128	130	6	12.42	-13.12	4.62	18.48	4.38	FAST_RELIABLE	2026-05-15 09:48:36.073
1400	37	43	0	7.84	-14.12	0.00	14.65	4.33	FAST_RELIABLE	2026-05-15 09:48:36.073
3060	34	34	1	8.85	-16.41	2.94	28.70	4.56	FAST_RELIABLE	2026-05-15 09:48:36.073
736	17	20	2	14	-10.5	10.00	22.01	4.35	GOOD_DELIVERY	2026-05-15 09:48:36.073
1732	13	11	0	17	-11.82	0.00	13.94	3.13	GOOD_DELIVERY	2026-05-15 09:48:36.073
189	22	25	1	9.84	-12.04	4.00	14.36	4.64	FAST_RELIABLE	2026-05-15 09:48:36.073
2728	8	20	0	8	-14.45	0.00	15.04	2.8	GOOD_DELIVERY	2026-05-15 09:48:36.073
2396	2	3	0	4.67	-8	0.00	11.34	3.67	GOOD_DELIVERY	2026-05-15 09:48:36.073
1068	1	0	0	NULL	NULL	0.00	35.45	3	GOOD_DELIVERY	2026-05-15 09:48:36.073
521	1	1	0	12	-14	0.00	18.45	3	GOOD_DELIVERY	2026-05-15 09:48:36.073
2774	28	27	3	12.04	-14.78	10.34	26.85	4.34	REGULAR	2026-05-15 09:48:36.073
2442	8	9	0	4.89	-11.67	0.00	21.56	4.67	FAST_RELIABLE	2026-05-15 09:48:36.073
1586	97	97	4	11.48	-16.06	4.04	27.26	4.25	FAST_RELIABLE	2026-05-15 09:48:36.073
335	33	37	4	13.97	-11.41	10.81	16.56	4.54	REGULAR	2026-05-15 09:48:36.073
2914	16	22	2	13.95	-10.18	9.09	13.09	4.36	GOOD_DELIVERY	2026-05-15 09:48:36.073
922	5	5	0	6	-12.6	0.00	43.00	4.4	FAST_RELIABLE	2026-05-15 09:48:36.073
2920	2	3	0	7	-13	0.00	86.02	2.33	GOOD_DELIVERY	2026-05-15 09:48:36.073
999	2	2	0	10	-11.5	0.00	7.65	5	FAST_RELIABLE	2026-05-15 09:48:36.073
2250	2	3	0	10.67	-38.33	0.00	31.23	2.33	GOOD_DELIVERY	2026-05-15 09:48:36.073
1609	13	17	0	9	-17.06	0.00	17.57	4.76	FAST_RELIABLE	2026-05-15 09:48:36.073
2273	3	3	2	22.67	0	66.67	14.48	2.33	DELIVERY_RISK	2026-05-15 09:48:36.073
2937	1	1	0	5	-21	0.00	24.00	5	FAST_RELIABLE	2026-05-15 09:48:36.073
1709	931	993	103	12.6	-9.97	10.24	13.91	3.98	REGULAR	2026-05-15 09:48:36.073
1540	1	1	0	7	-11	0.00	14.91	5	FAST_RELIABLE	2026-05-15 09:48:36.073
2373	1	1	0	22	-32	0.00	15.11	4	FAST_RELIABLE	2026-05-15 09:48:36.073
1045	39	41	3	13.66	-12.49	7.32	20.66	4.49	GOOD_DELIVERY	2026-05-15 09:48:36.073
876	5	5	0	5.8	-11	0.00	16.52	3.8	GOOD_DELIVERY	2026-05-15 09:48:36.073
381	1	1	0	8	-8	0.00	13.78	5	FAST_RELIABLE	2026-05-15 09:48:36.073
212	4	6	0	6.5	-13.5	0.00	25.14	3.83	GOOD_DELIVERY	2026-05-15 09:48:36.073
1563	97	101	7	12.7	-10.21	6.80	16.05	4.03	GOOD_DELIVERY	2026-05-15 09:48:36.073
235	7	13	2	12.85	-8.62	15.38	13.53	4.77	REGULAR	2026-05-15 09:48:36.073
358	21	26	6	19.46	-7.69	22.22	16.16	3.07	REGULAR	2026-05-15 09:48:36.073
1686	7	6	0	10.83	-14.5	0.00	17.23	2.57	GOOD_DELIVERY	2026-05-15 09:48:36.073
2227	3	3	0	21	-11.67	0.00	27.39	5	FAST_RELIABLE	2026-05-15 09:48:36.073
899	2	2	0	10.5	-47.5	0.00	16.33	5	FAST_RELIABLE	2026-05-15 09:48:36.073
1022	2	2	0	5	-16	0.00	15.55	3	GOOD_DELIVERY	2026-05-15 09:48:36.073
421	41	46	7	11.54	-10.39	15.22	18.14	4.3	REGULAR	2026-05-15 09:48:36.073
1749	64	62	6	12.19	-10.81	9.38	17.99	3.94	GOOD_DELIVERY	2026-05-15 09:48:36.073
1500	2	0	0	NULL	NULL	0.00	15.18	1	GOOD_DELIVERY	2026-05-15 09:48:36.073
1168	4	4	0	10.25	-14.25	0.00	25.09	4	FAST_RELIABLE	2026-05-15 09:48:36.073
172	3	3	0	6.67	-12.33	0.00	17.10	4.67	FAST_RELIABLE	2026-05-15 09:48:36.073
753	3	3	0	8	-20.67	0.00	17.11	5	FAST_RELIABLE	2026-05-15 09:48:36.073
3066	7	7	1	10.57	-10.43	14.29	37.51	4.43	REGULAR	2026-05-15 09:48:36.073
859	7	7	0	10.14	-21.43	0.00	21.15	4.43	FAST_RELIABLE	2026-05-15 09:48:36.073
1855	5	5	0	16.8	-19.4	0.00	19.87	4.8	FAST_RELIABLE	2026-05-15 09:48:36.073
2187	1	1	0	13	-6	0.00	18.70	5	FAST_RELIABLE	2026-05-15 09:48:36.073
66	1	1	0	11	-18	0.00	16.49	5	FAST_RELIABLE	2026-05-15 09:48:36.073
1062	2	2	0	6	-10.5	0.00	11.84	5	FAST_RELIABLE	2026-05-15 09:48:36.073
527	1	1	0	8	-8	0.00	19.74	5	FAST_RELIABLE	2026-05-15 09:48:36.073
1546	4	4	0	4.5	-6.5	0.00	10.74	4.25	FAST_RELIABLE	2026-05-15 09:48:36.073
1214	6	6	4	25.33	6.5	66.67	14.65	1.5	DELIVERY_RISK	2026-05-15 09:48:36.073
2379	8	5	0	11.8	-15.6	0.00	63.53	2.67	GOOD_DELIVERY	2026-05-15 09:48:36.073
2047	24	25	1	12.96	-11.72	4.00	22.43	3.88	GOOD_DELIVERY	2026-05-15 09:48:36.073
2628	54	58	3	7.41	-9.95	5.08	12.41	4.56	GOOD_DELIVERY	2026-05-15 09:48:36.073
2542	11	11	0	10.73	-17.82	0.00	17.65	4.18	FAST_RELIABLE	2026-05-15 09:48:36.073
375	2	6	0	7.83	-6.83	0.00	9.89	1.5	GOOD_DELIVERY	2026-05-15 09:48:36.073
2296	1	1	0	5	-22	0.00	22.36	5	FAST_RELIABLE	2026-05-15 09:48:36.073
2874	1	1	0	14	-7	0.00	15.24	3	GOOD_DELIVERY	2026-05-15 09:48:36.073
2688	163	177	16	10.65	-10.61	8.89	14.79	4.28	GOOD_DELIVERY	2026-05-15 09:48:36.073
2983	17	28	6	18.18	-9.79	21.43	17.68	3.82	REGULAR	2026-05-15 09:48:36.073
3020	2	2	0	6.5	-9	0.00	21.68	4.5	FAST_RELIABLE	2026-05-15 09:48:36.073
1692	2	2	0	10	-19.5	0.00	142.40	5	FAST_RELIABLE	2026-05-15 09:48:36.073
229	1	1	0	1	-13	0.00	7.78	4	FAST_RELIABLE	2026-05-15 09:48:36.073
1360	2	2	0	7	-21	0.00	15.73	5	FAST_RELIABLE	2026-05-15 09:48:36.073
2233	8	8	1	12.38	-5.25	12.50	13.98	4.25	REGULAR	2026-05-15 09:48:36.073
1901	1	0	0	NULL	NULL	0.00	14.11	1	GOOD_DELIVERY	2026-05-15 09:48:36.073
1254	151	155	11	11.32	-10.25	7.05	20.63	4.42	GOOD_DELIVERY	2026-05-15 09:48:36.073
2582	60	62	2	8.95	-11.47	3.23	14.63	4.44	FAST_RELIABLE	2026-05-15 09:48:36.073
2588	6	8	1	8.38	-14.13	11.11	18.23	2.67	REGULAR	2026-05-15 09:48:36.073
667	5	5	1	10.2	-5.6	20.00	10.25	4	REGULAR	2026-05-15 09:48:36.073
2333	2	2	0	5	-1	0.00	7.45	2.5	GOOD_DELIVERY	2026-05-15 09:48:36.073
1005	2	2	0	16	-9	0.00	19.32	4.5	FAST_RELIABLE	2026-05-15 09:48:36.073
916	1	1	0	14	-12	0.00	12.26	3	GOOD_DELIVERY	2026-05-15 09:48:36.073
2482	1701	1714	103	11.49	-13.05	5.82	14.46	4.05	GOOD_DELIVERY	2026-05-15 09:48:36.073
1603	69	108	1	13.77	-12.72	0.93	16.86	3.85	GOOD_DELIVERY	2026-05-15 09:48:36.073
275	11	11	1	18.91	-11.82	9.09	45.58	4.55	GOOD_DELIVERY	2026-05-15 09:48:36.073
318	3	3	0	8.33	-33	0.00	31.19	1.67	GOOD_DELIVERY	2026-05-15 09:48:36.073
1941	1	1	0	13	-6	0.00	16.81	5	FAST_RELIABLE	2026-05-15 09:48:36.073
1646	1	1	1	59	33	100.00	18.89	1	DELIVERY_RISK	2026-05-15 09:48:36.073
713	141	158	13	9.65	-9.44	8.13	11.40	3.71	GOOD_DELIVERY	2026-05-15 09:48:36.073
962	22	22	2	13.45	-11.91	9.09	18.86	4.41	GOOD_DELIVERY	2026-05-15 09:48:36.073
2290	6	12	0	8.08	-24.83	0.00	15.74	3.5	GOOD_DELIVERY	2026-05-15 09:48:36.073
2041	5	6	0	12.5	-22.33	0.00	18.48	3.83	GOOD_DELIVERY	2026-05-15 09:48:36.073
959	3	3	1	66.67	33	33.33	22.26	4	DELIVERY_RISK	2026-05-15 09:48:36.073
126	1	1	0	16	-4	0.00	16.68	5	FAST_RELIABLE	2026-05-15 09:48:36.073
1795	1	0	0	NULL	NULL	0.00	12.67	1	GOOD_DELIVERY	2026-05-15 09:48:36.073
1208	2	0	0	NULL	NULL	0.00	16.16	1	GOOD_DELIVERY	2026-05-15 09:48:36.073
26	233	240	14	11.03	-13.01	5.83	28.00	4.28	GOOD_DELIVERY	2026-05-15 09:48:36.073
1649	94	99	10	9.21	-11.95	9.80	14.66	4.02	GOOD_DELIVERY	2026-05-15 09:48:36.073
1354	31	31	7	14.48	-5.13	21.88	25.46	3.88	REGULAR	2026-05-15 09:48:36.073
2436	1	1	0	10	-31	0.00	15.68	1	GOOD_DELIVERY	2026-05-15 09:48:36.073
272	1	1	0	23	-4	0.00	22.45	5	FAST_RELIABLE	2026-05-15 09:48:36.073
1895	9	8	2	13	-5.13	22.22	16.65	4	REGULAR	2026-05-15 09:48:36.073
2977	3	1	1	29	1	33.33	89.43	3.67	DELIVERY_RISK	2026-05-15 09:48:36.073
1108	1	0	0	NULL	NULL	0.00	17.92	1	GOOD_DELIVERY	2026-05-15 09:48:36.073
567	2	2	0	10.5	-6.5	0.00	15.02	4.5	FAST_RELIABLE	2026-05-15 09:48:36.073
813	1	1	0	27	-1	0.00	42.38	5	FAST_RELIABLE	2026-05-15 09:48:36.073
2834	30	32	1	8.78	-15.03	3.13	27.77	3.59	GOOD_DELIVERY	2026-05-15 09:48:36.073
2170	19	20	2	4.9	-7	9.52	13.92	4.62	GOOD_DELIVERY	2026-05-15 09:48:36.073
2668	41	43	3	13.65	-9.4	5.88	12.24	3.15	GOOD_DELIVERY	2026-05-15 09:48:36.073
1672	1	1	0	12	-24	0.00	33.08	4	FAST_RELIABLE	2026-05-15 09:48:36.073
2525	20	24	5	7.71	-6.88	20.83	12.37	4.13	REGULAR	2026-05-15 09:48:36.073
2691	10	11	1	11.27	-19.09	8.33	17.62	3.75	GOOD_DELIVERY	2026-05-15 09:48:36.073
3023	1	0	0	NULL	NULL	0.00	19.65	1	GOOD_DELIVERY	2026-05-15 09:48:36.073
796	101	128	13	7.86	-7.15	10.08	9.88	4.28	REGULAR	2026-05-15 09:48:36.073
1460	6	10	2	15.3	-7.1	20.00	22.19	4.8	REGULAR	2026-05-15 09:48:36.073
2456	6	8	0	4.25	-8.63	0.00	8.85	4	FAST_RELIABLE	2026-05-15 09:48:36.073
3046	1	4	0	14	-9	0.00	17.63	1	GOOD_DELIVERY	2026-05-15 09:48:36.073
129	2	0	0	NULL	NULL	0.00	53.93	1	GOOD_DELIVERY	2026-05-15 09:48:36.073
1125	1	1	0	16	-9	0.00	10.96	3	GOOD_DELIVERY	2026-05-15 09:48:36.073
1792	1	1	0	16	-8	0.00	14.52	3	GOOD_DELIVERY	2026-05-15 09:48:36.073
461	1	1	0	5	-14	0.00	15.29	5	FAST_RELIABLE	2026-05-15 09:48:36.073
819	41	41	3	11.37	-12.29	7.32	13.60	4.56	GOOD_DELIVERY	2026-05-15 09:48:36.073
106	6	8	0	10.13	-15.25	0.00	16.32	3.63	GOOD_DELIVERY	2026-05-15 09:48:36.073
1815	3	3	0	14	-13.67	0.00	20.51	3.67	GOOD_DELIVERY	2026-05-15 09:48:36.073
1151	1	1	0	17	-6	0.00	19.33	5	FAST_RELIABLE	2026-05-15 09:48:36.073
2811	8	8	1	9.25	-10.38	12.50	19.45	4.25	REGULAR	2026-05-15 09:48:36.073
770	2	0	0	NULL	NULL	0.00	124.76	1	GOOD_DELIVERY	2026-05-15 09:48:36.073
1835	92	97	0	12.33	-15.41	0.00	18.24	4.24	FAST_RELIABLE	2026-05-15 09:48:36.073
2499	29	30	3	8.27	-13.63	10.00	18.56	4.5	GOOD_DELIVERY	2026-05-15 09:48:36.073
1337	19	23	2	19.26	-9.43	8.70	15.89	4.26	GOOD_DELIVERY	2026-05-15 09:48:36.073
2001	19	19	5	14.16	-7	26.32	30.87	4.05	REGULAR	2026-05-15 09:48:36.073
584	11	11	1	11.64	-12.36	9.09	77.35	4	GOOD_DELIVERY	2026-05-15 09:48:36.073
86	8	9	0	10.11	-25.33	0.00	20.19	4.11	FAST_RELIABLE	2026-05-15 09:48:36.073
2150	9	11	0	6.09	-13	0.00	13.92	5	FAST_RELIABLE	2026-05-15 09:48:36.073
2648	9	9	1	9.11	-17.67	11.11	34.21	3.22	REGULAR	2026-05-15 09:48:36.073
484	4	2	0	14	-11	0.00	17.42	3.75	GOOD_DELIVERY	2026-05-15 09:48:36.073
1437	5	6	0	3.83	-7.67	0.00	12.67	5	FAST_RELIABLE	2026-05-15 09:48:36.073
1978	2	0	0	NULL	NULL	0.00	13.58	1	GOOD_DELIVERY	2026-05-15 09:48:36.073
1984	3	3	0	12	-20.67	0.00	26.55	4.67	FAST_RELIABLE	2026-05-15 09:48:36.073
2791	4	5	0	4.8	-26	0.00	20.03	5	FAST_RELIABLE	2026-05-15 09:48:36.073
2127	83	105	12	15.63	-10.47	10.81	20.05	3.46	REGULAR	2026-05-15 09:48:36.073
627	3	3	0	9	-8.33	0.00	15.20	5	FAST_RELIABLE	2026-05-15 09:48:36.073
1294	2	4	0	11.5	-7	0.00	13.75	3.5	GOOD_DELIVERY	2026-05-15 09:48:36.073
1958	4	4	1	9.5	-6.5	25.00	18.58	4.5	REGULAR	2026-05-15 09:48:36.073
2768	118	121	11	12.34	-10.36	9.02	15.26	3.91	GOOD_DELIVERY	2026-05-15 09:48:36.073
63	4	4	0	9.5	-11.5	0.00	54.17	5	FAST_RELIABLE	2026-05-15 09:48:36.073
1317	2	2	0	16.5	-10	0.00	66.44	2	GOOD_DELIVERY	2026-05-15 09:48:36.073
604	9	20	0	6.05	-15	0.00	13.27	4.95	FAST_RELIABLE	2026-05-15 09:48:36.073
1858	4	4	0	4.25	-7	0.00	14.06	4.75	FAST_RELIABLE	2026-05-15 09:48:36.073
1145	7	6	1	30.33	2.83	14.29	56.18	3.86	REGULAR	2026-05-15 09:48:36.073
776	2	2	0	6.5	-13.5	0.00	19.60	5	FAST_RELIABLE	2026-05-15 09:48:36.073
1194	2	2	0	14	-11.5	0.00	15.11	3	GOOD_DELIVERY	2026-05-15 09:48:36.073
504	10	10	2	10.5	-8.9	20.00	13.41	3	REGULAR	2026-05-15 09:48:36.073
6	157	167	13	14.42	-11.93	7.69	20.88	4.08	GOOD_DELIVERY	2026-05-15 09:48:36.073
1915	91	92	4	8.35	-11.49	4.30	15.39	4.44	FAST_RELIABLE	2026-05-15 09:48:36.073
1417	3	3	0	10	-22	0.00	23.03	3.67	GOOD_DELIVERY	2026-05-15 09:48:36.073
1666	3	1	0	52	-3	0.00	13.93	0.67	GOOD_DELIVERY	2026-05-15 09:48:36.073
255	7	7	2	18.43	-6.43	25.00	19.81	4.38	REGULAR	2026-05-15 09:48:36.073
1025	471	509	27	12.03	-13.39	5.20	18.98	4.02	GOOD_DELIVERY	2026-05-15 09:48:36.073
398	153	187	21	15.37	-10.92	10.99	17.92	3.74	REGULAR	2026-05-15 09:48:36.073
1523	11	14	1	13.29	-13.21	7.14	14.50	3.5	GOOD_DELIVERY	2026-05-15 09:48:36.073
896	11	11	1	10.64	-11.73	9.09	18.63	4.36	GOOD_DELIVERY	2026-05-15 09:48:36.073
2021	1	1	0	8	-10	0.00	23.74	5	FAST_RELIABLE	2026-05-15 09:48:36.073
2519	3	4	0	4	-7.5	0.00	8.39	4.75	FAST_RELIABLE	2026-05-15 09:48:36.073
292	31	34	1	5.97	-13.41	2.94	14.83	4.68	FAST_RELIABLE	2026-05-15 09:48:36.073
2960	83	87	10	10.01	-9.16	10.99	19.21	3.46	REGULAR	2026-05-15 09:48:36.073
2711	26	27	5	18.44	-10.85	17.86	18.32	3.39	REGULAR	2026-05-15 09:48:36.073
43	5	5	1	14.4	-12.2	20.00	69.68	4	REGULAR	2026-05-15 09:48:36.073
1629	12	12	1	17.25	-7.58	8.33	22.92	4.08	GOOD_DELIVERY	2026-05-15 09:48:36.073
1964	9	9	1	4.44	-6.11	11.11	11.10	4.44	REGULAR	2026-05-15 09:48:36.073
1878	1	0	0	NULL	NULL	0.00	26.09	1	GOOD_DELIVERY	2026-05-15 09:48:36.073
647	227	238	24	15	-8.07	10.04	14.33	4.05	REGULAR	2026-05-15 09:48:36.073
1274	73	83	7	10.17	-9.6	8.43	17.84	4.12	GOOD_DELIVERY	2026-05-15 09:48:36.073
2270	7	13	1	9.85	-11.15	6.25	13.88	3.75	GOOD_DELIVERY	2026-05-15 09:48:36.073
2897	5	5	0	12	-9.4	0.00	19.93	4.4	FAST_RELIABLE	2026-05-15 09:48:36.073
2356	2	2	0	10	-33.5	0.00	18.30	5	FAST_RELIABLE	2026-05-15 09:48:36.073
2997	68	71	6	10.97	-9.11	8.33	15.15	3.71	GOOD_DELIVERY	2026-05-15 09:48:36.073
3003	89	97	12	11.54	-8.13	12.12	12.11	4.2	REGULAR	2026-05-15 09:48:36.073
1088	36	37	1	7.54	-13.95	2.70	23.36	4.59	FAST_RELIABLE	2026-05-15 09:48:36.073
590	2	3	2	25	3	66.67	14.66	1	DELIVERY_RISK	2026-05-15 09:48:36.073
2505	1	1	0	19	-11	0.00	14.52	3	GOOD_DELIVERY	2026-05-15 09:48:36.073
2754	11	11	3	12.55	-7.27	25.00	22.94	3.67	REGULAR	2026-05-15 09:48:36.073
839	4	4	0	14.25	-10.5	0.00	20.28	4.5	FAST_RELIABLE	2026-05-15 09:48:36.073
833	2	1	0	13	-2	0.00	15.59	2.5	GOOD_DELIVERY	2026-05-15 09:48:36.073
441	5	3	0	3	-10	0.00	27.71	3	GOOD_DELIVERY	2026-05-15 09:48:36.073
1480	21	22	2	13.23	-9.14	8.33	26.24	3.6	GOOD_DELIVERY	2026-05-15 09:48:36.073
2605	4	4	1	4.75	-12.25	25.00	15.60	2.75	REGULAR	2026-05-15 09:48:36.073
982	1	1	1	35	7	100.00	31.93	1	DELIVERY_RISK	2026-05-15 09:48:36.073
939	2	1	0	4	-14	0.00	13.62	0.8	GOOD_DELIVERY	2026-05-15 09:48:36.073
2462	26	32	5	12.09	-14.66	15.63	22.16	4.41	REGULAR	2026-05-15 09:48:36.073
2213	9	9	0	9.89	-22.22	0.00	27.11	4.44	FAST_RELIABLE	2026-05-15 09:48:36.073
49	85	87	3	8.74	-13.46	3.33	13.42	4.48	FAST_RELIABLE	2026-05-15 09:48:36.073
1131	3	4	0	3.5	-21.25	0.00	11.82	4.25	FAST_RELIABLE	2026-05-15 09:48:36.073
298	2	0	0	NULL	NULL	0.00	22.88	1	GOOD_DELIVERY	2026-05-15 09:48:36.073
1380	2	1	0	7	-17	0.00	16.38	2.5	GOOD_DELIVERY	2026-05-15 09:48:36.073
1772	88	86	12	12.37	-8.59	13.64	26.91	4.05	REGULAR	2026-05-15 09:48:36.073
2313	192	195	13	9.69	-11.43	6.60	23.64	4.41	GOOD_DELIVERY	2026-05-15 09:48:36.073
149	135	143	1	10.19	-15.22	0.69	20.04	4.21	FAST_RELIABLE	2026-05-15 09:48:36.073
690	1	1	0	6	-41	0.00	17.78	1	GOOD_DELIVERY	2026-05-15 09:48:36.073
2854	3	3	1	40.33	12.67	33.33	16.12	2.67	DELIVERY_RISK	2026-05-15 09:48:36.073
1231	1	1	0	12	-15	0.00	24.55	4	FAST_RELIABLE	2026-05-15 09:48:36.073
1257	37	41	1	10.29	-14.44	2.38	17.33	3.43	GOOD_DELIVERY	2026-05-15 09:48:36.073
593	1	1	0	14	-20	0.00	19.28	5	FAST_RELIABLE	2026-05-15 09:48:36.073
261	11	16	1	6.94	-8.31	6.25	25.29	4.31	GOOD_DELIVERY	2026-05-15 09:48:36.073
925	2	0	0	NULL	NULL	0.00	24.72	2	GOOD_DELIVERY	2026-05-15 09:48:36.073
238	18	22	0	7.18	-10.82	0.00	11.68	3.96	GOOD_DELIVERY	2026-05-15 09:48:36.073
570	10	9	0	15.33	-18	0.00	62.21	4.7	FAST_RELIABLE	2026-05-15 09:48:36.073
1472	24	24	3	10.88	-11	12.50	15.80	4.42	REGULAR	2026-05-15 09:48:36.073
2468	49	49	3	13.78	-13.35	5.88	16.37	4.16	GOOD_DELIVERY	2026-05-15 09:48:36.073
2136	39	37	0	10	-16.89	0.00	20.12	4.25	FAST_RELIABLE	2026-05-15 09:48:36.073
2800	2	3	0	18.67	-8.33	0.00	29.13	4.67	FAST_RELIABLE	2026-05-15 09:48:36.073
1804	3	4	0	10	-48	0.00	23.76	4.75	FAST_RELIABLE	2026-05-15 09:48:36.073
2823	216	260	33	14.45	-14.01	12.27	17.43	3.94	REGULAR	2026-05-15 09:48:36.073
2491	63	64	3	15.36	-13.83	4.55	17.69	4.44	FAST_RELIABLE	2026-05-15 09:48:36.073
2159	1	1	0	5	-8	0.00	7.88	4	FAST_RELIABLE	2026-05-15 09:48:36.073
1094	9	11	3	14.18	-8.55	27.27	15.19	4.73	REGULAR	2026-05-15 09:48:36.073
1758	15	16	1	13.88	-12.06	6.25	23.60	3.81	GOOD_DELIVERY	2026-05-15 09:48:36.073
2345	13	18	0	13.5	-11.94	0.00	44.83	2.72	GOOD_DELIVERY	2026-05-15 09:48:36.073
92	4	6	0	7.83	-9.83	0.00	11.74	4.67	FAST_RELIABLE	2026-05-15 09:48:36.073
2422	2	2	1	8	-1.5	50.00	21.64	4.5	DELIVERY_RISK	2026-05-15 09:48:36.073
430	3	3	0	6	-19.67	0.00	13.01	3.67	GOOD_DELIVERY	2026-05-15 09:48:36.073
3009	1	1	0	7	-20	0.00	19.46	5	FAST_RELIABLE	2026-05-15 09:48:36.073
2322	1	1	0	8	-17	0.00	18.98	5	FAST_RELIABLE	2026-05-15 09:48:36.073
2986	31	32	0	9.91	-18.19	0.00	26.30	4.44	FAST_RELIABLE	2026-05-15 09:48:36.073
115	17	20	3	14.9	-11.4	14.29	15.30	4.24	REGULAR	2026-05-15 09:48:36.073
1658	3	3	1	32.67	4.67	33.33	55.45	3.67	DELIVERY_RISK	2026-05-15 09:48:36.073
1781	5	7	0	5.29	-9	0.00	24.85	4	FAST_RELIABLE	2026-05-15 09:48:36.073
779	21	22	1	10.32	-9.86	4.55	23.23	4.27	FAST_RELIABLE	2026-05-15 09:48:36.073
1117	7	9	3	19.89	-4.11	33.33	27.34	2.56	DELIVERY_RISK	2026-05-15 09:48:36.073
2445	1	1	0	11	-28	0.00	6.66	1	GOOD_DELIVERY	2026-05-15 09:48:36.073
2963	20	18	1	16.61	-13.56	5.00	18.46	3.7	GOOD_DELIVERY	2026-05-15 09:48:36.073
802	20	20	1	14.2	-13.75	4.76	27.92	3.81	GOOD_DELIVERY	2026-05-15 09:48:36.073
1635	32	30	5	13.33	-7.37	14.71	17.09	3.35	REGULAR	2026-05-15 09:48:36.073
138	25	24	2	13.46	-10.38	8.00	15.53	3.88	GOOD_DELIVERY	2026-05-15 09:48:36.073
2299	64	68	16	13.47	-9.66	23.53	13.79	3.94	REGULAR	2026-05-15 09:48:36.073
971	2	4	0	10	-17	0.00	19.82	2	GOOD_DELIVERY	2026-05-15 09:48:36.073
384	2	2	0	8.5	-13.5	0.00	57.25	4.5	FAST_RELIABLE	2026-05-15 09:48:36.073
1466	1	1	0	12	-7	0.00	8.72	5	FAST_RELIABLE	2026-05-15 09:48:36.073
948	415	441	48	14.62	-12.98	10.69	16.02	3.85	REGULAR	2026-05-15 09:48:36.073
1489	22	27	4	9.85	-10.78	14.81	23.03	4.44	REGULAR	2026-05-15 09:48:36.073
161	21	23	1	8.48	-12.17	4.35	14.48	4.65	FAST_RELIABLE	2026-05-15 09:48:36.073
2153	33	31	2	16.74	-11.1	5.71	17.35	3.69	GOOD_DELIVERY	2026-05-15 09:48:36.073
284	5	10	1	16.3	-6.4	10.00	21.00	4.7	GOOD_DELIVERY	2026-05-15 09:48:36.073
1071	7	7	2	19.86	-9.86	28.57	15.69	4.43	REGULAR	2026-05-15 09:48:36.073
407	14	13	0	11	-13.23	0.00	39.63	4.33	FAST_RELIABLE	2026-05-15 09:48:36.073
825	2	3	0	5.67	-20	0.00	21.30	5	FAST_RELIABLE	2026-05-15 09:48:36.073
1612	5	5	1	18.6	-8.8	20.00	18.97	3.8	REGULAR	2026-05-15 09:48:36.073
2923	2	2	0	10.5	-8	0.00	11.27	4.5	FAST_RELIABLE	2026-05-15 09:48:36.073
1263	8	8	1	13.25	-11.38	12.50	19.39	4.5	REGULAR	2026-05-15 09:48:36.073
1595	8	8	0	11.13	-10.75	0.00	28.78	4.5	FAST_RELIABLE	2026-05-15 09:48:36.073
2591	1	1	0	3	-4	0.00	7.60	5	FAST_RELIABLE	2026-05-15 09:48:36.073
1844	2	2	0	15	-16.5	0.00	35.84	3	GOOD_DELIVERY	2026-05-15 09:48:36.073
1512	1	1	0	6	-17	0.00	10.96	5	FAST_RELIABLE	2026-05-15 09:48:36.073
2840	1	1	0	2	-8	0.00	11.11	5	FAST_RELIABLE	2026-05-15 09:48:36.073
2531	76	95	0	8.35	-14.46	0.00	12.69	4.12	FAST_RELIABLE	2026-05-15 09:48:36.073
1904	2	2	0	7	-8	0.00	21.91	4.5	FAST_RELIABLE	2026-05-15 09:48:36.073
576	18	16	0	14.06	-26.06	0.00	17.34	3.65	GOOD_DELIVERY	2026-05-15 09:48:36.073
29	1	3	0	16	-15	0.00	15.79	5	FAST_RELIABLE	2026-05-15 09:48:36.073
2199	5	5	0	7.4	-11.2	0.00	11.28	4.8	FAST_RELIABLE	2026-05-15 09:48:36.073
2236	2	2	0	8.5	-11.5	0.00	21.73	5	FAST_RELIABLE	2026-05-15 09:48:36.073
908	5	5	0	8.8	-16.4	0.00	16.32	4.8	FAST_RELIABLE	2026-05-15 09:48:36.073
2969	2	0	0	NULL	NULL	0.00	82.02	2	GOOD_DELIVERY	2026-05-15 09:48:36.073
2637	4	5	0	9.2	-7.6	0.00	10.96	4.8	FAST_RELIABLE	2026-05-15 09:48:36.073
2886	4	4	0	9.75	-18	0.00	13.69	4.5	FAST_RELIABLE	2026-05-15 09:48:36.073
2282	12	13	1	11.92	-12.08	7.69	14.50	3.85	GOOD_DELIVERY	2026-05-15 09:48:36.073
3032	9	10	0	7.4	-10.1	0.00	21.21	4.7	FAST_RELIABLE	2026-05-15 09:48:36.073
1950	1	1	0	9	-23	0.00	16.11	3	GOOD_DELIVERY	2026-05-15 09:48:36.073
2090	41	44	3	14.77	-11.52	6.82	19.92	3.93	GOOD_DELIVERY	2026-05-15 09:48:36.073
2677	35	37	6	18.73	-9.49	16.22	17.82	3.81	REGULAR	2026-05-15 09:48:36.073
175	15	15	0	5.87	-14.8	0.00	12.99	4.4	FAST_RELIABLE	2026-05-15 09:48:36.073
1011	1	1	0	13	-9	0.00	12.99	5	FAST_RELIABLE	2026-05-15 09:48:36.073
762	2	0	0	NULL	NULL	0.00	8.45	2	GOOD_DELIVERY	2026-05-15 09:48:36.073
2096	3	2	0	20.5	-11.5	0.00	22.52	3	GOOD_DELIVERY	2026-05-15 09:48:36.073
2339	1	1	0	3	-9	0.00	7.39	1	GOOD_DELIVERY	2026-05-15 09:48:36.073
1990	2	2	0	13.5	-6.5	0.00	16.03	5	FAST_RELIABLE	2026-05-15 09:48:36.073
1449	62	67	10	16.13	-16.84	13.89	19.88	3.82	REGULAR	2026-05-15 09:48:36.073
1111	7	8	3	23.13	1.75	37.50	15.28	2.75	DELIVERY_RISK	2026-05-15 09:48:36.073
324	9	9	0	12.67	-20.11	0.00	23.91	4.89	FAST_RELIABLE	2026-05-15 09:48:36.073
1652	16	16	3	20.06	-11.88	18.75	20.30	3	REGULAR	2026-05-15 09:48:36.073
2777	8	10	0	6.7	-24.2	0.00	16.86	4.45	FAST_RELIABLE	2026-05-15 09:48:36.073
2783	1	2	0	25	-2	0.00	21.61	4	FAST_RELIABLE	2026-05-15 09:48:36.073
716	5	5	0	6.2	-16	0.00	16.25	4.8	FAST_RELIABLE	2026-05-15 09:48:36.073
221	74	85	8	11.71	-11.18	9.41	17.86	3.94	GOOD_DELIVERY	2026-05-15 09:48:36.073
470	32	32	3	13.22	-10.72	9.38	21.76	3.84	GOOD_DELIVERY	2026-05-15 09:48:36.073
1303	36	42	4	12.79	-9.95	9.30	17.61	3.86	GOOD_DELIVERY	2026-05-15 09:48:36.073
1798	8	13	0	6.69	-12.23	0.00	12.74	2.77	GOOD_DELIVERY	2026-05-15 09:48:36.073
1549	4	4	0	5.5	-9.25	0.00	10.95	3.75	GOOD_DELIVERY	2026-05-15 09:48:36.073
2631	1	1	0	21	-11	0.00	37.55	5	FAST_RELIABLE	2026-05-15 09:48:36.073
2385	1	2	0	7	-5	0.00	141.58	5	FAST_RELIABLE	2026-05-15 09:48:36.073
1698	82	91	6	7.99	-12.18	6.59	18.12	4.26	GOOD_DELIVERY	2026-05-15 09:48:36.073
1157	5	6	0	4.17	-5.83	0.00	11.04	4.5	FAST_RELIABLE	2026-05-15 09:48:36.073
1944	3	3	0	8	-15	0.00	126.50	4.67	FAST_RELIABLE	2026-05-15 09:48:36.073
75	2	2	0	5.5	-9.5	0.00	11.93	5	FAST_RELIABLE	2026-05-15 09:48:36.073
1403	1	1	0	16	-7	0.00	14.55	5	FAST_RELIABLE	2026-05-15 09:48:36.073
3026	7	7	1	11.57	-14.57	14.29	23.49	4.14	REGULAR	2026-05-15 09:48:36.073
2485	2	2	0	14	-17	0.00	44.32	4	FAST_RELIABLE	2026-05-15 09:48:36.073
616	5	5	0	11.4	-19.8	0.00	76.18	4.4	FAST_RELIABLE	2026-05-15 09:48:36.073
862	1	3	0	11	-20	0.00	15.10	5	FAST_RELIABLE	2026-05-15 09:48:36.073
2929	8	8	2	17.75	1.63	25.00	16.86	4	REGULAR	2026-05-15 09:48:36.073
842	1	1	0	7	-9	0.00	17.55	5	FAST_RELIABLE	2026-05-15 09:48:36.073
1340	1	1	0	12	-20	0.00	21.33	4	FAST_RELIABLE	2026-05-15 09:48:36.073
344	2	2	0	7.5	-20.5	0.00	17.35	3.5	GOOD_DELIVERY	2026-05-15 09:48:36.073
1695	132	169	10	9.09	-14.2	5.56	13.13	3.73	GOOD_DELIVERY	2026-05-15 09:48:36.073
1363	3	3	0	8.67	-9	0.00	308.34	4.33	FAST_RELIABLE	2026-05-15 09:48:36.073
1861	12	12	1	7.58	-14	8.33	19.84	4.75	GOOD_DELIVERY	2026-05-15 09:48:36.073
201	38	47	2	12.15	-15.53	4.26	14.34	4.3	FAST_RELIABLE	2026-05-15 09:48:36.073
865	11	9	0	11.78	-15.11	0.00	20.31	2.64	GOOD_DELIVERY	2026-05-15 09:48:36.073
699	1	1	0	9	-17	0.00	20.09	5	FAST_RELIABLE	2026-05-15 09:48:36.073
1197	1	1	0	12	-7	0.00	17.69	1	GOOD_DELIVERY	2026-05-15 09:48:36.073
2408	1	1	0	21	-4	0.00	17.66	5	FAST_RELIABLE	2026-05-15 09:48:36.073
2906	1	1	0	24	-11	0.00	17.19	4	FAST_RELIABLE	2026-05-15 09:48:36.073
1054	170	181	13	11.25	-11.99	7.07	17.94	3.79	GOOD_DELIVERY	2026-05-15 09:48:36.073
2551	17	21	1	8.81	-16.71	4.76	34.03	4.52	FAST_RELIABLE	2026-05-15 09:48:36.073
1718	9	8	0	6.13	-11.5	0.00	15.04	3.89	GOOD_DELIVERY	2026-05-15 09:48:36.073
1887	2	0	0	NULL	NULL	0.00	15.10	2.5	GOOD_DELIVERY	2026-05-15 09:48:36.073
1555	5	5	0	7.6	-13.6	0.00	26.87	4.2	FAST_RELIABLE	2026-05-15 09:48:36.073
722	8	8	0	8.5	-13.38	0.00	16.33	4.75	FAST_RELIABLE	2026-05-15 09:48:36.073
2714	1	1	0	9	-18	0.00	19.96	5	FAST_RELIABLE	2026-05-15 09:48:36.073
2073	44	50	2	13.72	-16.66	3.92	24.85	4.24	FAST_RELIABLE	2026-05-15 09:48:36.073
2528	17	17	1	8.29	-12.53	5.88	13.27	4.53	GOOD_DELIVERY	2026-05-15 09:48:36.073
2737	3	1	0	19	-6	0.00	72.26	2.67	GOOD_DELIVERY	2026-05-15 09:48:36.073
3069	11	10	1	12.3	-15.9	9.09	21.73	4	GOOD_DELIVERY	2026-05-15 09:48:36.073
2196	14	14	1	11	-9	7.14	16.14	4.36	GOOD_DELIVERY	2026-05-15 09:48:36.073
1532	1	2	2	16	8	100.00	8.82	3	DELIVERY_RISK	2026-05-15 09:48:36.073
487	2	2	0	7	-13	0.00	17.81	5	FAST_RELIABLE	2026-05-15 09:48:36.073
181	4	4	1	14.25	-10	25.00	27.89	3.75	REGULAR	2026-05-15 09:48:36.073
2594	15	15	0	8.8	-11.33	0.00	25.09	4.6	FAST_RELIABLE	2026-05-15 09:48:36.073
2428	30	33	4	16.64	-9.48	12.12	17.85	3.76	REGULAR	2026-05-15 09:48:36.073
3092	17	19	0	10.26	-11.79	0.00	36.84	4.42	FAST_RELIABLE	2026-05-15 09:48:36.073
2173	3	3	1	3.33	-2.33	33.33	13.93	5	DELIVERY_RISK	2026-05-15 09:48:36.073
9	1	1	0	7	-22	0.00	51.10	5	FAST_RELIABLE	2026-05-15 09:48:36.073
15	3	3	0	6	-9.33	0.00	15.74	5	FAST_RELIABLE	2026-05-15 09:48:36.073
679	1	1	0	7	-18	0.00	15.47	5	FAST_RELIABLE	2026-05-15 09:48:36.073
1930	1	1	0	8	-14	0.00	14.52	4	FAST_RELIABLE	2026-05-15 09:48:36.073
158	182	218	11	12.63	-12.42	5.00	18.67	4	GOOD_DELIVERY	2026-05-15 09:48:36.073
656	9	10	0	21.5	-14.6	0.00	32.04	3.64	GOOD_DELIVERY	2026-05-15 09:48:36.073
1320	4	5	0	7.6	-7.6	0.00	17.98	5	FAST_RELIABLE	2026-05-15 09:48:36.073
822	1	2	0	12	-14	0.00	15.10	2	GOOD_DELIVERY	2026-05-15 09:48:36.073
556	2	2	0	9.5	-19	0.00	12.07	1.5	GOOD_DELIVERY	2026-05-15 09:48:36.073
2053	3	4	0	6.75	-9	0.00	9.07	4.5	FAST_RELIABLE	2026-05-15 09:48:36.073
799	23	23	0	9.22	-11.04	0.00	13.13	4.65	FAST_RELIABLE	2026-05-15 09:48:36.073
2720	1	0	0	NULL	NULL	0.00	26.61	1	GOOD_DELIVERY	2026-05-15 09:48:36.073
1881	5	5	0	9	-15.2	0.00	24.43	4.4	FAST_RELIABLE	2026-05-15 09:48:36.073
1220	5	7	0	16.57	-18.86	0.00	14.69	4.43	FAST_RELIABLE	2026-05-15 09:48:36.073
1389	1	1	0	7	-2	0.00	17.16	4	FAST_RELIABLE	2026-05-15 09:48:36.073
530	6	7	0	8.29	-13	0.00	23.54	4.57	FAST_RELIABLE	2026-05-15 09:48:36.073
2571	1	1	0	19	-35	0.00	14.39	3	GOOD_DELIVERY	2026-05-15 09:48:36.073
2694	2	2	0	5.5	-5	0.00	10.82	4.5	FAST_RELIABLE	2026-05-15 09:48:36.073
2030	2	4	0	18.5	-8.5	0.00	77.85	5	FAST_RELIABLE	2026-05-15 09:48:36.073
3006	655	702	42	9.95	-11.65	5.90	17.31	4.2	GOOD_DELIVERY	2026-05-15 09:48:36.073
848	3	3	0	14	-13.67	0.00	16.03	4.67	FAST_RELIABLE	2026-05-15 09:48:36.073
2259	12	16	2	8.5	-7.63	12.50	12.63	4.81	REGULAR	2026-05-15 09:48:36.073
2010	1	1	0	29	-6	0.00	20.76	3	GOOD_DELIVERY	2026-05-15 09:48:36.073
2508	15	22	1	7.59	-12.45	4.17	11.46	4.67	FAST_RELIABLE	2026-05-15 09:48:36.073
1761	1	1	0	8	-11	0.00	38.52	5	FAST_RELIABLE	2026-05-15 09:48:36.073
2757	2	2	0	6.5	-10	0.00	14.17	4.5	FAST_RELIABLE	2026-05-15 09:48:36.073
1867	36	36	3	16.72	-12.25	8.33	30.56	3.72	GOOD_DELIVERY	2026-05-15 09:48:36.073
2863	15	16	4	35.13	-13.63	21.05	13.83	2.21	REGULAR	2026-05-15 09:48:36.073
2365	12	12	1	10.92	-9.5	8.33	22.44	4.25	GOOD_DELIVERY	2026-05-15 09:48:36.073
2402	10	15	1	13.6	-10.8	6.67	26.25	2.6	GOOD_DELIVERY	2026-05-15 09:48:36.073
742	1	1	0	4	-9	0.00	9.11	5	FAST_RELIABLE	2026-05-15 09:48:36.073
244	2	2	0	14	-12.5	0.00	43.03	2.5	GOOD_DELIVERY	2026-05-15 09:48:36.073
1240	1	0	0	NULL	NULL	0.00	10.96	1	GOOD_DELIVERY	2026-05-15 09:48:36.073
301	25	25	3	14.56	-10.8	12.00	19.67	3.88	REGULAR	2026-05-15 09:48:36.073
636	2	2	0	9	-14	0.00	23.78	4.5	FAST_RELIABLE	2026-05-15 09:48:36.073
550	1	1	0	11	-10	0.00	17.93	2	GOOD_DELIVERY	2026-05-15 09:48:36.073
1632	1	0	0	NULL	NULL	0.00	10.96	1	GOOD_DELIVERY	2026-05-15 09:48:36.073
1383	1	2	0	7	-22	0.00	18.94	5	FAST_RELIABLE	2026-05-15 09:48:36.073
387	1	0	0	NULL	NULL	0.00	38.14	2	GOOD_DELIVERY	2026-05-15 09:48:36.073
2651	136	144	5	10.6	-15.77	3.45	14.27	4.12	FAST_RELIABLE	2026-05-15 09:48:36.073
1028	5	5	0	17	-8.6	0.00	165.91	3.2	GOOD_DELIVERY	2026-05-15 09:48:36.073
1618	3	3	0	4	-14.67	0.00	14.16	5	FAST_RELIABLE	2026-05-15 09:48:36.073
991	5	5	1	10.4	-6	20.00	16.44	4.8	REGULAR	2026-05-15 09:48:36.073
2700	1	1	1	190	167	100.00	16.05	1	DELIVERY_RISK	2026-05-15 09:48:36.073
1569	5	5	0	7.8	-19.8	0.00	20.20	4	FAST_RELIABLE	2026-05-15 09:48:36.073
2614	6	19	0	7.11	-16.16	0.00	21.39	3	GOOD_DELIVERY	2026-05-15 09:48:36.073
1426	2	2	0	17	-24	0.00	35.90	4	FAST_RELIABLE	2026-05-15 09:48:36.073
1177	10	11	0	10	-13	0.00	15.53	4.45	FAST_RELIABLE	2026-05-15 09:48:36.073
1924	2	2	1	6.5	-6	50.00	9.41	5	DELIVERY_RISK	2026-05-15 09:48:36.073
1675	1	1	0	7	-9	0.00	19.36	4	FAST_RELIABLE	2026-05-15 09:48:36.073
785	193	220	13	12.49	-18.26	5.70	17.12	4.13	GOOD_DELIVERY	2026-05-15 09:48:36.073
2949	14	14	1	8.21	-10.93	7.14	16.00	4.21	GOOD_DELIVERY	2026-05-15 09:48:36.073
1824	2	1	0	21	-2	0.00	14.94	3	GOOD_DELIVERY	2026-05-15 09:48:36.073
1326	2	4	0	3.5	-16.5	0.00	9.51	5	FAST_RELIABLE	2026-05-15 09:48:36.073
1283	1	1	0	20	-8	0.00	12.69	5	FAST_RELIABLE	2026-05-15 09:48:36.073
1134	98	100	3	10.85	-13.71	3.00	17.76	4.09	FAST_RELIABLE	2026-05-15 09:48:36.073
52	51	50	7	18.42	-10	13.73	25.22	4.1	REGULAR	2026-05-15 09:48:36.073
2216	9	9	3	15.11	-7.11	33.33	13.59	3.44	DELIVERY_RISK	2026-05-15 09:48:36.073
3049	1	0	0	NULL	NULL	0.00	21.12	1	GOOD_DELIVERY	2026-05-15 09:48:36.073
1967	2	2	1	23	-3.5	50.00	22.45	5	DELIVERY_RISK	2026-05-15 09:48:36.073
885	4	4	0	6.75	-13.75	0.00	25.10	4	FAST_RELIABLE	2026-05-15 09:48:36.073
2657	395	406	9	11.4	-13.95	2.15	18.66	4.21	FAST_RELIABLE	2026-05-15 09:48:36.073
493	52	51	15	27.22	0.71	27.27	14.33	2.95	REGULAR	2026-05-15 09:48:36.073
1034	197	199	20	11.44	-10.85	9.95	16.61	4.31	GOOD_DELIVERY	2026-05-15 09:48:36.073
1575	4	2	0	7	-12	0.00	14.34	3	GOOD_DELIVERY	2026-05-15 09:48:36.073
2116	1	1	0	15	-20	0.00	18.25	5	FAST_RELIABLE	2026-05-15 09:48:36.073
3012	5	5	1	8.4	-9	20.00	10.15	4.6	REGULAR	2026-05-15 09:48:36.073
427	23	27	4	15.22	-8.48	14.81	45.00	3.81	REGULAR	2026-05-15 09:48:36.073
759	7	7	0	16.29	-30.43	0.00	17.02	4.57	FAST_RELIABLE	2026-05-15 09:48:36.073
95	1	1	0	6	-5	0.00	15.59	3.5	GOOD_DELIVERY	2026-05-15 09:48:36.073
1423	2	2	0	2	-16.5	0.00	14.40	5	FAST_RELIABLE	2026-05-15 09:48:36.073
404	25	30	1	11.13	-13.2	3.23	18.37	4.29	FAST_RELIABLE	2026-05-15 09:48:36.073
72	60	60	9	12.15	-9.95	14.29	32.05	4.1	REGULAR	2026-05-15 09:48:36.073
805	117	124	19	16.89	-7.54	15.20	17.13	3.74	REGULAR	2026-05-15 09:48:36.073
2133	24	19	6	18.37	-7.05	25.00	56.11	2.79	REGULAR	2026-05-15 09:48:36.073
473	8	8	1	12.88	-10	12.50	12.87	4.13	REGULAR	2026-05-15 09:48:36.073
1137	32	34	3	10.94	-10.18	8.57	14.69	4.11	GOOD_DELIVERY	2026-05-15 09:48:36.073
2797	17	18	2	30.94	-13.67	11.11	28.53	3.61	REGULAR	2026-05-15 09:48:36.073
1801	2	1	0	24	-66	0.00	19.15	2.33	GOOD_DELIVERY	2026-05-15 09:48:36.073
2465	2	2	0	22.5	-10	0.00	23.72	4.5	FAST_RELIABLE	2026-05-15 09:48:36.073
1469	4	6	0	12.83	-8.5	0.00	17.60	4	FAST_RELIABLE	2026-05-15 09:48:36.073
1114	34	36	3	12.69	-13.58	8.33	18.49	3.42	GOOD_DELIVERY	2026-05-15 09:48:36.073
2110	21	21	1	7.95	-11.38	4.76	22.26	3.76	GOOD_DELIVERY	2026-05-15 09:48:36.073
1778	3	0	0	NULL	NULL	0.00	8.68	1	GOOD_DELIVERY	2026-05-15 09:48:36.073
1446	3	3	0	5.67	-21.33	0.00	16.31	5	FAST_RELIABLE	2026-05-15 09:48:36.073
450	1	1	0	7	-8	0.00	51.55	5	FAST_RELIABLE	2026-05-15 09:48:36.073
782	1	1	0	5	-11	0.00	7.39	5	FAST_RELIABLE	2026-05-15 09:48:36.073
118	1	2	0	19	-12	0.00	15.56	5	FAST_RELIABLE	2026-05-15 09:48:36.073
258	396	400	44	9.2	-9.67	10.89	13.38	4	REGULAR	2026-05-15 09:48:36.073
1592	28	43	1	10.98	-13.56	2.27	16.11	3.68	GOOD_DELIVERY	2026-05-15 09:48:36.073
2256	36	40	0	9.15	-16.2	0.00	18.51	3.8	GOOD_DELIVERY	2026-05-15 09:48:36.073
2843	9	11	1	8.64	-13.18	9.09	52.86	4.64	GOOD_DELIVERY	2026-05-15 09:48:36.073
928	44	54	0	9.19	-21.94	0.00	17.38	4.44	FAST_RELIABLE	2026-05-15 09:48:36.073
264	2	2	0	14	-8.5	0.00	15.10	5	FAST_RELIABLE	2026-05-15 09:48:36.073
2179	3	3	1	16.67	-9.33	33.33	37.20	2.67	DELIVERY_RISK	2026-05-15 09:48:36.073
281	253	258	21	14.05	-10.77	7.89	19.55	4.11	GOOD_DELIVERY	2026-05-15 09:48:36.073
1615	44	48	15	18.42	-5.67	30.00	19.28	3.3	DELIVERY_RISK	2026-05-15 09:48:36.073
945	80	86	4	12.16	-13	4.60	32.30	4.08	FAST_RELIABLE	2026-05-15 09:48:36.073
2156	21	21	0	13.14	-17	0.00	36.30	4.52	FAST_RELIABLE	2026-05-15 09:48:36.073
951	7	7	0	6	-12.57	0.00	18.66	4.29	FAST_RELIABLE	2026-05-15 09:48:36.073
2820	1	1	0	7	-20	0.00	23.10	5	FAST_RELIABLE	2026-05-15 09:48:36.073
2279	4	4	0	5.75	-7.25	0.00	13.65	4.5	FAST_RELIABLE	2026-05-15 09:48:36.073
1492	1	1	0	26	-2	0.00	21.64	4	FAST_RELIABLE	2026-05-15 09:48:36.073
2943	2	2	0	7	-24	0.00	15.24	2.5	GOOD_DELIVERY	2026-05-15 09:48:36.073
1638	310	309	43	16.12	-8.99	13.23	23.83	3.65	REGULAR	2026-05-15 09:48:36.073
2471	16	12	2	20.83	-16.33	10.53	39.71	2.42	REGULAR	2026-05-15 09:48:36.073
2966	1	2	2	25	3	100.00	15.75	1	DELIVERY_RISK	2026-05-15 09:48:36.073
2302	2	1	0	14	-13	0.00	9.84	3	GOOD_DELIVERY	2026-05-15 09:48:36.073
2866	4	4	0	7.5	-13	0.00	54.17	4	FAST_RELIABLE	2026-05-15 09:48:36.073
1784	25	32	0	10.44	-9.69	0.00	11.78	4.34	FAST_RELIABLE	2026-05-15 09:48:36.073
2448	44	47	4	9	-11.26	7.69	17.09	4.02	GOOD_DELIVERY	2026-05-15 09:48:36.073
2325	3	1	0	5	-18	0.00	29.31	2.67	GOOD_DELIVERY	2026-05-15 09:48:36.073
2989	2	2	1	10	-6.5	50.00	25.14	4.5	DELIVERY_RISK	2026-05-15 09:48:36.073
1014	358	400	16	13.29	-11.61	3.90	31.90	4.06	FAST_RELIABLE	2026-05-15 09:48:36.073
1097	125	124	8	12.06	-14.65	6.30	15.97	4.17	GOOD_DELIVERY	2026-05-15 09:48:36.073
2425	9	14	0	11.5	-19	0.00	25.69	3.93	GOOD_DELIVERY	2026-05-15 09:48:36.073
2093	44	38	12	25.42	-9.08	27.27	54.08	3.07	REGULAR	2026-05-15 09:48:36.073
2342	1	0	0	NULL	NULL	0.00	14.10	1	GOOD_DELIVERY	2026-05-15 09:48:36.073
2674	4	4	2	14.25	-4	50.00	53.60	4.25	DELIVERY_RISK	2026-05-15 09:48:36.073
1346	1	0	0	NULL	NULL	0.00	16.28	1	GOOD_DELIVERY	2026-05-15 09:48:36.073
2734	67	73	4	10	-13.62	5.48	19.39	4.38	GOOD_DELIVERY	2026-05-15 09:48:36.073
78	62	70	11	10.86	-9.11	15.28	20.83	3.76	REGULAR	2026-05-15 09:48:36.073
1406	13	13	1	7.77	-8.38	7.69	40.59	4.77	GOOD_DELIVERY	2026-05-15 09:48:36.073
3029	11	5	2	30.2	-5.6	18.18	15.98	2.36	REGULAR	2026-05-15 09:48:36.073
410	5	5	0	11	-20.2	0.00	45.95	5	FAST_RELIABLE	2026-05-15 09:48:36.073
1701	8	9	1	9.11	-10.11	11.11	15.66	4.78	REGULAR	2026-05-15 09:48:36.073
1738	1	2	0	11	-9	0.00	22.25	5	FAST_RELIABLE	2026-05-15 09:48:36.073
2033	1	2	0	8	-14	0.00	14.08	4	FAST_RELIABLE	2026-05-15 09:48:36.073
1300	76	86	3	11.08	-14.17	3.49	17.28	4	FAST_RELIABLE	2026-05-15 09:48:36.073
1051	22	22	2	6.68	-6.5	9.09	18.49	3.77	GOOD_DELIVERY	2026-05-15 09:48:36.073
218	4	4	2	13.25	-4.25	50.00	12.76	4.25	DELIVERY_RISK	2026-05-15 09:48:36.073
968	1	1	0	9	-26	0.00	102.57	5	FAST_RELIABLE	2026-05-15 09:48:36.073
719	1	1	0	7	-1	0.00	8.90	5	FAST_RELIABLE	2026-05-15 09:48:36.073
659	46	48	5	8.9	-10.42	10.20	17.75	4.27	REGULAR	2026-05-15 09:48:36.073
327	21	22	2	7.45	-12	9.09	17.18	4.55	GOOD_DELIVERY	2026-05-15 09:48:36.073
573	7	9	0	7	-9.78	0.00	13.81	4.44	FAST_RELIABLE	2026-05-15 09:48:36.073
32	12	15	0	8.6	-11.07	0.00	12.88	4.44	FAST_RELIABLE	2026-05-15 09:48:36.073
1987	24	25	3	12.84	-10.6	11.54	14.96	4.04	REGULAR	2026-05-15 09:48:36.073
905	25	38	1	8.11	-10.29	2.63	26.86	4.18	FAST_RELIABLE	2026-05-15 09:48:36.073
1655	6	6	0	8.67	-18.17	0.00	20.68	5	FAST_RELIABLE	2026-05-15 09:48:36.073
364	5	5	0	7.4	-14.2	0.00	17.42	3.8	GOOD_DELIVERY	2026-05-15 09:48:36.073
1841	84	92	3	7.88	-11.07	3.19	12.55	4.05	FAST_RELIABLE	2026-05-15 09:48:36.073
1260	10	10	0	13	-18.2	0.00	16.98	4.4	FAST_RELIABLE	2026-05-15 09:48:36.073
513	4	4	1	16.75	-5.25	25.00	14.84	4.25	REGULAR	2026-05-15 09:48:36.073
2926	1	1	0	7	-6	0.00	8.29	5	FAST_RELIABLE	2026-05-15 09:48:36.073
1154	325	343	20	11.33	-11.25	5.78	39.48	3.95	GOOD_DELIVERY	2026-05-15 09:48:36.073
1947	8	8	0	3.88	-10.88	0.00	11.55	4.75	FAST_RELIABLE	2026-05-15 09:48:36.073
613	14	15	0	8.2	-16.6	0.00	25.63	4.73	FAST_RELIABLE	2026-05-15 09:48:36.073
2488	12	12	2	16.58	-9.92	16.67	143.64	4.33	REGULAR	2026-05-15 09:48:36.073
619	5	3	0	7.67	-10	0.00	28.33	3	GOOD_DELIVERY	2026-05-15 09:48:36.073
1160	1	1	0	7	-26	0.00	21.71	5	FAST_RELIABLE	2026-05-15 09:48:36.073
2388	7	8	0	6.13	-15.25	0.00	13.49	4.88	FAST_RELIABLE	2026-05-15 09:48:36.073
2634	6	6	0	9.67	-15.5	0.00	26.41	3.5	GOOD_DELIVERY	2026-05-15 09:48:36.073
2880	1	1	1	21	4	100.00	24.12	4	DELIVERY_RISK	2026-05-15 09:48:36.073
467	1	1	1	14	4	100.00	13.40	4	DELIVERY_RISK	2026-05-15 09:48:36.073
1552	1	1	0	12	-14	0.00	50.62	5	FAST_RELIABLE	2026-05-15 09:48:36.073
2780	62	71	11	14.69	-9.18	15.49	14.58	3.56	REGULAR	2026-05-15 09:48:36.073
321	19	15	1	14.93	-19.6	5.26	14.78	3.37	GOOD_DELIVERY	2026-05-15 09:48:36.073
2239	5	5	1	13	-8.8	20.00	14.70	4.6	REGULAR	2026-05-15 09:48:36.073
3095	20	8	0	12.75	-48	0.00	17.23	2.1	GOOD_DELIVERY	2026-05-15 09:48:36.073
178	43	42	6	15.93	-12.79	13.95	16.00	4.3	REGULAR	2026-05-15 09:48:36.073
676	5	5	2	16.2	-5.8	40.00	89.07	4.4	DELIVERY_RISK	2026-05-15 09:48:36.073
1174	3	3	0	7.67	-22	0.00	22.86	5	FAST_RELIABLE	2026-05-15 09:48:36.073
510	5	6	0	6.83	-17.67	0.00	10.38	3.17	GOOD_DELIVERY	2026-05-15 09:48:36.073
12	2	2	0	9	-8.5	0.00	15.98	4.5	FAST_RELIABLE	2026-05-15 09:48:36.073
1008	1	1	0	16	-14	0.00	23.13	2	GOOD_DELIVERY	2026-05-15 09:48:36.073
367	27	29	3	13.97	-10.45	10.34	18.00	4.31	REGULAR	2026-05-15 09:48:36.073
35	21	24	0	10.79	-15.04	0.00	19.93	4.54	FAST_RELIABLE	2026-05-15 09:48:36.073
2574	15	15	0	7.4	-11.47	0.00	12.19	4.8	FAST_RELIABLE	2026-05-15 09:48:36.073
2740	3	0	0	NULL	NULL	0.00	10.63	2.5	GOOD_DELIVERY	2026-05-15 09:48:36.073
1529	14	14	1	16.36	-10.71	7.14	16.01	4	GOOD_DELIVERY	2026-05-15 09:48:36.073
533	3	3	0	9.67	-10.67	0.00	19.90	3.67	GOOD_DELIVERY	2026-05-15 09:48:36.073
2027	3	3	0	8.33	-9.67	0.00	11.44	5	FAST_RELIABLE	2026-05-15 09:48:36.073
2242	1	1	0	9	-46	0.00	14.52	5	FAST_RELIABLE	2026-05-15 09:48:36.073
3072	1	1	0	5	-14	0.00	23.64	4	FAST_RELIABLE	2026-05-15 09:48:36.073
2193	1	0	0	NULL	NULL	0.00	17.92	1	GOOD_DELIVERY	2026-05-15 09:48:36.073
1386	134	135	6	14.37	-22.04	4.29	27.39	3.36	GOOD_DELIVERY	2026-05-15 09:48:36.073
2219	45	47	1	11.77	-14.34	2.13	41.18	4.26	FAST_RELIABLE	2026-05-15 09:48:36.073
390	7	7	1	8.14	-4.57	14.29	17.71	4.29	REGULAR	2026-05-15 09:48:36.073
2382	9	9	1	16.56	-12.22	11.11	34.67	3.78	REGULAR	2026-05-15 09:48:36.073
2050	1	1	0	13	-32	0.00	27.02	5	FAST_RELIABLE	2026-05-15 09:48:36.073
2883	1	1	0	9	-19	0.00	21.43	3	GOOD_DELIVERY	2026-05-15 09:48:36.073
2405	255	329	27	7.49	-8.95	8.16	11.44	4.28	GOOD_DELIVERY	2026-05-15 09:48:36.073
1200	5	4	3	28.25	7.75	60.00	15.86	2.4	DELIVERY_RISK	2026-05-15 09:48:36.073
155	6	6	0	8.5	-20.5	0.00	10.97	3.67	GOOD_DELIVERY	2026-05-15 09:48:36.073
1864	2	2	0	8	-10.5	0.00	26.84	5	FAST_RELIABLE	2026-05-15 09:48:36.073
1409	10	11	1	10.09	-10.91	9.09	34.63	4.09	GOOD_DELIVERY	2026-05-15 09:48:36.073
2860	2	8	6	13.75	-0.5	75.00	14.85	5	DELIVERY_RISK	2026-05-15 09:48:36.073
868	2	1	0	7	-12	0.00	16.91	3	GOOD_DELIVERY	2026-05-15 09:48:36.073
1741	3	3	0	12	-10.67	0.00	24.96	4.33	FAST_RELIABLE	2026-05-15 09:48:36.073
1343	7	10	1	11.9	-13.6	10.00	15.08	4.4	GOOD_DELIVERY	2026-05-15 09:48:36.073
1509	5	5	0	13	-28.4	0.00	23.14	4.6	FAST_RELIABLE	2026-05-15 09:48:36.073
845	5	5	1	16.8	-4.8	20.00	19.61	4.4	REGULAR	2026-05-15 09:48:36.073
2007	1	1	0	6	-16	0.00	19.30	1	GOOD_DELIVERY	2026-05-15 09:48:36.073
1486	2	2	0	6.5	-14	0.00	10.39	4.25	FAST_RELIABLE	2026-05-15 09:48:36.073
553	125	135	17	12.05	-10.71	12.59	20.63	4.02	REGULAR	2026-05-15 09:48:36.073
2548	39	39	1	11.21	-14.38	2.56	70.51	4.41	FAST_RELIABLE	2026-05-15 09:48:36.073
135	8	8	2	18.5	-6.5	25.00	18.97	3.88	REGULAR	2026-05-15 09:48:36.073
1217	17	22	0	8.41	-11.55	0.00	12.14	4.62	FAST_RELIABLE	2026-05-15 09:48:36.073
2717	1	0	0	NULL	NULL	0.00	7.39	4	FAST_RELIABLE	2026-05-15 09:48:36.073
1884	1	1	0	19	-16	0.00	18.92	5	FAST_RELIABLE	2026-05-15 09:48:36.073
1366	127	152	6	14.08	-14.15	3.85	19.76	4.25	FAST_RELIABLE	2026-05-15 09:48:36.073
702	40	47	0	10.89	-16.85	0.00	16.36	4.04	FAST_RELIABLE	2026-05-15 09:48:36.073
653	272	278	7	10.53	-13.57	2.49	21.65	4.26	FAST_RELIABLE	2026-05-15 09:48:36.073
112	4	6	4	29.5	4.17	66.67	182.75	2.5	DELIVERY_RISK	2026-05-15 09:48:36.073
1907	10	12	0	7.42	-17.17	0.00	20.77	4.42	FAST_RELIABLE	2026-05-15 09:48:36.073
1243	3	9	0	11.33	-13	0.00	13.05	4.11	FAST_RELIABLE	2026-05-15 09:48:36.073
3089	10	15	0	8.33	-10.27	0.00	13.77	4.87	FAST_RELIABLE	2026-05-15 09:48:36.073
1927	72	81	5	14.98	-11.58	6.17	21.26	4.53	GOOD_DELIVERY	2026-05-15 09:48:36.073
2176	11	12	2	22.58	-9.67	16.67	24.24	4.17	REGULAR	2026-05-15 09:48:36.073
1678	91	89	15	13.18	-11.52	15.46	12.98	3.7	REGULAR	2026-05-15 09:48:36.073
1429	2	2	0	8	-14	0.00	23.50	5	FAST_RELIABLE	2026-05-15 09:48:36.073
931	1	1	0	7	-9	0.00	24.84	5	FAST_RELIABLE	2026-05-15 09:48:36.073
1180	2	4	0	8.25	-8.75	0.00	27.15	5	FAST_RELIABLE	2026-05-15 09:48:36.073
2070	81	90	10	9.19	-11.43	11.11	13.39	4.44	REGULAR	2026-05-15 09:48:36.073
1572	37	42	1	8.02	-13.19	2.38	12.58	4.55	FAST_RELIABLE	2026-05-15 09:48:36.073
2697	5	5	0	7	-18.2	0.00	15.44	4.2	FAST_RELIABLE	2026-05-15 09:48:36.073
1074	2	2	0	15.5	-14	0.00	70.12	4	FAST_RELIABLE	2026-05-15 09:48:36.073
2568	1	1	0	13	-23	0.00	22.21	2	GOOD_DELIVERY	2026-05-15 09:48:36.073
882	1790	1933	214	14.43	-9.61	10.86	17.65	3.75	REGULAR	2026-05-15 09:48:36.073
55	23	24	3	11.58	-5.79	10.71	16.40	3.79	REGULAR	2026-05-15 09:48:36.073
304	1	1	0	25	-28	0.00	59.74	5	FAST_RELIABLE	2026-05-15 09:48:36.073
633	4	4	0	9	-17.25	0.00	22.97	2.5	GOOD_DELIVERY	2026-05-15 09:48:36.073
1715	7	12	4	23	-13.25	30.77	19.14	1.69	DELIVERY_RISK	2026-05-15 09:48:36.073
2554	1	1	0	4	-4	0.00	7.64	4	FAST_RELIABLE	2026-05-15 09:48:36.073
2319	7	7	0	11.29	-16.43	0.00	22.13	5	FAST_RELIABLE	2026-05-15 09:48:36.073
241	27	37	0	8.46	-15.84	0.00	15.43	3.81	GOOD_DELIVERY	2026-05-15 09:48:36.073
696	30	30	4	13.73	-10.5	12.50	48.48	3.94	REGULAR	2026-05-15 09:48:36.073
1323	5	6	0	9.17	-12	0.00	15.40	4.83	FAST_RELIABLE	2026-05-15 09:48:36.073
2946	1	1	0	6	-8	0.00	12.79	5	FAST_RELIABLE	2026-05-15 09:48:36.073
1237	1	1	0	1	-7	0.00	7.55	5	FAST_RELIABLE	2026-05-15 09:48:36.073
2511	22	24	1	6.75	-9.29	4.17	12.22	4.17	FAST_RELIABLE	2026-05-15 09:48:36.073
341	39	43	4	13.67	-16.28	9.30	19.34	3.7	GOOD_DELIVERY	2026-05-15 09:48:36.073
2760	2	2	0	10	-11.5	0.00	45.11	5	FAST_RELIABLE	2026-05-15 09:48:36.073
98	9	9	1	13.44	-12.67	11.11	18.88	4.33	REGULAR	2026-05-15 09:48:36.073
347	12	12	1	15.25	-9.5	8.33	14.76	4.5	GOOD_DELIVERY	2026-05-15 09:48:36.073
596	32	34	3	11.32	-14.32	8.82	80.24	4.44	GOOD_DELIVERY	2026-05-15 09:48:36.073
2262	1	1	0	3	-29	0.00	35.34	5	FAST_RELIABLE	2026-05-15 09:48:36.073
2013	4	6	0	13	-20.17	0.00	21.52	2.17	GOOD_DELIVERY	2026-05-15 09:48:36.073
2113	16	17	2	12.59	-13.82	11.76	22.52	4.06	REGULAR	2026-05-15 09:48:36.073
988	6	6	0	12.83	-11.83	0.00	12.56	4.33	FAST_RELIABLE	2026-05-15 09:48:36.073
447	3	5	0	9.6	-5	0.00	12.01	4.6	FAST_RELIABLE	2026-05-15 09:48:36.073
490	1	2	0	7	-20	0.00	28.30	5	FAST_RELIABLE	2026-05-15 09:48:36.073
2654	1	1	0	4	-9	0.00	11.78	5	FAST_RELIABLE	2026-05-15 09:48:36.073
2611	1	1	0	12	-17	0.00	20.01	5	FAST_RELIABLE	2026-05-15 09:48:36.073
2803	57	58	0	9.45	-18.95	0.00	49.25	4.59	FAST_RELIABLE	2026-05-15 09:48:36.073
888	1	1	0	13	-11	0.00	15.38	5	FAST_RELIABLE	2026-05-15 09:48:36.073
3052	15	26	2	11	-20.38	7.69	33.21	3.19	GOOD_DELIVERY	2026-05-15 09:48:36.073
1970	3	4	0	8.75	-14.5	0.00	22.72	3	GOOD_DELIVERY	2026-05-15 09:48:36.073
1721	5	5	4	48.8	12.8	50.00	123.70	1	DELIVERY_RISK	2026-05-15 09:48:36.073
639	2	1	0	16	-35	0.00	22.70	3	GOOD_DELIVERY	2026-05-15 09:48:36.073
739	54	100	12	12.75	-10.92	12.00	16.96	3.94	REGULAR	2026-05-15 09:48:36.073
2903	20	21	1	11.86	-19.86	4.76	25.37	4.57	FAST_RELIABLE	2026-05-15 09:48:36.073
1280	11	11	1	10.55	-13.73	8.33	16.23	4.25	GOOD_DELIVERY	2026-05-15 09:48:36.073
198	7	14	0	13.64	-8.14	0.00	18.91	4.07	FAST_RELIABLE	2026-05-15 09:48:36.073
2362	3	11	0	13.55	-17.55	0.00	15.96	4.67	FAST_RELIABLE	2026-05-15 09:48:36.073
1821	2	2	0	9.5	-17.5	0.00	16.72	3	GOOD_DELIVERY	2026-05-15 09:48:36.073
1850	12	13	1	7.85	-8.54	7.69	26.27	4.31	GOOD_DELIVERY	2026-05-15 09:48:36.073
1518	32	32	3	11.03	-10.88	9.38	21.00	4.25	GOOD_DELIVERY	2026-05-15 09:48:36.073
2182	6	7	0	5.29	-14.57	0.00	37.71	3.86	GOOD_DELIVERY	2026-05-15 09:48:36.073
2846	19	21	1	10.52	-13.14	4.76	13.10	3.86	GOOD_DELIVERY	2026-05-15 09:48:36.073
522	8	7	2	13.57	-5.29	25.00	15.61	3.13	REGULAR	2026-05-15 09:48:36.073
854	1	1	0	16	-5	0.00	19.73	5	FAST_RELIABLE	2026-05-15 09:48:36.073
2514	1	1	0	7	-9	0.00	18.51	1	GOOD_DELIVERY	2026-05-15 09:48:36.073
1186	2	0	0	NULL	NULL	0.00	10.34	1	GOOD_DELIVERY	2026-05-15 09:48:36.073
1541	556	562	68	15.69	-10.83	11.95	14.81	3.97	REGULAR	2026-05-15 09:48:36.073
1873	44	65	15	7	-10.18	22.73	19.75	3.39	REGULAR	2026-05-15 09:48:36.073
2537	6	7	0	7.57	-10.71	0.00	15.94	4.71	FAST_RELIABLE	2026-05-15 09:48:36.073
2869	7	11	0	22.27	-28.36	0.00	20.69	4	FAST_RELIABLE	2026-05-15 09:48:36.073
2205	2	1	0	9	-21	0.00	20.51	2	GOOD_DELIVERY	2026-05-15 09:48:36.073
1209	1	1	0	17	-2	0.00	23.87	4	FAST_RELIABLE	2026-05-15 09:48:36.073
476	7	6	0	7.17	-6	0.00	12.60	4.29	FAST_RELIABLE	2026-05-15 09:48:36.073
1140	36	38	0	10.63	-13.45	0.00	17.35	4.32	FAST_RELIABLE	2026-05-15 09:48:36.073
144	1	15	0	15	-21	0.00	1.20	5	FAST_RELIABLE	2026-05-15 09:48:36.073
808	3	1	0	7	-48	0.00	45.80	2.33	GOOD_DELIVERY	2026-05-15 09:48:36.073
167	156	188	19	11.25	-10.95	10.11	27.13	3.91	REGULAR	2026-05-15 09:48:36.073
499	30	30	2	14.43	-12.8	6.67	21.08	3.8	GOOD_DELIVERY	2026-05-15 09:48:36.073
1827	22	23	1	13.26	-12.43	4.17	83.71	4.04	FAST_RELIABLE	2026-05-15 09:48:36.073
1495	5	7	0	8.57	-22.43	0.00	20.62	5	FAST_RELIABLE	2026-05-15 09:48:36.073
1163	2	2	0	10	-10.5	0.00	17.44	4.5	FAST_RELIABLE	2026-05-15 09:48:36.073
831	1	1	0	12	-38	0.00	22.06	3	GOOD_DELIVERY	2026-05-15 09:48:36.073
353	262	321	16	8.29	-11.7	4.92	12.90	4.05	FAST_RELIABLE	2026-05-15 09:48:36.073
2351	121	120	17	12.81	-10.14	13.93	19.53	3.81	REGULAR	2026-05-15 09:48:36.073
1681	315	410	50	14.79	-9.65	11.71	15.97	3.37	REGULAR	2026-05-15 09:48:36.073
1017	71	110	10	11.3	-12.6	9.01	21.55	3.55	GOOD_DELIVERY	2026-05-15 09:48:36.073
3015	1	0	0	NULL	NULL	0.00	11.49	4	FAST_RELIABLE	2026-05-15 09:48:36.073
1687	2	5	0	13.8	-17.6	0.00	13.65	3.4	GOOD_DELIVERY	2026-05-15 09:48:36.073
330	141	170	6	15.71	-15.35	3.53	17.01	3.94	GOOD_DELIVERY	2026-05-15 09:48:36.073
2992	58	75	3	9.99	-14.61	3.95	17.05	4.19	FAST_RELIABLE	2026-05-15 09:48:36.073
1000	3	3	1	25.67	-7.33	33.33	22.28	4	DELIVERY_RISK	2026-05-15 09:48:36.073
994	10	10	0	6.2	-13.7	0.00	10.91	3.73	GOOD_DELIVERY	2026-05-15 09:48:36.073
2328	3	5	0	6.6	-21.6	0.00	13.57	4.2	FAST_RELIABLE	2026-05-15 09:48:36.073
453	4	5	0	7	-9.4	0.00	26.68	4.4	FAST_RELIABLE	2026-05-15 09:48:36.073
1664	1	1	0	13	-3	0.00	43.71	5	FAST_RELIABLE	2026-05-15 09:48:36.073
307	165	169	9	15.04	-12.98	5.11	24.12	4.16	GOOD_DELIVERY	2026-05-15 09:48:36.073
2228	14	14	1	9.64	-9.07	7.14	27.73	4.21	GOOD_DELIVERY	2026-05-15 09:48:36.073
2892	3	4	0	4.75	-9.75	0.00	14.53	4	FAST_RELIABLE	2026-05-15 09:48:36.073
3061	1	1	0	5	-3	0.00	14.51	5	FAST_RELIABLE	2026-05-15 09:48:36.073
2915	8	10	0	3.9	-12.8	0.00	8.75	4.3	FAST_RELIABLE	2026-05-15 09:48:36.073
2374	7	8	0	12.63	-16.5	0.00	15.28	3.88	GOOD_DELIVERY	2026-05-15 09:48:36.073
3038	2	2	1	11.5	-3	50.00	12.18	4.5	DELIVERY_RISK	2026-05-15 09:48:36.073
267	1	1	0	9	-12	0.00	19.32	5	FAST_RELIABLE	2026-05-15 09:48:36.073
2437	1	0	0	NULL	NULL	0.00	251.50	1	GOOD_DELIVERY	2026-05-15 09:48:36.073
2769	3	2	2	33.5	5.5	66.67	11.11	2.33	DELIVERY_RISK	2026-05-15 09:48:36.073
516	1	1	0	6	-34	0.00	18.00	5	FAST_RELIABLE	2026-05-15 09:48:36.073
184	1	1	0	5	-17	0.00	20.10	3	GOOD_DELIVERY	2026-05-15 09:48:36.073
1203	53	54	4	13.43	-10.98	7.27	31.32	4.11	GOOD_DELIVERY	2026-05-15 09:48:36.073
2082	12	12	2	17.92	-7.08	16.67	22.16	4.25	REGULAR	2026-05-15 09:48:36.073
1750	2	2	0	11	-9.5	0.00	38.80	4	FAST_RELIABLE	2026-05-15 09:48:36.073
3078	1	1	0	9	-44	0.00	10.96	4	FAST_RELIABLE	2026-05-15 09:48:36.073
871	1	2	0	6	-2	0.00	9.02	5	FAST_RELIABLE	2026-05-15 09:48:36.073
1641	509	512	18	14.72	-15.69	3.45	16.50	4.14	FAST_RELIABLE	2026-05-15 09:48:36.073
230	8	9	0	11.56	-9.89	0.00	17.19	4.44	FAST_RELIABLE	2026-05-15 09:48:36.073
2391	10	11	0	5.18	-17.18	0.00	20.90	4.45	FAST_RELIABLE	2026-05-15 09:48:36.073
2723	1	1	0	30	-15	0.00	28.80	5	FAST_RELIABLE	2026-05-15 09:48:36.073
1309	3	3	0	12.33	-11.33	0.00	20.03	4.67	FAST_RELIABLE	2026-05-15 09:48:36.073
1395	2	5	0	8.6	-3.6	0.00	9.17	3.4	GOOD_DELIVERY	2026-05-15 09:48:36.073
1063	5	7	0	7.29	-13.14	0.00	9.52	5	FAST_RELIABLE	2026-05-15 09:48:36.073
562	1	1	0	12	-15	0.00	17.35	5	FAST_RELIABLE	2026-05-15 09:48:36.073
313	11	10	0	10.7	-14.2	0.00	22.41	3.55	GOOD_DELIVERY	2026-05-15 09:48:36.073
1890	2	2	1	16.5	-6.5	50.00	23.84	5	DELIVERY_RISK	2026-05-15 09:48:36.073
1558	1	0	0	NULL	NULL	0.00	22.03	1	GOOD_DELIVERY	2026-05-15 09:48:36.073
2577	69	69	5	13.29	-13.06	7.25	27.76	4.19	GOOD_DELIVERY	2026-05-15 09:48:36.073
376	18	18	1	11.11	-11.5	5.56	15.18	4.44	GOOD_DELIVERY	2026-05-15 09:48:36.073
708	15	15	0	10.93	-9.13	0.00	28.49	4.67	FAST_RELIABLE	2026-05-15 09:48:36.073
2036	5	5	0	11.4	-12	0.00	16.48	4.2	FAST_RELIABLE	2026-05-15 09:48:36.073
954	8	8	1	13.88	-5.13	11.11	14.02	3.56	REGULAR	2026-05-15 09:48:36.073
1249	4	7	0	13	-15.14	0.00	17.11	5	FAST_RELIABLE	2026-05-15 09:48:36.073
917	1	2	0	8	-14	0.00	15.62	5	FAST_RELIABLE	2026-05-15 09:48:36.073
1704	1	1	0	12	-41	0.00	11.17	3	GOOD_DELIVERY	2026-05-15 09:48:36.073
2245	1	1	0	23	-9	0.00	15.10	5	FAST_RELIABLE	2026-05-15 09:48:36.073
622	1	1	1	33	0	100.00	16.79	2	DELIVERY_RISK	2026-05-15 09:48:36.073
1355	204	212	12	9.11	-11.65	5.58	13.50	4.34	GOOD_DELIVERY	2026-05-15 09:48:36.073
1349	5	5	0	10.4	-17	0.00	42.87	3.4	GOOD_DELIVERY	2026-05-15 09:48:36.073
1604	8	7	0	21.43	-26	0.00	21.26	4	FAST_RELIABLE	2026-05-15 09:48:36.073
21	9	12	0	12.5	-9.33	0.00	14.88	4.08	FAST_RELIABLE	2026-05-15 09:48:36.073
2932	8	8	0	12.38	-12.25	0.00	50.69	4.25	FAST_RELIABLE	2026-05-15 09:48:36.073
768	7	9	0	11.11	-17.78	0.00	17.83	5	FAST_RELIABLE	2026-05-15 09:48:36.073
2683	1	1	0	16	-4	0.00	19.28	5	FAST_RELIABLE	2026-05-15 09:48:36.073
121	7	7	0	5.14	-7.57	0.00	12.57	4.86	FAST_RELIABLE	2026-05-15 09:48:36.073
668	2	1	1	45	24	50.00	17.70	1	DELIVERY_RISK	2026-05-15 09:48:36.073
2291	5	5	1	12.2	-10.8	20.00	13.77	3.8	REGULAR	2026-05-15 09:48:36.073
1455	3	3	0	3.33	-13.33	0.00	7.78	4	FAST_RELIABLE	2026-05-15 09:48:36.073
1996	7	8	0	7.63	-12	0.00	30.33	3.13	GOOD_DELIVERY	2026-05-15 09:48:36.073
662	1	1	0	4	-7	0.00	8.43	5	FAST_RELIABLE	2026-05-15 09:48:36.073
127	2	2	0	5	-10	0.00	11.40	5	FAST_RELIABLE	2026-05-15 09:48:36.073
1057	20	20	1	9.05	-13.7	5.00	27.55	4.4	FAST_RELIABLE	2026-05-15 09:48:36.073
814	3	5	0	10.4	-17.4	0.00	27.06	4.8	FAST_RELIABLE	2026-05-15 09:48:36.073
1896	14	20	1	11.5	-14.6	5.00	19.89	4.6	FAST_RELIABLE	2026-05-15 09:48:36.073
2142	2	2	0	13	-18	0.00	23.52	4	FAST_RELIABLE	2026-05-15 09:48:36.073
2975	16	16	1	11.25	-17.13	6.25	18.77	4.44	GOOD_DELIVERY	2026-05-15 09:48:36.073
2978	3	3	1	15.33	-5.67	33.33	24.83	3.67	DELIVERY_RISK	2026-05-15 09:48:36.073
2829	3	2	0	8.5	-9	0.00	17.84	2.67	GOOD_DELIVERY	2026-05-15 09:48:36.073
2042	2	2	0	7	-17	0.00	16.49	5	FAST_RELIABLE	2026-05-15 09:48:36.073
2288	1	2	0	4	-17	0.00	9.34	4	FAST_RELIABLE	2026-05-15 09:48:36.073
2583	2	2	0	4.5	-9	0.00	9.11	3.5	GOOD_DELIVERY	2026-05-15 09:48:36.073
370	1	1	0	6	-4	0.00	8.29	1	GOOD_DELIVERY	2026-05-15 09:48:36.073
605	31	32	1	14.53	-17.22	3.13	17.81	4.13	FAST_RELIABLE	2026-05-15 09:48:36.073
2265	18	22	0	4.73	-9.77	0.00	10.66	4.64	FAST_RELIABLE	2026-05-15 09:48:36.073
1103	9	10	1	4.7	-9.7	10.00	9.75	4.9	GOOD_DELIVERY	2026-05-15 09:48:36.073
771	8	10	2	15.9	-6.5	20.00	18.21	4.1	REGULAR	2026-05-15 09:48:36.073
273	27	35	1	9.54	-16.14	2.86	16.10	4.63	FAST_RELIABLE	2026-05-15 09:48:36.073
1269	2	0	0	NULL	NULL	0.00	14.12	1	GOOD_DELIVERY	2026-05-15 09:48:36.073
1767	5	5	0	15.8	-21.6	0.00	40.29	4.6	FAST_RELIABLE	2026-05-15 09:48:36.073
2763	1	1	0	15	-13	0.00	18.23	5	FAST_RELIABLE	2026-05-15 09:48:36.073
1246	34	37	2	7.11	-13.65	5.13	24.32	4.23	GOOD_DELIVERY	2026-05-15 09:48:36.073
1412	87	91	1	9.57	-12.26	1.10	14.33	4.43	FAST_RELIABLE	2026-05-15 09:48:36.073
748	9	10	0	9.9	-17	0.00	25.58	3.9	GOOD_DELIVERY	2026-05-15 09:48:36.073
250	25	26	4	15.46	-7.62	15.38	25.60	4.12	REGULAR	2026-05-15 09:48:36.073
1744	5	5	1	13.8	-7.8	20.00	13.09	4.8	REGULAR	2026-05-15 09:48:36.073
914	4	4	0	10	-14.25	0.00	49.08	4.5	FAST_RELIABLE	2026-05-15 09:48:36.073
1910	4	9	0	9	-22.33	0.00	14.61	2.33	GOOD_DELIVERY	2026-05-15 09:48:36.073
58	89	96	6	11.29	-10.76	6.12	14.75	4.41	GOOD_DELIVERY	2026-05-15 09:48:36.073
2145	24	25	0	9.96	-17.44	0.00	14.86	4.52	FAST_RELIABLE	2026-05-15 09:48:36.073
2812	36	44	3	12.61	-20.39	6.25	42.74	3.35	GOOD_DELIVERY	2026-05-15 09:48:36.073
891	4	5	0	12.8	-14	0.00	26.48	4.6	FAST_RELIABLE	2026-05-15 09:48:36.073
2477	2	1	0	21	-18	0.00	35.23	2.5	GOOD_DELIVERY	2026-05-15 09:48:36.073
1126	4	3	2	26	-2.67	50.00	62.41	3.25	DELIVERY_RISK	2026-05-15 09:48:36.073
1077	8	8	0	9.63	-10.5	0.00	13.17	4.75	FAST_RELIABLE	2026-05-15 09:48:36.073
2786	24	23	0	10.22	-16.04	0.00	15.27	3.62	GOOD_DELIVERY	2026-05-15 09:48:36.073
2122	11	9	4	23.11	2.44	33.33	17.72	3.08	DELIVERY_RISK	2026-05-15 09:48:36.073
413	4	6	0	9.5	-17.67	0.00	15.07	3.5	GOOD_DELIVERY	2026-05-15 09:48:36.073
81	4	4	1	6.5	-6.25	25.00	7.93	4	REGULAR	2026-05-15 09:48:36.073
536	1	1	0	11	-28	0.00	18.63	5	FAST_RELIABLE	2026-05-15 09:48:36.073
1936	6	6	0	7.5	-10.33	0.00	13.51	4.83	FAST_RELIABLE	2026-05-15 09:48:36.073
2600	2	1	0	19	-10	0.00	10.40	2.33	GOOD_DELIVERY	2026-05-15 09:48:36.073
436	2	2	1	17	-6.5	50.00	14.76	4.5	DELIVERY_RISK	2026-05-15 09:48:36.073
2102	4	5	0	8	-14.6	0.00	18.00	3.2	GOOD_DELIVERY	2026-05-15 09:48:36.073
1438	1	1	0	6	-15	0.00	17.07	3	GOOD_DELIVERY	2026-05-15 09:48:36.073
2451	4	4	0	9	-22.75	0.00	15.24	4.75	FAST_RELIABLE	2026-05-15 09:48:36.073
1953	2	0	0	NULL	NULL	0.00	19.87	1	GOOD_DELIVERY	2026-05-15 09:48:36.073
1289	2	2	0	6.5	-6	0.00	24.51	5	FAST_RELIABLE	2026-05-15 09:48:36.073
1787	2	3	0	5.67	-15.33	0.00	10.96	4.33	FAST_RELIABLE	2026-05-15 09:48:36.073
2643	13	14	1	8.29	-10.79	7.14	13.07	4.71	GOOD_DELIVERY	2026-05-15 09:48:36.073
64	12	12	1	9.58	-11.58	7.69	59.96	3.38	GOOD_DELIVERY	2026-05-15 09:48:36.073
728	10	8	0	9.88	-11.88	0.00	15.18	3.9	GOOD_DELIVERY	2026-05-15 09:48:36.073
1979	44	42	2	19.14	-15.88	4.35	26.15	3.91	GOOD_DELIVERY	2026-05-15 09:48:36.073
1146	31	32	1	9.66	-13.53	3.13	16.38	3.94	GOOD_DELIVERY	2026-05-15 09:48:36.073
1810	1	1	0	6	-13	0.00	16.11	2	GOOD_DELIVERY	2026-05-15 09:48:36.073
2620	12	14	2	16.14	-9.5	14.29	37.22	4.21	REGULAR	2026-05-15 09:48:36.073
579	7	6	3	20.33	-2.67	42.86	46.41	1.43	DELIVERY_RISK	2026-05-15 09:48:36.073
2743	1	1	0	7	-7	0.00	48.71	4	FAST_RELIABLE	2026-05-15 09:48:36.073
2079	4	3	0	16.33	-10.33	0.00	18.47	3.5	GOOD_DELIVERY	2026-05-15 09:48:36.073
38	7	6	0	15.17	-16.67	0.00	39.25	3.14	GOOD_DELIVERY	2026-05-15 09:48:36.073
350	92	97	9	15.57	-11.98	9.18	21.48	3.82	GOOD_DELIVERY	2026-05-15 09:48:36.073
101	77	81	2	8.06	-9.7	2.47	12.37	4.54	FAST_RELIABLE	2026-05-15 09:48:36.073
599	1	1	0	11	-15	0.00	15.10	5	FAST_RELIABLE	2026-05-15 09:48:36.073
2520	1	0	0	NULL	NULL	0.00	8.72	5	FAST_RELIABLE	2026-05-15 09:48:36.073
1916	10	13	0	12.85	-13.92	0.00	18.74	4.08	FAST_RELIABLE	2026-05-15 09:48:36.073
207	4	4	0	4.5	-12	0.00	51.06	4.75	FAST_RELIABLE	2026-05-15 09:48:36.073
1369	2	2	0	5.5	-11	0.00	12.89	5	FAST_RELIABLE	2026-05-15 09:48:36.073
2414	4	7	0	8.43	-21.29	0.00	16.35	4.38	FAST_RELIABLE	2026-05-15 09:48:36.073
2912	1	1	0	10	-22	0.00	13.99	1	GOOD_DELIVERY	2026-05-15 09:48:36.073
2308	36	38	3	12.18	-6.53	7.50	11.33	3.73	GOOD_DELIVERY	2026-05-15 09:48:36.073
977	34	38	1	9.26	-9.45	2.56	12.47	4.46	FAST_RELIABLE	2026-05-15 09:48:36.073
3055	2	4	0	6.5	-12.5	0.00	11.41	5	FAST_RELIABLE	2026-05-15 09:48:36.073
2222	33	38	0	7.53	-16.32	0.00	16.28	4.11	FAST_RELIABLE	2026-05-15 09:48:36.073
1973	6	7	1	15.86	-10.29	14.29	34.29	4.14	REGULAR	2026-05-15 09:48:36.073
1226	2	2	0	9.5	-19.5	0.00	20.55	4.5	FAST_RELIABLE	2026-05-15 09:48:36.073
2059	1	1	0	6	-16	0.00	14.28	4	FAST_RELIABLE	2026-05-15 09:48:36.073
2663	55	58	3	12.12	-15.19	5.17	61.75	4.12	GOOD_DELIVERY	2026-05-15 09:48:36.073
585	6	6	2	6.5	-2.83	33.33	12.05	4.33	DELIVERY_RISK	2026-05-15 09:48:36.073
1581	19	18	1	7.17	-9.56	5.26	12.82	4.37	GOOD_DELIVERY	2026-05-15 09:48:36.073
44	9	9	1	10.56	-12.56	11.11	19.14	4.11	REGULAR	2026-05-15 09:48:36.073
1040	5	5	0	8.6	-17.2	0.00	20.46	4.4	FAST_RELIABLE	2026-05-15 09:48:36.073
1667	1	1	0	15	-19	0.00	18.82	5	FAST_RELIABLE	2026-05-15 09:48:36.073
1183	28	33	1	5.52	-9.09	3.03	26.66	4.7	FAST_RELIABLE	2026-05-15 09:48:36.073
1432	5	5	1	13.2	-7.8	20.00	13.54	4	REGULAR	2026-05-15 09:48:36.073
934	14	14	1	9.14	-18.36	7.14	18.09	4.07	GOOD_DELIVERY	2026-05-15 09:48:36.073
685	15	15	4	14.27	-5.2	26.67	24.75	3.87	REGULAR	2026-05-15 09:48:36.073
2849	2	3	1	16.67	-6.67	33.33	20.52	2.33	DELIVERY_RISK	2026-05-15 09:48:36.073
293	410	522	52	12.73	-10.09	9.85	15.38	3.8	GOOD_DELIVERY	2026-05-15 09:48:36.073
791	21	41	1	8.61	-11.54	2.44	11.53	3.71	GOOD_DELIVERY	2026-05-15 09:48:36.073
1332	12	13	0	15.77	-10.23	0.00	17.13	4.31	FAST_RELIABLE	2026-05-15 09:48:36.073
2998	3	0	0	NULL	NULL	0.00	19.25	1	GOOD_DELIVERY	2026-05-15 09:48:36.073
2457	13	14	1	9.07	-11.36	7.14	16.71	4.36	GOOD_DELIVERY	2026-05-15 09:48:36.073
834	9	12	2	6	-6.92	16.67	11.77	4.83	REGULAR	2026-05-15 09:48:36.073
2955	1	2	0	21	-14	0.00	15.10	2	GOOD_DELIVERY	2026-05-15 09:48:36.073
1724	2	2	0	10	-20	0.00	25.97	5	FAST_RELIABLE	2026-05-15 09:48:36.073
1475	10	10	0	9.9	-11.7	0.00	19.26	4.6	FAST_RELIABLE	2026-05-15 09:48:36.073
2557	14	15	1	12.73	-15.53	6.67	30.28	3.7	GOOD_DELIVERY	2026-05-15 09:48:36.073
642	13	13	3	9.38	-11.62	23.08	18.43	4.23	REGULAR	2026-05-15 09:48:36.073
2806	2	2	0	10.5	-13	0.00	17.96	5	FAST_RELIABLE	2026-05-15 09:48:36.073
393	2	1	1	39	17	50.00	17.27	2.5	DELIVERY_RISK	2026-05-15 09:48:36.073
1624	40	42	2	15.74	-11.88	4.76	21.75	4.36	FAST_RELIABLE	2026-05-15 09:48:36.073
542	2	2	0	8.5	-5.5	0.00	52.19	4.5	FAST_RELIABLE	2026-05-15 09:48:36.073
2165	1	1	0	19	-10	0.00	16.17	1	GOOD_DELIVERY	2026-05-15 09:48:36.073
1	3	3	0	10.67	-16.33	0.00	21.02	3.67	GOOD_DELIVERY	2026-05-15 09:48:36.073
1083	1	0	0	NULL	NULL	0.00	8.91	1	GOOD_DELIVERY	2026-05-15 09:48:36.073
2706	1	1	0	2	-11	0.00	8.30	4	FAST_RELIABLE	2026-05-15 09:48:36.073
1020	158	169	10	9.1	-12.5	5.85	14.46	4.16	GOOD_DELIVERY	2026-05-15 09:48:36.073
2016	21	24	2	13.58	-10.79	8.33	14.50	4.29	GOOD_DELIVERY	2026-05-15 09:48:36.073
356	8	8	1	11	-15.63	12.50	16.09	3.75	REGULAR	2026-05-15 09:48:36.073
2348	2	1	0	15	-9	0.00	36.45	2.5	GOOD_DELIVERY	2026-05-15 09:48:36.073
1684	6	6	0	6.5	-12.5	0.00	21.92	4.17	FAST_RELIABLE	2026-05-15 09:48:36.073
2680	1	1	0	6	-7	0.00	29.38	5	FAST_RELIABLE	2026-05-15 09:48:36.073
1352	10	9	1	8.22	-10.44	10.00	23.78	4	GOOD_DELIVERY	2026-05-15 09:48:36.073
688	6	5	0	11.4	-13.8	0.00	15.23	3.5	GOOD_DELIVERY	2026-05-15 09:48:36.073
1707	140	148	20	14.36	-10.03	13.16	16.69	3.76	REGULAR	2026-05-15 09:48:36.073
1375	313	321	35	14.72	-10.42	10.74	17.11	3.74	REGULAR	2026-05-15 09:48:36.073
3035	6	6	0	6.33	-17.17	0.00	22.88	4.67	FAST_RELIABLE	2026-05-15 09:48:36.073
2039	1	1	0	11	-9	0.00	21.91	5	FAST_RELIABLE	2026-05-15 09:48:36.073
2371	7	6	0	13.17	-11.17	0.00	16.28	5	FAST_RELIABLE	2026-05-15 09:48:36.073
2703	18	19	1	13.26	-14.32	5.00	21.27	4.55	FAST_RELIABLE	2026-05-15 09:48:36.073
1043	2	2	0	6.5	-10.5	0.00	16.85	5	FAST_RELIABLE	2026-05-15 09:48:36.073
2726	16	19	0	6.95	-11.42	0.00	17.19	4.32	FAST_RELIABLE	2026-05-15 09:48:36.073
141	9	14	0	7	-15.71	0.00	18.99	4.79	FAST_RELIABLE	2026-05-15 09:48:36.073
2062	5	7	0	12.14	-19.29	0.00	20.11	4.14	FAST_RELIABLE	2026-05-15 09:48:36.073
3058	9	12	3	13.42	-10.58	25.00	19.47	3.67	REGULAR	2026-05-15 09:48:36.073
2394	1	1	1	4	1	100.00	13.25	4	DELIVERY_RISK	2026-05-15 09:48:36.073
2895	1	1	1	25	1	100.00	58.10	4	DELIVERY_RISK	2026-05-15 09:48:36.073
2872	162	170	13	11.74	-13.25	7.60	22.28	4.43	GOOD_DELIVERY	2026-05-15 09:48:36.073
2749	35	35	0	11.6	-19.54	0.00	32.65	4.42	FAST_RELIABLE	2026-05-15 09:48:36.073
3081	7	7	0	7.43	-8	0.00	16.41	4.57	FAST_RELIABLE	2026-05-15 09:48:36.073
2208	7	10	0	5.6	-11.1	0.00	25.38	4.7	FAST_RELIABLE	2026-05-15 09:48:36.073
2540	1	1	1	35	2	100.00	16.14	4	DELIVERY_RISK	2026-05-15 09:48:36.073
851	68	89	2	11.2	-12.85	2.20	22.88	3.76	GOOD_DELIVERY	2026-05-15 09:48:36.073
2517	16	16	0	14.19	-8.69	0.00	27.09	3.94	GOOD_DELIVERY	2026-05-15 09:48:36.073
187	10	11	0	12.36	-17.27	0.00	23.13	4.82	FAST_RELIABLE	2026-05-15 09:48:36.073
1515	2	2	0	9.5	-11.5	0.00	22.91	5	FAST_RELIABLE	2026-05-15 09:48:36.073
1853	5	5	0	6.4	-12.6	0.00	15.71	4.4	FAST_RELIABLE	2026-05-15 09:48:36.073
502	51	53	4	12.81	-10.09	7.55	15.21	4.09	GOOD_DELIVERY	2026-05-15 09:48:36.073
164	51	58	11	18.21	-10.12	18.97	28.01	3.78	REGULAR	2026-05-15 09:48:36.073
287	3	3	0	8.67	-2.67	0.00	14.62	4.67	FAST_RELIABLE	2026-05-15 09:48:36.073
1166	9	10	0	6.1	-9.9	0.00	22.67	3.7	GOOD_DELIVERY	2026-05-15 09:48:36.073
828	6	3	2	15	-0.33	33.33	17.94	2.5	DELIVERY_RISK	2026-05-15 09:48:36.073
2494	1	1	0	15	-17	0.00	56.33	4	FAST_RELIABLE	2026-05-15 09:48:36.073
1830	1	1	0	4	-26	0.00	18.23	5	FAST_RELIABLE	2026-05-15 09:48:36.073
1561	330	315	18	11.33	-12.03	5.41	18.56	4.19	GOOD_DELIVERY	2026-05-15 09:48:36.073
1807	35	34	3	19.68	-11.29	8.33	19.14	3.78	GOOD_DELIVERY	2026-05-15 09:48:36.073
1143	94	94	8	12.61	-9	8.42	23.08	4.05	GOOD_DELIVERY	2026-05-15 09:48:36.073
2225	6	4	1	11.75	-22.75	16.67	11.17	3.33	REGULAR	2026-05-15 09:48:36.073
310	19	29	3	8.1	-12.76	10.34	34.92	3.66	REGULAR	2026-05-15 09:48:36.073
2889	20	21	2	6.86	-10.14	9.09	16.50	3.91	GOOD_DELIVERY	2026-05-15 09:48:36.073
479	1	1	0	11	-10	0.00	17.14	5	FAST_RELIABLE	2026-05-15 09:48:36.073
974	4	4	0	15.5	-25.5	0.00	49.46	4.25	FAST_RELIABLE	2026-05-15 09:48:36.073
897	1	0	0	NULL	NULL	0.00	19.28	1	GOOD_DELIVERY	2026-05-15 09:48:36.073
874	54	65	5	7.18	-11.35	7.58	13.44	3.89	GOOD_DELIVERY	2026-05-15 09:48:36.073
210	5	5	0	9.2	-13.8	0.00	24.99	3.6	GOOD_DELIVERY	2026-05-15 09:48:36.073
1661	13	11	1	18.18	-12.73	7.69	114.04	3.31	GOOD_DELIVERY	2026-05-15 09:48:36.073
456	7	7	0	10.71	-13.57	0.00	17.70	4.43	FAST_RELIABLE	2026-05-15 09:48:36.073
997	1	1	0	5	-10	0.00	13.12	3	GOOD_DELIVERY	2026-05-15 09:48:36.073
1120	16	22	0	10.41	-12.09	0.00	10.29	3.64	GOOD_DELIVERY	2026-05-15 09:48:36.073
333	4	3	1	14	-10.67	25.00	110.77	4.5	REGULAR	2026-05-15 09:48:36.073
1538	2	1	0	2	-22	0.00	10.27	2	GOOD_DELIVERY	2026-05-15 09:48:36.073
2202	2	1	0	8	-21	0.00	14.31	3.5	GOOD_DELIVERY	2026-05-15 09:48:36.073
18	11	12	0	8.75	-12.58	0.00	12.24	3.83	GOOD_DELIVERY	2026-05-15 09:48:36.073
3018	8	8	1	6.13	-6.13	12.50	12.48	4.75	REGULAR	2026-05-15 09:48:36.073
765	1	0	0	NULL	NULL	0.00	20.80	0	GOOD_DELIVERY	2026-05-15 09:48:36.073
2686	3	3	0	6.33	-16.67	0.00	14.66	3.33	GOOD_DELIVERY	2026-05-15 09:48:36.073
2935	1	1	0	9	-13	0.00	16.17	5	FAST_RELIABLE	2026-05-15 09:48:36.073
373	78	77	4	14.55	-13.49	5.06	30.90	4.04	GOOD_DELIVERY	2026-05-15 09:48:36.073
705	83	95	8	9.79	-10.78	8.08	18.74	3.93	GOOD_DELIVERY	2026-05-15 09:48:36.073
2248	18	38	0	7.87	-24.32	0.00	12.44	2.66	GOOD_DELIVERY	2026-05-15 09:48:36.073
2580	3	3	0	9.33	-13	0.00	24.41	4.67	FAST_RELIABLE	2026-05-15 09:48:36.073
1644	17	19	1	7.47	-11.05	5.26	13.31	4.47	GOOD_DELIVERY	2026-05-15 09:48:36.073
2972	19	19	1	12.42	-9.74	5.26	14.51	4	GOOD_DELIVERY	2026-05-15 09:48:36.073
1312	2	2	0	9	-16	0.00	16.63	3	GOOD_DELIVERY	2026-05-15 09:48:36.073
2640	1	1	0	11	-8	0.00	12.79	5	FAST_RELIABLE	2026-05-15 09:48:36.073
1999	17	18	0	17.22	-14.72	0.00	16.26	4.37	FAST_RELIABLE	2026-05-15 09:48:36.073
2331	1	1	1	28	6	100.00	61.28	3	DELIVERY_RISK	2026-05-15 09:48:36.073
1847	83	86	10	18.09	-9.76	11.36	24.45	2.83	REGULAR	2026-05-15 09:48:36.073
2434	1	1	0	7	-16	0.00	31.20	5	FAST_RELIABLE	2026-05-15 09:48:36.073
519	30	31	3	13.29	-14.74	9.68	32.28	4.19	GOOD_DELIVERY	2026-05-15 09:48:36.073
2185	1	1	0	17	-18	0.00	18.61	5	FAST_RELIABLE	2026-05-15 09:48:36.073
270	29	30	2	13.97	-10	6.25	29.09	3.63	GOOD_DELIVERY	2026-05-15 09:48:36.073
1598	2	2	0	16	-7	0.00	16.78	4.5	FAST_RELIABLE	2026-05-15 09:48:36.073
1498	135	139	8	15.28	-12.36	5.63	27.94	3.99	GOOD_DELIVERY	2026-05-15 09:48:36.073
2826	129	148	15	12.64	-9.68	10.14	13.44	3.89	REGULAR	2026-05-15 09:48:36.073
2832	48	50	12	14.52	-7.22	24.00	16.48	3.78	REGULAR	2026-05-15 09:48:36.073
2285	6	6	0	7	-11.33	0.00	15.57	4.5	FAST_RELIABLE	2026-05-15 09:48:36.073
957	1	0	0	NULL	NULL	0.00	16.99	1	GOOD_DELIVERY	2026-05-15 09:48:36.073
1060	4	9	1	12.22	-11	11.11	203.80	4.44	REGULAR	2026-05-15 09:48:36.073
1893	2	3	0	10	-18	0.00	19.04	2.33	GOOD_DELIVERY	2026-05-15 09:48:36.073
811	1	1	0	19	-10	0.00	14.52	5	FAST_RELIABLE	2026-05-15 09:48:36.073
2139	19	20	0	10.7	-21.15	0.00	19.85	4.95	FAST_RELIABLE	2026-05-15 09:48:36.073
1306	8	8	0	11.38	-13.63	0.00	41.32	4.38	FAST_RELIABLE	2026-05-15 09:48:36.073
224	1	1	0	13	-19	0.00	132.95	4	FAST_RELIABLE	2026-05-15 09:48:36.073
1993	128	141	14	13.13	-10.21	9.86	20.07	3.95	GOOD_DELIVERY	2026-05-15 09:48:36.073
1747	106	108	8	16.47	-13.48	7.02	20.04	3.82	GOOD_DELIVERY	2026-05-15 09:48:36.073
665	7	12	5	12.67	-7.33	41.67	17.24	3.33	DELIVERY_RISK	2026-05-15 09:48:36.073
2534	9	9	1	12	-14.44	11.11	14.66	4.11	REGULAR	2026-05-15 09:48:36.073
1206	22	20	1	9.6	-12.05	4.55	13.92	3.95	GOOD_DELIVERY	2026-05-15 09:48:36.073
3075	9	10	0	13.1	-17.9	0.00	35.57	4.6	FAST_RELIABLE	2026-05-15 09:48:36.073
124	5	5	0	6.4	-4.4	0.00	14.57	5	FAST_RELIABLE	2026-05-15 09:48:36.073
1452	2	2	0	10	-20	0.00	69.97	5	FAST_RELIABLE	2026-05-15 09:48:36.073
911	2	3	0	6.33	-16.67	0.00	15.13	3.67	GOOD_DELIVERY	2026-05-15 09:48:36.073
2431	58	58	2	12.26	-13.36	3.45	31.82	4.57	FAST_RELIABLE	2026-05-15 09:48:36.073
2597	12	14	0	11.07	-8.79	0.00	16.56	4.43	FAST_RELIABLE	2026-05-15 09:48:36.073
2099	5	5	0	7	-8.8	0.00	13.03	4	FAST_RELIABLE	2026-05-15 09:48:36.073
1435	2	2	0	15	-15	0.00	14.64	2.5	GOOD_DELIVERY	2026-05-15 09:48:36.073
1933	2	2	0	7	-14	0.00	19.04	3.5	GOOD_DELIVERY	2026-05-15 09:48:36.073
1601	15	15	2	13.87	-11.67	13.33	18.40	4.13	REGULAR	2026-05-15 09:48:36.073
937	2	2	0	19	-15.5	0.00	33.92	3	GOOD_DELIVERY	2026-05-15 09:48:36.073
439	1	1	0	8	-12	0.00	19.55	5	FAST_RELIABLE	2026-05-15 09:48:36.073
582	34	36	1	7.5	-9.67	2.78	16.52	4.64	FAST_RELIABLE	2026-05-15 09:48:36.073
84	26	30	3	9.67	-14.67	10.00	17.53	4.37	GOOD_DELIVERY	2026-05-15 09:48:36.073
416	70	79	11	13.85	-11.32	13.75	27.10	3.61	REGULAR	2026-05-15 09:48:36.073
1578	1	0	0	NULL	NULL	0.00	24.84	3	GOOD_DELIVERY	2026-05-15 09:48:36.073
1080	1	2	2	69	22	100.00	20.74	1	DELIVERY_RISK	2026-05-15 09:48:36.073
2076	1	0	0	NULL	NULL	0.00	9.34	1	GOOD_DELIVERY	2026-05-15 09:48:36.073
1223	104	120	9	10.58	-9.74	7.44	17.53	4.25	GOOD_DELIVERY	2026-05-15 09:48:36.073
2809	87	85	4	16.78	-18.79	4.35	19.15	3.73	GOOD_DELIVERY	2026-05-15 09:48:36.073
227	17	19	1	9.32	-19.16	5.26	14.26	3.74	GOOD_DELIVERY	2026-05-15 09:48:36.073
1813	5	4	1	13.75	-7.75	20.00	13.05	3.2	REGULAR	2026-05-15 09:48:36.073
559	1	1	0	11	-15	0.00	15.10	5	FAST_RELIABLE	2026-05-15 09:48:36.073
1790	6	6	0	16.17	-12.83	0.00	24.27	3.83	GOOD_DELIVERY	2026-05-15 09:48:36.073
204	5	5	0	5.8	-9.2	0.00	16.30	4.6	FAST_RELIABLE	2026-05-15 09:48:36.073
1458	15	15	3	5.27	-8.2	20.00	10.29	4.6	REGULAR	2026-05-15 09:48:36.073
745	7	7	0	11.57	-20.29	0.00	20.71	4.86	FAST_RELIABLE	2026-05-15 09:48:36.073
2454	1	1	1	45	14	100.00	17.81	1	DELIVERY_RISK	2026-05-15 09:48:36.073
1266	18	18	3	5.83	-6.17	16.67	17.40	4.06	REGULAR	2026-05-15 09:48:36.073
1100	14	14	2	4.07	-4.57	14.29	10.98	4.64	REGULAR	2026-05-15 09:48:36.073
1272	5	6	0	4.67	-14.67	0.00	17.20	4.67	FAST_RELIABLE	2026-05-15 09:48:36.073
1764	3	3	1	7.67	-4.67	33.33	13.33	3	DELIVERY_RISK	2026-05-15 09:48:36.073
602	2	2	0	7	-23.5	0.00	33.72	5	FAST_RELIABLE	2026-05-15 09:48:36.073
2766	1	1	0	5	-20	0.00	50.98	5	FAST_RELIABLE	2026-05-15 09:48:36.073
2666	4	4	0	10	-13.5	0.00	23.14	4.75	FAST_RELIABLE	2026-05-15 09:48:36.073
1123	10	12	0	7	-17.08	0.00	15.74	4.42	FAST_RELIABLE	2026-05-15 09:48:36.073
625	24	24	0	10.17	-16.92	0.00	31.61	3.83	GOOD_DELIVERY	2026-05-15 09:48:36.073
2623	19	22	1	11.45	-7.86	4.55	15.40	4.23	FAST_RELIABLE	2026-05-15 09:48:36.073
459	4	4	0	6.75	-10.25	0.00	17.50	4	FAST_RELIABLE	2026-05-15 09:48:36.073
2125	10	10	1	10.1	-19.8	10.00	11.28	4.8	GOOD_DELIVERY	2026-05-15 09:48:36.073
2617	3	3	0	10	-15.33	0.00	22.30	4.67	FAST_RELIABLE	2026-05-15 09:48:36.073
2789	1	2	0	4	-13	0.00	8.72	5	FAST_RELIABLE	2026-05-15 09:48:36.073
61	62	62	7	12.94	-12.39	11.11	19.93	4.1	REGULAR	2026-05-15 09:48:36.073
1392	319	328	26	14.69	-13.85	7.85	20.89	4.02	GOOD_DELIVERY	2026-05-15 09:48:36.073
2056	1	1	0	8	-18	0.00	15.57	5	FAST_RELIABLE	2026-05-15 09:48:36.073
725	2	2	0	7	-16.5	0.00	21.04	4.5	FAST_RELIABLE	2026-05-15 09:48:36.073
2474	1	1	0	12	-27	0.00	39.02	4	FAST_RELIABLE	2026-05-15 09:48:36.073
1415	94	111	11	10.89	-11.12	9.73	43.89	4.24	GOOD_DELIVERY	2026-05-15 09:48:36.073
1292	13	20	0	12.5	-12.7	0.00	26.23	4.4	FAST_RELIABLE	2026-05-15 09:48:36.073
1833	51	64	3	11.08	-14.2	4.55	24.16	3.18	GOOD_DELIVERY	2026-05-15 09:48:36.073
751	12	14	0	10.5	-17.79	0.00	17.54	3.06	GOOD_DELIVERY	2026-05-15 09:48:36.073
1956	1	1	1	6	0	100.00	10.57	5	DELIVERY_RISK	2026-05-15 09:48:36.073
2497	3	2	0	11	-8.5	0.00	19.91	2.33	GOOD_DELIVERY	2026-05-15 09:48:36.073
433	158	163	9	10.48	-12.25	5.49	22.41	3.88	GOOD_DELIVERY	2026-05-15 09:48:36.073
2852	83	84	3	12.86	-11.24	3.45	19.70	4.11	FAST_RELIABLE	2026-05-15 09:48:36.073
682	23	24	3	14.96	-12.38	12.00	14.54	3.8	REGULAR	2026-05-15 09:48:36.073
2354	111	125	6	9.53	-15.31	4.80	33.74	3.69	GOOD_DELIVERY	2026-05-15 09:48:36.073
2603	10	10	1	8.9	-12.3	10.00	21.93	3.7	GOOD_DELIVERY	2026-05-15 09:48:36.073
539	43	42	6	13.86	-10.17	13.64	17.10	3.7	REGULAR	2026-05-15 09:48:36.073
1037	6	6	0	9.33	-14.17	0.00	19.42	4.67	FAST_RELIABLE	2026-05-15 09:48:36.073
1535	21	21	1	7.71	-11.38	4.55	12.17	4.36	FAST_RELIABLE	2026-05-15 09:48:36.073
41	2	2	1	22.5	-1.5	50.00	45.43	3.5	DELIVERY_RISK	2026-05-15 09:48:36.073
2746	1	0	0	NULL	NULL	0.00	50.09	1	GOOD_DELIVERY	2026-05-15 09:48:36.073
1584	1	1	1	21	5	100.00	193.21	0	DELIVERY_RISK	2026-05-15 09:48:36.073
2305	1	0	0	NULL	NULL	0.00	9.26	2	GOOD_DELIVERY	2026-05-15 09:48:36.073
894	215	218	17	9.38	-9.25	7.76	15.27	4.35	GOOD_DELIVERY	2026-05-15 09:48:36.073
1976	1	1	0	13	-16	0.00	34.40	5	FAST_RELIABLE	2026-05-15 09:48:36.073
980	4	4	0	12.25	-11.25	0.00	20.21	4.25	FAST_RELIABLE	2026-05-15 09:48:36.073
645	2	1	0	2	-15	0.00	11.25	3	GOOD_DELIVERY	2026-05-15 09:48:36.073
1727	2	1	0	16	-12	0.00	22.19	3	GOOD_DELIVERY	2026-05-15 09:48:36.073
1372	212	223	20	10.14	-10.44	8.77	14.11	3.48	GOOD_DELIVERY	2026-05-15 09:48:36.073
2995	217	227	38	13.08	-9.04	16.67	18.78	4.21	REGULAR	2026-05-15 09:48:36.073
1286	7	7	0	10.86	-12.43	0.00	45.87	4.86	FAST_RELIABLE	2026-05-15 09:48:36.073
2368	1	1	0	12	-14	0.00	15.23	5	FAST_RELIABLE	2026-05-15 09:48:36.073
1913	10	10	1	14.2	-11.6	10.00	14.11	3.5	GOOD_DELIVERY	2026-05-15 09:48:36.073
2909	11	11	0	8.64	-12	0.00	13.61	4.73	FAST_RELIABLE	2026-05-15 09:48:36.073
290	4	5	0	4.8	-9.8	0.00	12.53	3.8	GOOD_DELIVERY	2026-05-15 09:48:36.073
2019	6	7	0	18.71	-9.29	0.00	29.53	3.86	GOOD_DELIVERY	2026-05-15 09:48:36.073
104	4	8	1	13.75	-18	12.50	25.69	4.13	REGULAR	2026-05-15 09:48:36.073
1521	1	1	0	11	-15	0.00	12.69	3	GOOD_DELIVERY	2026-05-15 09:48:36.073
2268	2	2	0	4.5	-13	0.00	11.16	2	GOOD_DELIVERY	2026-05-15 09:48:36.073
1770	2	8	0	16.5	-11	0.00	48.45	2.5	GOOD_DELIVERY	2026-05-15 09:48:36.073
2119	4	4	0	13.25	-12.75	0.00	28.34	4	FAST_RELIABLE	2026-05-15 09:48:36.073
2660	15	15	0	11.6	-18.73	0.00	109.77	4.6	FAST_RELIABLE	2026-05-15 09:48:36.073
1621	2	2	0	5.5	-16	0.00	25.49	5	FAST_RELIABLE	2026-05-15 09:48:36.073
496	1	2	2	40	17	100.00	32.22	1	DELIVERY_RISK	2026-05-15 09:48:36.073
2162	3	3	0	7	-13.67	0.00	11.26	5	FAST_RELIABLE	2026-05-15 09:48:36.073
2560	18	19	1	13.11	-12.89	5.00	15.79	4.1	FAST_RELIABLE	2026-05-15 09:48:36.073
147	4	4	0	8.25	-18	0.00	17.05	4.75	FAST_RELIABLE	2026-05-15 09:48:36.073
2311	6	6	0	11.5	-25.17	0.00	16.29	3.08	GOOD_DELIVERY	2026-05-15 09:48:36.073
396	1	0	0	NULL	NULL	0.00	19.57	1	GOOD_DELIVERY	2026-05-15 09:48:36.073
1229	1	1	0	10	-9	0.00	43.60	5	FAST_RELIABLE	2026-05-15 09:48:36.073
1478	1	1	1	33	10	100.00	21.30	1	DELIVERY_RISK	2026-05-15 09:48:36.073
247	243	263	19	14.21	-13.68	7.17	25.05	4.22	GOOD_DELIVERY	2026-05-15 09:48:36.073
1329	6	6	3	34.5	-2.83	42.86	26.51	2.71	DELIVERY_RISK	2026-05-15 09:48:36.073
788	3	3	0	22.33	-10.33	0.00	37.25	4.33	FAST_RELIABLE	2026-05-15 09:48:36.073
2952	6	6	1	14	-6.33	16.67	13.13	4	REGULAR	2026-05-15 09:48:36.073
2411	1	1	0	13	-15	0.00	85.75	5	FAST_RELIABLE	2026-05-15 09:48:36.073
1870	2	3	0	16.67	-5.33	0.00	14.56	2.33	GOOD_DELIVERY	2026-05-15 09:48:36.073
2111	21	26	2	12.77	-13.58	7.69	22.83	3.5	GOOD_DELIVERY	2026-05-15 09:48:36.073
2443	7	7	0	8.29	-11	0.00	14.57	4.86	FAST_RELIABLE	2026-05-15 09:48:36.073
2775	4	4	1	20.25	-6.5	25.00	28.86	4	REGULAR	2026-05-15 09:48:36.073
1779	2	2	0	15	-6	0.00	15.58	5	FAST_RELIABLE	2026-05-15 09:48:36.073
190	3	3	0	7.67	-16.67	0.00	19.80	4.33	FAST_RELIABLE	2026-05-15 09:48:36.073
1092	121	129	17	12.53	-10.01	13.18	36.21	3.94	REGULAR	2026-05-15 09:48:36.073
545	54	55	2	14.38	-17.15	3.64	37.46	4.36	FAST_RELIABLE	2026-05-15 09:48:36.073
2420	4	3	0	25.33	-29	0.00	15.54	2.5	GOOD_DELIVERY	2026-05-15 09:48:36.073
877	13	13	0	16.08	-11	0.00	26.83	3.93	GOOD_DELIVERY	2026-05-15 09:48:36.073
3084	10	10	0	9.5	-13	0.00	13.38	4.2	FAST_RELIABLE	2026-05-15 09:48:36.073
1756	7	8	0	13.25	-17.25	0.00	18.54	3.88	GOOD_DELIVERY	2026-05-15 09:48:36.073
213	3	3	0	19.33	-9	0.00	28.96	2.67	GOOD_DELIVERY	2026-05-15 09:48:36.073
1424	7	7	0	10.86	-15.71	0.00	23.59	4.57	FAST_RELIABLE	2026-05-15 09:48:36.073
2752	3	1	0	10	-13	0.00	91.68	2.33	GOOD_DELIVERY	2026-05-15 09:48:36.073
2088	1	1	0	14	-14	0.00	10.96	5	FAST_RELIABLE	2026-05-15 09:48:36.073
2798	3	3	1	18.33	-2.67	33.33	12.93	3.33	DELIVERY_RISK	2026-05-15 09:48:36.073
2466	1	1	0	11	-8	0.00	14.13	5	FAST_RELIABLE	2026-05-15 09:48:36.073
1610	42	79	5	15.32	-8.14	6.25	18.57	3.35	GOOD_DELIVERY	2026-05-15 09:48:36.073
2274	45	46	1	11.5	-13.28	2.17	19.23	4.43	FAST_RELIABLE	2026-05-15 09:48:36.073
359	2	2	0	5.5	-16	0.00	16.75	5	FAST_RELIABLE	2026-05-15 09:48:36.073
2944	9	9	2	12.44	-8.11	22.22	18.56	4.56	REGULAR	2026-05-15 09:48:36.073
946	4	4	2	17	-6	50.00	18.59	3.75	DELIVERY_RISK	2026-05-15 09:48:36.073
1023	5	10	0	6	-14.5	0.00	13.73	5	FAST_RELIABLE	2026-05-15 09:48:36.073
2938	1	0	0	NULL	NULL	0.00	35.79	1	GOOD_DELIVERY	2026-05-15 09:48:36.073
2961	18	18	1	9.06	-19.89	5.56	13.44	4.67	GOOD_DELIVERY	2026-05-15 09:48:36.073
2297	15	15	3	15.2	-7.4	20.00	14.42	3.73	REGULAR	2026-05-15 09:48:36.073
1633	4	4	0	8.75	-12	0.00	16.23	3.25	GOOD_DELIVERY	2026-05-15 09:48:36.073
336	1	3	0	4	-13	0.00	13.55	5	FAST_RELIABLE	2026-05-15 09:48:36.073
236	9	10	3	20.3	-5.4	30.00	19.14	4	DELIVERY_RISK	2026-05-15 09:48:36.073
1733	27	27	4	19.59	-11.81	14.29	27.05	4.46	REGULAR	2026-05-15 09:48:36.073
405	4	4	0	13.5	-16	0.00	22.71	4.5	FAST_RELIABLE	2026-05-15 09:48:36.073
1564	24	29	4	17.31	-11.83	13.79	20.27	4.48	REGULAR	2026-05-15 09:48:36.073
2397	15	28	0	16.61	-14.54	0.00	20.40	3	GOOD_DELIVERY	2026-05-15 09:48:36.073
1069	3	3	1	22.67	1.33	33.33	12.40	3.67	DELIVERY_RISK	2026-05-15 09:48:36.073
900	1	0	0	NULL	NULL	0.00	32.84	1	GOOD_DELIVERY	2026-05-15 09:48:36.073
1046	15	16	3	16.56	-9.31	18.75	36.03	3.56	REGULAR	2026-05-15 09:48:36.073
1710	5	5	1	5.6	-5.6	20.00	14.66	4.8	REGULAR	2026-05-15 09:48:36.073
923	8	7	0	13	-27.86	0.00	21.02	4	FAST_RELIABLE	2026-05-15 09:48:36.073
2251	16	17	1	14.82	-11.24	5.88	17.81	4.24	GOOD_DELIVERY	2026-05-15 09:48:36.073
259	4	4	0	14.5	-15	0.00	23.61	4.25	FAST_RELIABLE	2026-05-15 09:48:36.073
1587	7	6	1	10.5	-8.83	14.29	41.24	4.43	REGULAR	2026-05-15 09:48:36.073
382	1	1	0	10	-11	0.00	14.73	5	FAST_RELIABLE	2026-05-15 09:48:36.073
528	125	170	29	13.75	-6.88	16.76	14.36	3.85	REGULAR	2026-05-15 09:48:36.073
1109	10	12	1	12.67	-13.33	8.33	21.40	3.67	GOOD_DELIVERY	2026-05-15 09:48:36.073
1856	11	18	0	15.56	-21.44	0.00	28.48	3.11	GOOD_DELIVERY	2026-05-15 09:48:36.073
113	12	12	0	14.25	-11.75	0.00	19.42	3.71	GOOD_DELIVERY	2026-05-15 09:48:36.073
2188	16	17	4	17.76	-7.82	23.53	17.71	4.35	REGULAR	2026-05-15 09:48:36.073
860	2	2	0	24	-9	0.00	18.90	5	FAST_RELIABLE	2026-05-15 09:48:36.073
1441	3	3	0	7	-12.67	0.00	79.24	2.67	GOOD_DELIVERY	2026-05-15 09:48:36.073
1215	268	323	31	14.34	-10.35	9.51	18.27	3.85	GOOD_DELIVERY	2026-05-15 09:48:36.073
2543	214	238	21	12.5	-11.46	8.79	22.49	3.76	GOOD_DELIVERY	2026-05-15 09:48:36.073
754	42	42	1	9.71	-12.17	2.38	15.80	4.19	FAST_RELIABLE	2026-05-15 09:48:36.073
2875	6	8	0	6.5	-8.25	0.00	32.77	3.5	GOOD_DELIVERY	2026-05-15 09:48:36.073
1547	6	6	1	10	-9.17	16.67	26.79	4	REGULAR	2026-05-15 09:48:36.073
422	6	7	0	7.71	-18.29	0.00	13.77	5	FAST_RELIABLE	2026-05-15 09:48:36.073
2735	30	32	4	12.53	-12.56	12.50	20.96	4.5	REGULAR	2026-05-15 09:48:36.073
2234	5	5	0	10.6	-13.4	0.00	18.49	4.2	FAST_RELIABLE	2026-05-15 09:48:36.073
67	10	9	0	14.22	-14.89	0.00	19.69	3.9	GOOD_DELIVERY	2026-05-15 09:48:36.073
1902	1	1	0	7	-11	0.00	58.90	1	GOOD_DELIVERY	2026-05-15 09:48:36.073
3067	17	16	1	10.5	-11.88	5.88	13.23	4.06	GOOD_DELIVERY	2026-05-15 09:48:36.073
2984	5	4	0	15.5	-21.25	0.00	17.37	3.4	GOOD_DELIVERY	2026-05-15 09:48:36.073
2589	21	23	1	11.39	-14.43	4.35	20.78	4	FAST_RELIABLE	2026-05-15 09:48:36.073
2380	11	11	1	21.64	-5.27	9.09	25.20	4	GOOD_DELIVERY	2026-05-15 09:48:36.073
2921	8	10	2	13.2	-6.3	20.00	32.04	2.7	REGULAR	2026-05-15 09:48:36.073
2048	1	2	0	11	-15	0.00	87.71	5	FAST_RELIABLE	2026-05-15 09:48:36.073
27	11	11	2	10	-8.36	18.18	12.63	4.27	REGULAR	2026-05-15 09:48:36.073
3021	2	1	0	12	-27	0.00	14.48	3	GOOD_DELIVERY	2026-05-15 09:48:36.073
1693	2	3	1	21.33	-8.67	33.33	58.78	5	DELIVERY_RISK	2026-05-15 09:48:36.073
1942	6	7	0	9.57	-11.29	0.00	14.96	4.57	FAST_RELIABLE	2026-05-15 09:48:36.073
276	2	2	0	8	-22.5	0.00	22.86	4	FAST_RELIABLE	2026-05-15 09:48:36.073
963	63	77	10	26.44	-16.36	12.82	39.17	3	REGULAR	2026-05-15 09:48:36.073
1006	17	26	1	12.19	-19.58	3.85	32.14	3.42	GOOD_DELIVERY	2026-05-15 09:48:36.073
2334	7	10	0	12.9	-14.6	0.00	20.87	4.5	FAST_RELIABLE	2026-05-15 09:48:36.073
2629	1	1	0	2	-5	0.00	9.18	3	GOOD_DELIVERY	2026-05-15 09:48:36.073
322	29	30	1	11.43	-14.77	3.13	27.74	4.25	FAST_RELIABLE	2026-05-15 09:48:36.073
1401	4	9	0	11.56	-18.44	0.00	16.60	5	FAST_RELIABLE	2026-05-15 09:48:36.073
319	11	11	2	15.36	-6.36	18.18	13.57	4.36	REGULAR	2026-05-15 09:48:36.073
2483	33	38	1	7.55	-16.61	2.63	34.32	4.47	FAST_RELIABLE	2026-05-15 09:48:36.073
2729	11	13	0	8.54	-17.54	0.00	24.62	4.54	FAST_RELIABLE	2026-05-15 09:48:36.073
568	2	4	0	5.25	-10	0.00	15.33	5	FAST_RELIABLE	2026-05-15 09:48:36.073
1647	13	13	1	15	-14.08	7.69	25.72	4.08	GOOD_DELIVERY	2026-05-15 09:48:36.073
1650	1	0	0	NULL	NULL	0.00	17.67	1	GOOD_DELIVERY	2026-05-15 09:48:36.073
1255	159	180	7	12.05	-14.03	3.87	18.11	4.15	FAST_RELIABLE	2026-05-15 09:48:36.073
468	29	27	2	13.11	-11.22	6.90	23.14	4.07	GOOD_DELIVERY	2026-05-15 09:48:36.073
1009	6	6	0	10.33	-16.67	0.00	143.78	3.67	GOOD_DELIVERY	2026-05-15 09:48:36.073
173	7	7	0	8	-12.29	0.00	14.41	3.25	GOOD_DELIVERY	2026-05-15 09:48:36.073
1796	4	4	0	4.5	-15.25	0.00	15.84	5	FAST_RELIABLE	2026-05-15 09:48:36.073
2337	3	3	0	5.33	-2.67	0.00	13.91	4.33	FAST_RELIABLE	2026-05-15 09:48:36.073
960	2	2	0	11	-21	0.00	16.02	5	FAST_RELIABLE	2026-05-15 09:48:36.073
1501	1	0	0	NULL	NULL	0.00	17.78	1	GOOD_DELIVERY	2026-05-15 09:48:36.073
714	1	1	0	20	-9	0.00	151.20	5	FAST_RELIABLE	2026-05-15 09:48:36.073
2194	61	73	4	7.93	-13.56	5.41	17.79	4.49	GOOD_DELIVERY	2026-05-15 09:48:36.073
2526	18	21	1	15.52	-15.52	4.76	37.10	4.52	FAST_RELIABLE	2026-05-15 09:48:36.073
107	71	93	6	10.33	-11.71	6.45	14.72	4.2	GOOD_DELIVERY	2026-05-15 09:48:36.073
3024	55	60	0	14.62	-14.98	0.00	20.03	3.92	GOOD_DELIVERY	2026-05-15 09:48:36.073
2028	15	14	2	16.14	-15.79	13.33	43.92	3.27	REGULAR	2026-05-15 09:48:36.073
2692	1	0	0	NULL	NULL	0.00	15.11	1	GOOD_DELIVERY	2026-05-15 09:48:36.073
2549	522	618	33	14.29	-15.43	5.25	15.22	3.64	GOOD_DELIVERY	2026-05-15 09:48:36.073
3047	114	117	0	9.32	-14.8	0.00	15.85	4.37	FAST_RELIABLE	2026-05-15 09:48:36.073
156	61	73	3	10.51	-9.81	4.11	11.98	4.08	FAST_RELIABLE	2026-05-15 09:48:36.073
820	143	150	7	13.15	-15.8	4.61	20.71	3.73	GOOD_DELIVERY	2026-05-15 09:48:36.073
485	8	8	0	14.5	-17.63	0.00	30.04	5	FAST_RELIABLE	2026-05-15 09:48:36.073
1816	5	5	0	12.6	-8.4	0.00	17.47	5	FAST_RELIABLE	2026-05-15 09:48:36.073
1152	5	5	0	8.6	-12.2	0.00	25.63	4	FAST_RELIABLE	2026-05-15 09:48:36.073
1481	6	6	1	18.83	-7.67	16.67	58.98	4.17	REGULAR	2026-05-15 09:48:36.073
2171	149	179	20	10.85	-12.11	10.87	13.72	4.14	REGULAR	2026-05-15 09:48:36.073
1175	27	29	1	14.07	-13.9	3.45	19.15	4.45	FAST_RELIABLE	2026-05-15 09:48:36.073
2835	11	9	0	16.67	-17.67	0.00	18.68	4.09	FAST_RELIABLE	2026-05-15 09:48:36.073
130	4	11	0	6.73	-14.09	0.00	15.68	2.82	GOOD_DELIVERY	2026-05-15 09:48:36.073
462	2	2	1	10.5	-3	50.00	12.98	3	DELIVERY_RISK	2026-05-15 09:48:36.073
697	6	6	1	9.83	-9.5	16.67	17.85	3.5	REGULAR	2026-05-15 09:48:36.073
2861	36	35	6	16.31	-8.71	16.67	22.75	4.19	REGULAR	2026-05-15 09:48:36.073
1361	11	11	0	14.82	-15.09	0.00	19.99	4.36	FAST_RELIABLE	2026-05-15 09:48:36.073
1859	1	1	1	34	3	100.00	21.31	1	DELIVERY_RISK	2026-05-15 09:48:36.073
1195	4	5	0	11.8	-10	0.00	20.30	4.6	FAST_RELIABLE	2026-05-15 09:48:36.073
1295	24	27	2	8.04	-15.07	7.41	12.43	4.11	GOOD_DELIVERY	2026-05-15 09:48:36.073
797	35	39	1	9.67	-14.31	2.50	19.62	4.2	FAST_RELIABLE	2026-05-15 09:48:36.073
2008	4	5	0	9.8	-15.8	0.00	22.48	4.6	FAST_RELIABLE	2026-05-15 09:48:36.073
2002	2	2	0	5	-6	0.00	14.51	5	FAST_RELIABLE	2026-05-15 09:48:36.073
1836	4	3	2	20.67	-4	50.00	34.14	3.75	DELIVERY_RISK	2026-05-15 09:48:36.073
1959	12	14	2	15.86	-12	14.29	47.22	4.43	REGULAR	2026-05-15 09:48:36.073
2500	5	5	0	16	-6.2	0.00	139.51	3.8	GOOD_DELIVERY	2026-05-15 09:48:36.073
1338	7	9	0	8.67	-24.11	0.00	13.63	3.67	GOOD_DELIVERY	2026-05-15 09:48:36.073
1461	2	1	0	12	-30	0.00	11.82	2	GOOD_DELIVERY	2026-05-15 09:48:36.073
1487	31	39	5	13.97	-10.33	12.82	17.05	4.33	REGULAR	2026-05-15 09:48:36.073
654	1	0	0	NULL	NULL	0.00	23.06	1	GOOD_DELIVERY	2026-05-15 09:48:36.073
1318	16	18	0	14.06	-13.39	0.00	26.95	3.61	GOOD_DELIVERY	2026-05-15 09:48:36.073
2569	10	11	0	5.82	-11.27	0.00	18.48	4.91	FAST_RELIABLE	2026-05-15 09:48:36.073
2151	1	1	0	13	-11	0.00	20.84	5	FAST_RELIABLE	2026-05-15 09:48:36.073
87	32	38	5	11	-9.08	12.82	25.73	3.41	REGULAR	2026-05-15 09:48:36.073
2128	9	10	1	6.7	-21.5	10.00	16.01	4.5	GOOD_DELIVERY	2026-05-15 09:48:36.073
1169	62	78	6	9.29	-15.95	7.69	12.77	4.37	GOOD_DELIVERY	2026-05-15 09:48:36.073
505	2	2	0	9	-27.5	0.00	14.94	4.5	FAST_RELIABLE	2026-05-15 09:48:36.073
2792	1	1	0	12	-11	0.00	14.10	5	FAST_RELIABLE	2026-05-15 09:48:36.073
2669	1	1	0	10	-14	0.00	18.44	5	FAST_RELIABLE	2026-05-15 09:48:36.073
628	1	0	0	NULL	NULL	0.00	14.52	1	GOOD_DELIVERY	2026-05-15 09:48:36.073
1026	14	12	0	12.42	-22.75	0.00	20.03	3.86	GOOD_DELIVERY	2026-05-15 09:48:36.073
1773	5	5	0	15.2	-19	0.00	21.71	4.4	FAST_RELIABLE	2026-05-15 09:48:36.073
2022	7	6	1	11.67	-10.33	14.29	37.74	4.43	REGULAR	2026-05-15 09:48:36.073
777	18	26	6	8.85	-6.46	23.08	12.63	4.04	REGULAR	2026-05-15 09:48:36.073
1275	3	3	1	16.67	-11.67	33.33	62.01	4	DELIVERY_RISK	2026-05-15 09:48:36.073
2271	1	1	1	8	4	100.00	8.32	2	DELIVERY_RISK	2026-05-15 09:48:36.073
1524	5	5	1	22	-0.4	20.00	74.40	4.8	REGULAR	2026-05-15 09:48:36.073
3090	28	30	2	10	-11.67	6.45	14.13	4.16	GOOD_DELIVERY	2026-05-15 09:48:36.073
883	66	73	7	13.32	-11.08	8.97	18.36	3.72	GOOD_DELIVERY	2026-05-15 09:48:36.073
1418	27	27	1	10.93	-15.44	3.70	26.96	4.07	FAST_RELIABLE	2026-05-15 09:48:36.073
1879	15	14	0	10.86	-22	0.00	25.35	3.53	GOOD_DELIVERY	2026-05-15 09:48:36.073
256	8	8	1	11.38	-8.63	12.50	22.66	4.25	REGULAR	2026-05-15 09:48:36.073
3041	1	1	0	4	-6	0.00	12.14	5	FAST_RELIABLE	2026-05-15 09:48:36.073
1381	1	1	0	14	-4	0.00	8.72	3	GOOD_DELIVERY	2026-05-15 09:48:36.073
2898	31	31	1	12.97	-16.23	3.23	18.42	3.97	GOOD_DELIVERY	2026-05-15 09:48:36.073
1238	9	20	2	15.45	-12.15	9.52	14.30	4.05	GOOD_DELIVERY	2026-05-15 09:48:36.073
648	57	58	2	12.02	-15.31	3.45	22.20	4.67	FAST_RELIABLE	2026-05-15 09:48:36.073
399	3	3	0	4	-6.33	0.00	9.05	2.33	GOOD_DELIVERY	2026-05-15 09:48:36.073
2649	3	3	0	9.67	-33	0.00	21.57	4.67	FAST_RELIABLE	2026-05-15 09:48:36.073
2320	3	4	0	7.25	-22.5	0.00	14.16	5	FAST_RELIABLE	2026-05-15 09:48:36.073
7	13	26	2	8.38	-12.73	7.69	12.15	3.65	GOOD_DELIVERY	2026-05-15 09:48:36.073
1716	33	35	1	10.14	-12.91	2.86	27.66	4.09	FAST_RELIABLE	2026-05-15 09:48:36.073
634	6	6	2	18	-5.83	33.33	19.79	4	DELIVERY_RISK	2026-05-15 09:48:36.073
2257	1	1	0	24	-10	0.00	19.53	5	FAST_RELIABLE	2026-05-15 09:48:36.073
1630	2	2	0	9.5	-15.5	0.00	13.03	4.5	FAST_RELIABLE	2026-05-15 09:48:36.073
2712	3	3	1	41.67	24.33	25.00	14.68	3	REGULAR	2026-05-15 09:48:36.073
442	158	266	16	13.81	-11.97	5.95	26.02	3.7	GOOD_DELIVERY	2026-05-15 09:48:36.073
193	903	1397	130	12.07	-10.94	9.25	23.77	3.82	GOOD_DELIVERY	2026-05-15 09:48:36.073
691	18	21	1	11.48	-12.81	4.17	16.49	4.21	FAST_RELIABLE	2026-05-15 09:48:36.073
2855	3	1	0	8	-20	0.00	16.20	2.67	GOOD_DELIVERY	2026-05-15 09:48:36.073
2357	18	22	1	10.05	-13.41	4.55	16.58	4.45	FAST_RELIABLE	2026-05-15 09:48:36.073
940	3	6	0	20	-12	0.00	14.33	1.67	GOOD_DELIVERY	2026-05-15 09:48:36.073
2606	2	3	0	5.67	-22.67	0.00	15.10	4.33	FAST_RELIABLE	2026-05-15 09:48:36.073
2506	1	1	0	4	-13	0.00	16.21	5	FAST_RELIABLE	2026-05-15 09:48:36.073
840	59	58	4	11.47	-11.98	6.56	14.82	4.05	GOOD_DELIVERY	2026-05-15 09:48:36.073
299	8	9	2	16.56	-8.11	22.22	43.83	4	REGULAR	2026-05-15 09:48:36.073
3004	3	3	0	6.33	-15	0.00	17.42	3.33	GOOD_DELIVERY	2026-05-15 09:48:36.073
342	2	2	0	7.5	-7.5	0.00	18.31	5	FAST_RELIABLE	2026-05-15 09:48:36.073
1965	1	1	0	9	-13	0.00	27.48	3	GOOD_DELIVERY	2026-05-15 09:48:36.073
2065	3	11	0	8.09	-11.55	0.00	9.29	5	FAST_RELIABLE	2026-05-15 09:48:36.073
983	1	1	0	10	-9	0.00	17.60	5	FAST_RELIABLE	2026-05-15 09:48:36.073
2314	1	3	0	12	-10	0.00	24.48	5	FAST_RELIABLE	2026-05-15 09:48:36.073
1232	7	7	0	6.57	-9	0.00	18.39	4	FAST_RELIABLE	2026-05-15 09:48:36.073
150	1	1	0	42	-17	0.00	10.96	5	FAST_RELIABLE	2026-05-15 09:48:36.073
591	36	46	0	6.28	-12.04	0.00	9.82	4.46	FAST_RELIABLE	2026-05-15 09:48:36.073
1673	3	3	1	15	-2	33.33	14.00	3.33	DELIVERY_RISK	2026-05-15 09:48:36.073
2755	4	4	0	10	-16.25	0.00	24.53	4.75	FAST_RELIABLE	2026-05-15 09:48:36.073
1132	21	23	0	8.74	-16.65	0.00	19.76	4.7	FAST_RELIABLE	2026-05-15 09:48:36.073
2214	12	12	2	10.92	-9.58	16.67	28.84	4.33	REGULAR	2026-05-15 09:48:36.073
50	3	4	0	7	-25	0.00	13.39	5	FAST_RELIABLE	2026-05-15 09:48:36.073
2941	7	7	2	14.71	-10.29	28.57	17.77	3.57	REGULAR	2026-05-15 09:48:36.073
24	31	39	1	7.82	-11.95	2.56	14.75	4.31	FAST_RELIABLE	2026-05-15 09:48:36.073
2277	1	0	0	NULL	NULL	0.00	7.78	1	GOOD_DELIVERY	2026-05-15 09:48:36.073
1945	10	9	0	9	-17.56	0.00	20.39	3.9	GOOD_DELIVERY	2026-05-15 09:48:36.073
2609	1	1	0	12	-10	0.00	17.14	5	FAST_RELIABLE	2026-05-15 09:48:36.073
711	30	33	1	13.3	-11.06	3.03	21.81	3.91	GOOD_DELIVERY	2026-05-15 09:48:36.073
1258	31	30	8	31.63	-8.9	25.81	16.06	3.94	REGULAR	2026-05-15 09:48:36.073
2918	36	37	4	8.97	-10.05	10.81	29.81	4.49	REGULAR	2026-05-15 09:48:36.073
1590	16	18	4	17.56	-8.11	21.05	15.58	3.68	REGULAR	2026-05-15 09:48:36.073
2586	7	7	2	18	-6	28.57	25.18	3.57	REGULAR	2026-05-15 09:48:36.073
926	1	0	0	NULL	NULL	0.00	8.72	5	FAST_RELIABLE	2026-05-15 09:48:36.073
2254	2	2	0	6	-14	0.00	16.32	5	FAST_RELIABLE	2026-05-15 09:48:36.073
47	3	3	1	20	-1	33.33	21.70	3.67	DELIVERY_RISK	2026-05-15 09:48:36.073
1922	6	6	2	16.67	-6.5	33.33	21.27	3	DELIVERY_RISK	2026-05-15 09:48:36.073
379	1	2	0	8	-17	0.00	50.41	4	FAST_RELIABLE	2026-05-15 09:48:36.073
2231	80	80	13	10.53	-8.15	16.05	15.78	4.4	REGULAR	2026-05-15 09:48:36.073
402	386	418	37	13.63	-11.83	8.71	17.88	4.13	GOOD_DELIVERY	2026-05-15 09:48:36.073
1899	157	200	19	15.09	-8.13	9.22	14.08	3.98	GOOD_DELIVERY	2026-05-15 09:48:36.073
903	29	30	1	13.37	-12.4	3.33	16.85	4.17	FAST_RELIABLE	2026-05-15 09:48:36.073
1567	20	20	6	23.35	-6.4	30.00	27.61	3.8	DELIVERY_RISK	2026-05-15 09:48:36.073
1235	13	15	2	12.07	-8.47	13.33	45.44	4.2	REGULAR	2026-05-15 09:48:36.073
1730	2	2	1	26	-3.5	50.00	19.32	3.5	DELIVERY_RISK	2026-05-15 09:48:36.073
734	1	1	1	53	6	100.00	26.96	1	DELIVERY_RISK	2026-05-15 09:48:36.073
1398	203	215	10	15.52	-18.67	4.63	20.41	4.01	FAST_RELIABLE	2026-05-15 09:48:36.073
70	62	66	4	14.56	-11.61	6.06	25.44	3.88	GOOD_DELIVERY	2026-05-15 09:48:36.073
2563	28	29	1	13.52	-14.86	3.45	37.13	3.93	GOOD_DELIVERY	2026-05-15 09:48:36.073
1066	27	34	2	13.29	-17.79	5.88	22.16	4.12	GOOD_DELIVERY	2026-05-15 09:48:36.073
571	7	7	0	11.71	-15.14	0.00	21.65	4.71	FAST_RELIABLE	2026-05-15 09:48:36.073
239	1	1	0	10	-22	0.00	69.74	1	GOOD_DELIVERY	2026-05-15 09:48:36.073
1753	17	17	0	8.88	-15.94	0.00	38.05	4.47	FAST_RELIABLE	2026-05-15 09:48:36.073
1876	7	7	1	13.71	-14.57	14.29	26.46	3.86	REGULAR	2026-05-15 09:48:36.073
93	5	11	0	6.27	-18.27	0.00	17.00	2.73	GOOD_DELIVERY	2026-05-15 09:48:36.073
548	19	22	6	15	-6.05	26.09	15.38	3.7	REGULAR	2026-05-15 09:48:36.073
1421	2	2	0	8	-12.5	0.00	13.19	4	FAST_RELIABLE	2026-05-15 09:48:36.073
1089	8	6	0	10.83	-14.17	0.00	15.23	3.33	GOOD_DELIVERY	2026-05-15 09:48:36.073
2085	1	0	0	NULL	NULL	0.00	14.92	2	GOOD_DELIVERY	2026-05-15 09:48:36.073
2417	1	1	1	33	16	100.00	22.86	1	DELIVERY_RISK	2026-05-15 09:48:36.073
425	36	35	2	11.34	-11.26	5.56	23.90	4.28	GOOD_DELIVERY	2026-05-15 09:48:36.073
880	14	23	1	10.96	-14.74	4.35	16.13	4.39	FAST_RELIABLE	2026-05-15 09:48:36.073
216	2	2	1	20.5	-10	50.00	19.84	3.5	DELIVERY_RISK	2026-05-15 09:48:36.073
757	10	16	3	4.06	-6.94	18.75	11.44	4.56	REGULAR	2026-05-15 09:48:36.073
1544	2	2	1	12	-2.5	50.00	32.61	4	DELIVERY_RISK	2026-05-15 09:48:36.073
1212	2	2	0	12.5	-8.5	0.00	33.27	5	FAST_RELIABLE	2026-05-15 09:48:36.073
780	4	5	1	21.8	-2.4	20.00	18.61	4.2	REGULAR	2026-05-15 09:48:36.073
1189	106	109	2	10.79	-18.37	1.83	21.02	4.46	FAST_RELIABLE	2026-05-15 09:48:36.073
1444	54	68	1	11.01	-11.81	1.41	14.86	3.52	GOOD_DELIVERY	2026-05-15 09:48:36.073
2772	4	4	1	12.5	-11.5	25.00	15.94	4.5	REGULAR	2026-05-15 09:48:36.073
2108	4	4	1	19.75	-2.75	25.00	71.08	4.5	REGULAR	2026-05-15 09:48:36.073
525	1	1	0	6	-17	0.00	24.92	5	FAST_RELIABLE	2026-05-15 09:48:36.073
1467	132	142	4	8.6	-12.12	2.80	14.40	4.21	FAST_RELIABLE	2026-05-15 09:48:36.073
2131	44	48	7	13.94	-11.02	12.96	16.59	3.85	REGULAR	2026-05-15 09:48:36.073
2795	18	18	0	8.94	-15.39	0.00	14.53	4.37	FAST_RELIABLE	2026-05-15 09:48:36.073
1736	208	224	22	9.29	-10.67	9.78	14.60	4.2	GOOD_DELIVERY	2026-05-15 09:48:36.073
2400	14	17	3	10.29	-9.71	17.65	22.84	3.35	REGULAR	2026-05-15 09:48:36.073
3064	9	10	1	11.8	-13.8	10.00	13.75	3.8	GOOD_DELIVERY	2026-05-15 09:48:36.073
233	3	3	1	3.67	-6.33	33.33	11.15	5	DELIVERY_RISK	2026-05-15 09:48:36.073
2818	4	4	1	10	-23.75	25.00	15.43	3.75	REGULAR	2026-05-15 09:48:36.073
2964	3	3	0	5	-6	0.00	16.45	4.67	FAST_RELIABLE	2026-05-15 09:48:36.073
2423	1	1	0	24	-7	0.00	43.41	5	FAST_RELIABLE	2026-05-15 09:48:36.073
3087	4	4	0	9.5	-15.25	0.00	14.73	3.5	GOOD_DELIVERY	2026-05-15 09:48:36.073
1939	382	409	20	8.17	-10.84	4.84	14.01	4.25	FAST_RELIABLE	2026-05-15 09:48:36.073
279	1	0	0	NULL	NULL	0.00	95.87	1	GOOD_DELIVERY	2026-05-15 09:48:36.073
611	34	35	0	8.63	-13.06	0.00	14.00	4.23	FAST_RELIABLE	2026-05-15 09:48:36.073
1690	11	12	1	9.83	-18.58	8.33	23.12	4.33	GOOD_DELIVERY	2026-05-15 09:48:36.073
362	10	10	0	7.9	-10.9	0.00	11.19	4.09	FAST_RELIABLE	2026-05-15 09:48:36.073
1358	4	5	1	25.2	6.4	14.29	14.35	2.14	REGULAR	2026-05-15 09:48:36.073
30	2	0	0	NULL	NULL	0.00	19.44	3	GOOD_DELIVERY	2026-05-15 09:48:36.073
1607	1	1	0	4	-13	0.00	18.23	5	FAST_RELIABLE	2026-05-15 09:48:36.073
1049	21	28	0	8.82	-12.14	0.00	46.78	3.93	GOOD_DELIVERY	2026-05-15 09:48:36.073
717	5	4	0	13.75	-14	0.00	16.47	3.8	GOOD_DELIVERY	2026-05-15 09:48:36.073
920	8	7	0	24.57	-17.86	0.00	19.40	3.13	GOOD_DELIVERY	2026-05-15 09:48:36.073
1252	1	0	0	NULL	NULL	0.00	11.67	5	FAST_RELIABLE	2026-05-15 09:48:36.073
2377	2	0	0	NULL	NULL	0.00	25.18	1	GOOD_DELIVERY	2026-05-15 09:48:36.073
2045	2	1	0	9	-7	0.00	9.84	3	GOOD_DELIVERY	2026-05-15 09:48:36.073
316	110	112	7	14.43	-12.46	6.14	25.36	4.07	GOOD_DELIVERY	2026-05-15 09:48:36.073
1985	11	18	0	10.44	-15.78	0.00	34.27	4.11	FAST_RELIABLE	2026-05-15 09:48:36.073
2981	5	7	0	9.29	-16.57	0.00	17.92	4.14	FAST_RELIABLE	2026-05-15 09:48:36.073
1653	4	5	0	7.6	-15.2	0.00	19.52	4.8	FAST_RELIABLE	2026-05-15 09:48:36.073
671	20	17	2	17.82	-7.94	10.00	17.79	3.95	GOOD_DELIVERY	2026-05-15 09:48:36.073
2626	29	28	5	12.11	-9.32	17.24	17.82	3.66	REGULAR	2026-05-15 09:48:36.073
966	10	10	0	4.4	-8.8	0.00	11.15	4.27	FAST_RELIABLE	2026-05-15 09:48:36.073
1298	21	21	2	7.81	-11.29	9.52	11.44	4.67	GOOD_DELIVERY	2026-05-15 09:48:36.073
1003	6	7	0	11.86	-11.86	0.00	103.80	3.29	GOOD_DELIVERY	2026-05-15 09:48:36.073
2294	3	8	0	7.38	-17.25	0.00	19.44	2.75	GOOD_DELIVERY	2026-05-15 09:48:36.073
3027	305	335	20	11.17	-11.36	5.92	13.33	4.41	GOOD_DELIVERY	2026-05-15 09:48:36.073
2440	30	36	1	11.22	-10.56	2.78	18.10	3.97	GOOD_DELIVERY	2026-05-15 09:48:36.073
2191	16	22	5	7.86	-9.45	22.73	15.66	4.09	REGULAR	2026-05-15 09:48:36.073
1112	12	13	2	6.08	-5.46	15.38	12.84	4.46	REGULAR	2026-05-15 09:48:36.073
2778	13	11	0	7	-11.45	0.00	10.70	4.46	FAST_RELIABLE	2026-05-15 09:48:36.073
857	1	1	0	10	-17	0.00	19.15	4	FAST_RELIABLE	2026-05-15 09:48:36.073
863	2	6	0	8.17	-28.67	0.00	26.50	4.17	FAST_RELIABLE	2026-05-15 09:48:36.073
1106	1	1	0	7	-26	0.00	64.77	5	FAST_RELIABLE	2026-05-15 09:48:36.073
1799	340	357	27	13.48	-10.38	7.42	13.56	3.9	GOOD_DELIVERY	2026-05-15 09:48:36.073
465	26	46	23	12.74	-4.48	48.94	12.33	2.51	DELIVERY_RISK	2026-05-15 09:48:36.073
2340	9	16	5	18	-7.06	29.41	19.38	4.41	REGULAR	2026-05-15 09:48:36.073
176	31	32	0	9.19	-17.13	0.00	19.22	4.5	FAST_RELIABLE	2026-05-15 09:48:36.073
1504	11	12	0	11	-17.83	0.00	17.60	4.25	FAST_RELIABLE	2026-05-15 09:48:36.073
1793	13	15	3	8.27	-8.27	20.00	13.47	3.87	REGULAR	2026-05-15 09:48:36.073
170	3	3	1	21.67	-2	33.33	16.42	2.67	DELIVERY_RISK	2026-05-15 09:48:36.073
1404	9	13	4	4.85	-5.38	30.77	11.16	3.69	DELIVERY_RISK	2026-05-15 09:48:36.073
2486	707	812	44	14.25	-15.24	5.33	17.33	3.76	GOOD_DELIVERY	2026-05-15 09:48:36.073
2732	38	39	5	14.82	-13.36	12.20	64.75	3.8	REGULAR	2026-05-15 09:48:36.073
2237	1	1	0	10	-21	0.00	16.76	5	FAST_RELIABLE	2026-05-15 09:48:36.073
565	3	3	0	14	-17.67	0.00	33.95	3.33	GOOD_DELIVERY	2026-05-15 09:48:36.073
2878	46	47	16	18.26	-4.19	32.00	15.03	3.4	DELIVERY_RISK	2026-05-15 09:48:36.073
419	28	29	4	12.38	-10.07	13.79	46.13	3.79	REGULAR	2026-05-15 09:48:36.073
1550	7	7	2	14.14	-5.57	28.57	24.02	3.57	REGULAR	2026-05-15 09:48:36.073
2091	1	0	0	NULL	NULL	0.00	15.89	1	GOOD_DELIVERY	2026-05-15 09:48:36.073
2632	3	3	0	13	-10.67	0.00	12.86	3.67	GOOD_DELIVERY	2026-05-15 09:48:36.073
2360	12	16	7	19.88	-4.38	43.75	13.87	3.75	DELIVERY_RISK	2026-05-15 09:48:36.073
1862	18	15	2	13.8	-15.53	11.11	58.47	4.56	REGULAR	2026-05-15 09:48:36.073
1696	5	5	2	29.4	-6.2	40.00	35.77	2.8	DELIVERY_RISK	2026-05-15 09:48:36.073
2858	2	3	0	11.33	-22	0.00	28.02	1.67	GOOD_DELIVERY	2026-05-15 09:48:36.073
2881	25	28	3	13.64	-8.93	10.71	21.74	3.79	REGULAR	2026-05-15 09:48:36.073
2715	1	1	0	11	-13	0.00	29.69	5	FAST_RELIABLE	2026-05-15 09:48:36.073
1484	1	1	0	2	-5	0.00	7.65	4	FAST_RELIABLE	2026-05-15 09:48:36.073
2480	1	1	0	13	-6	0.00	8.29	1	GOOD_DELIVERY	2026-05-15 09:48:36.073
1149	12	12	1	8.58	-9.58	8.33	30.78	4.17	GOOD_DELIVERY	2026-05-15 09:48:36.073
153	6	6	0	5.33	-7.67	0.00	15.41	5	FAST_RELIABLE	2026-05-15 09:48:36.073
488	8	8	0	7	-12.63	0.00	17.72	5	FAST_RELIABLE	2026-05-15 09:48:36.073
2148	1	0	0	NULL	NULL	0.00	62.49	4.5	FAST_RELIABLE	2026-05-15 09:48:36.073
2503	65	65	7	15.52	-10.52	10.61	31.32	4.2	REGULAR	2026-05-15 09:48:36.073
794	5	5	3	38.4	17.8	60.00	17.88	3.2	DELIVERY_RISK	2026-05-15 09:48:36.073
1839	1	1	0	7	-14	0.00	24.06	5	FAST_RELIABLE	2026-05-15 09:48:36.073
1507	1	1	0	8	-19	0.00	15.41	5	FAST_RELIABLE	2026-05-15 09:48:36.073
110	12	12	1	14.33	-12.42	8.33	18.36	4.42	GOOD_DELIVERY	2026-05-15 09:48:36.073
2523	146	178	19	11.86	-11.48	10.38	18.53	3.93	REGULAR	2026-05-15 09:48:36.073
2025	128	139	16	12.55	-9.35	11.11	17.99	3.66	REGULAR	2026-05-15 09:48:36.073
608	42	46	1	10.52	-15.98	2.17	27.18	4.61	FAST_RELIABLE	2026-05-15 09:48:36.073
774	28	29	0	7.34	-12.28	0.00	17.54	3.86	GOOD_DELIVERY	2026-05-15 09:48:36.073
2689	7	8	0	14.88	-26.38	0.00	14.46	4.25	FAST_RELIABLE	2026-05-15 09:48:36.073
631	53	53	0	7.21	-10.79	0.00	12.97	4.42	FAST_RELIABLE	2026-05-15 09:48:36.073
1172	43	45	3	7.67	-12.11	6.52	13.39	4.48	GOOD_DELIVERY	2026-05-15 09:48:36.073
2174	18	20	1	7.5	-17.75	5.00	73.42	4.6	FAST_RELIABLE	2026-05-15 09:48:36.073
133	109	133	7	12.83	-11.2	4.96	17.64	3.85	GOOD_DELIVERY	2026-05-15 09:48:36.073
508	23	33	1	13.82	-14.06	2.86	54.35	3.63	GOOD_DELIVERY	2026-05-15 09:48:36.073
10	130	165	12	9.18	-10.78	7.27	18.47	4.33	GOOD_DELIVERY	2026-05-15 09:48:36.073
2672	108	110	6	15.17	-22.78	5.31	18.03	3.59	GOOD_DELIVERY	2026-05-15 09:48:36.073
674	8	10	1	8.5	-13.6	10.00	15.77	4.1	GOOD_DELIVERY	2026-05-15 09:48:36.073
2838	1	1	0	11	-12	0.00	27.64	5	FAST_RELIABLE	2026-05-15 09:48:36.073
1982	4	7	0	8.71	-12.57	0.00	11.27	4.43	FAST_RELIABLE	2026-05-15 09:48:36.073
2646	1	0	0	NULL	NULL	0.00	14.34	1	GOOD_DELIVERY	2026-05-15 09:48:36.073
482	6	6	1	9.17	-11.33	16.67	12.82	4.67	REGULAR	2026-05-15 09:48:36.073
2815	2	2	0	9	-16	0.00	15.87	5	FAST_RELIABLE	2026-05-15 09:48:36.073
1315	3	4	1	9.75	-5	25.00	26.82	4.5	REGULAR	2026-05-15 09:48:36.073
651	1	1	0	10	-13	0.00	88.46	5	FAST_RELIABLE	2026-05-15 09:48:36.073
2005	98	104	26	16.77	-4.59	24.53	16.58	2.95	REGULAR	2026-05-15 09:48:36.073
800	22	22	0	6.73	-15.68	0.00	23.58	4.59	FAST_RELIABLE	2026-05-15 09:48:36.073
2546	29	34	4	9.71	-15.53	11.43	19.30	4.43	REGULAR	2026-05-15 09:48:36.073
1341	10	10	1	7.3	-7.5	10.00	15.93	4.1	GOOD_DELIVERY	2026-05-15 09:48:36.073
1882	1	1	1	3	0	100.00	9.17	5	DELIVERY_RISK	2026-05-15 09:48:36.073
1464	2	2	0	13.5	-14.5	0.00	25.21	2.5	GOOD_DELIVERY	2026-05-15 09:48:36.073
196	3	3	0	7	-18	0.00	26.29	5	FAST_RELIABLE	2026-05-15 09:48:36.073
2105	6	7	0	9.86	-10.57	0.00	113.64	3.86	GOOD_DELIVERY	2026-05-15 09:48:36.073
694	34	36	3	6.75	-12.14	8.33	23.91	3.75	GOOD_DELIVERY	2026-05-15 09:48:36.073
943	22	24	7	20.63	-2.75	28.00	15.30	3.44	REGULAR	2026-05-15 09:48:36.073
445	16	17	0	9.94	-13.12	0.00	16.59	4.06	FAST_RELIABLE	2026-05-15 09:48:36.073
1192	2	2	0	8	-15.5	0.00	16.03	5	FAST_RELIABLE	2026-05-15 09:48:36.073
1713	48	51	8	10.12	-10.76	15.38	32.06	4.04	REGULAR	2026-05-15 09:48:36.073
1086	41	42	1	10.45	-15.29	2.38	24.10	4.12	FAST_RELIABLE	2026-05-15 09:48:36.073
2211	24	25	2	9.92	-9.48	8.00	13.75	4.24	GOOD_DELIVERY	2026-05-15 09:48:36.073
2709	54	61	5	14.36	-10.61	8.20	16.48	4.13	GOOD_DELIVERY	2026-05-15 09:48:36.073
551	17	14	1	14.86	-10.21	5.56	18.32	3.06	GOOD_DELIVERY	2026-05-15 09:48:36.073
90	14	13	1	14.31	-16.31	6.67	13.93	3.47	GOOD_DELIVERY	2026-05-15 09:48:36.073
588	5	5	0	8.6	-14.4	0.00	34.05	4.6	FAST_RELIABLE	2026-05-15 09:48:36.073
2403	59	59	2	10.14	-12.27	3.39	19.27	4.4	FAST_RELIABLE	2026-05-15 09:48:36.073
1570	6	6	1	4.17	-10.17	16.67	20.95	4.83	REGULAR	2026-05-15 09:48:36.073
2317	41	44	4	9.34	-11.34	9.09	18.51	4.14	GOOD_DELIVERY	2026-05-15 09:48:36.073
1321	5	4	0	17.5	-15	0.00	16.29	3.4	GOOD_DELIVERY	2026-05-15 09:48:36.073
731	3	3	1	25.67	-2.67	33.33	28.47	3.67	DELIVERY_RISK	2026-05-15 09:48:36.073
2652	15	15	0	7.67	-13.73	0.00	13.35	4.53	FAST_RELIABLE	2026-05-15 09:48:36.073
2566	1	1	0	13	-24	0.00	40.34	5	FAST_RELIABLE	2026-05-15 09:48:36.073
2958	184	194	14	12.5	-10.29	7.11	16.59	3.89	GOOD_DELIVERY	2026-05-15 09:48:36.073
3044	4	4	0	6.75	-11.25	0.00	17.37	3.25	GOOD_DELIVERY	2026-05-15 09:48:36.073
1335	3	3	0	15.33	-5	0.00	19.70	3.67	GOOD_DELIVERY	2026-05-15 09:48:36.073
1962	2	2	1	47.5	16.5	50.00	25.17	3	DELIVERY_RISK	2026-05-15 09:48:36.073
253	2	1	0	15	-5	0.00	12.27	1	GOOD_DELIVERY	2026-05-15 09:48:36.073
3007	2	3	0	10	-16.67	0.00	14.88	5	FAST_RELIABLE	2026-05-15 09:48:36.073
339	1	1	0	11	-6	0.00	15.43	5	FAST_RELIABLE	2026-05-15 09:48:36.073
1278	83	99	9	10.7	-7.71	8.91	19.16	3.66	GOOD_DELIVERY	2026-05-15 09:48:36.073
1029	20	20	1	11.5	-14	5.00	18.16	4.15	FAST_RELIABLE	2026-05-15 09:48:36.073
1776	5	4	0	11.5	-10.25	0.00	18.91	3.29	GOOD_DELIVERY	2026-05-15 09:48:36.073
1527	1	1	0	5	-23	0.00	16.52	5	FAST_RELIABLE	2026-05-15 09:48:36.073
1627	99	102	11	21.21	-21.27	10.09	19.06	3.07	REGULAR	2026-05-15 09:48:36.073
1670	245	297	59	18.36	-10.79	19.73	16.56	3.33	REGULAR	2026-05-15 09:48:36.073
4	51	54	9	16	-8.19	16.36	14.43	3.98	REGULAR	2026-05-15 09:48:36.073
1129	17	17	0	9.12	-16.53	0.00	34.62	4.35	FAST_RELIABLE	2026-05-15 09:48:36.073
2168	2	2	0	16.5	-9	0.00	19.15	4	FAST_RELIABLE	2026-05-15 09:48:36.073
1819	64	69	6	9.14	-10.81	8.45	19.73	3.94	GOOD_DELIVERY	2026-05-15 09:48:36.073
737	2	1	0	26	-1	0.00	17.22	4	FAST_RELIABLE	2026-05-15 09:48:36.073
2068	3	4	2	15.25	-3.25	50.00	14.17	4.75	DELIVERY_RISK	2026-05-15 09:48:36.073
986	3	3	0	5.67	-17.67	0.00	25.01	4.33	FAST_RELIABLE	2026-05-15 09:48:36.073
2901	3	4	0	4	-14.25	0.00	8.06	3.5	GOOD_DELIVERY	2026-05-15 09:48:36.073
3001	10	10	2	13	-11.7	20.00	25.58	4.1	REGULAR	2026-05-15 09:48:36.073
2460	2	3	0	11.67	-11.67	0.00	16.71	5	FAST_RELIABLE	2026-05-15 09:48:36.073
296	1	1	1	21	3	100.00	10.16	1	DELIVERY_RISK	2026-05-15 09:48:36.073
837	1	1	0	26	-5	0.00	24.79	5	FAST_RELIABLE	2026-05-15 09:48:36.073
1378	1	1	0	10	-14	0.00	37.09	5	FAST_RELIABLE	2026-05-15 09:48:36.073
1919	1	1	0	14	-3	0.00	18.24	5	FAST_RELIABLE	2026-05-15 09:48:36.073
1447	11	18	2	15.67	-6.89	11.11	18.35	3.17	REGULAR	2026-05-15 09:48:36.073
783	12	13	0	17.85	-22.31	0.00	23.25	4.23	FAST_RELIABLE	2026-05-15 09:48:36.073
1115	9	9	1	9.33	-13.89	11.11	39.28	4.89	REGULAR	2026-05-15 09:48:36.073
119	22	27	1	8.07	-10.78	3.70	12.74	3.81	GOOD_DELIVERY	2026-05-15 09:48:36.073
451	14	14	0	5.64	-17.5	0.00	15.01	4.93	FAST_RELIABLE	2026-05-15 09:48:36.073
760	37	36	7	15.56	-8.81	18.42	15.51	3.82	REGULAR	2026-05-15 09:48:36.073
96	18	24	0	8.58	-19.13	0.00	26.93	3.25	GOOD_DELIVERY	2026-05-15 09:48:36.073
428	1	1	0	5	-13	0.00	22.51	5	FAST_RELIABLE	2026-05-15 09:48:36.073
1825	1258	1436	119	10.67	-10.26	8.13	16.99	4.03	GOOD_DELIVERY	2026-05-15 09:48:36.073
2157	61	67	0	12.19	-19.66	0.00	17.23	4.4	FAST_RELIABLE	2026-05-15 09:48:36.073
2821	22	24	4	13.88	-9.92	16.00	26.31	3.56	REGULAR	2026-05-15 09:48:36.073
829	14	14	2	14.93	-13.29	14.29	30.98	3.86	REGULAR	2026-05-15 09:48:36.073
1161	1	1	0	6	-24	0.00	19.91	5	FAST_RELIABLE	2026-05-15 09:48:36.073
1493	1	1	0	18	-8	0.00	21.23	5	FAST_RELIABLE	2026-05-15 09:48:36.073
2489	1	1	0	12	-19	0.00	101.56	4	FAST_RELIABLE	2026-05-15 09:48:36.073
2134	45	48	1	8.48	-15.85	2.08	27.82	4.23	FAST_RELIABLE	2026-05-15 09:48:36.073
806	12	18	1	12.56	-13.94	5.56	18.18	4.28	GOOD_DELIVERY	2026-05-15 09:48:36.073
1138	23	24	0	8.63	-11.96	0.00	10.46	4.04	FAST_RELIABLE	2026-05-15 09:48:36.073
474	5	8	1	13.88	-16.13	12.50	24.01	3.88	REGULAR	2026-05-15 09:48:36.073
1470	5	5	0	5	-9	0.00	13.62	4.8	FAST_RELIABLE	2026-05-15 09:48:36.073
1802	1	1	0	13	-32	0.00	26.62	5	FAST_RELIABLE	2026-05-15 09:48:36.073
142	1	1	0	6	-6	0.00	7.87	5	FAST_RELIABLE	2026-05-15 09:48:36.073
2280	8	9	0	9	-7.33	0.00	15.77	4.89	FAST_RELIABLE	2026-05-15 09:48:36.073
1616	14	14	0	10.21	-14	0.00	19.01	4.43	FAST_RELIABLE	2026-05-15 09:48:36.073
282	4	3	2	25.33	-0.67	50.00	24.50	3.75	DELIVERY_RISK	2026-05-15 09:48:36.073
288	8	10	0	16.1	-21.9	0.00	18.94	3.64	GOOD_DELIVERY	2026-05-15 09:48:36.073
952	29	32	1	10.25	-10.72	3.13	11.54	3.75	GOOD_DELIVERY	2026-05-15 09:48:36.073
2867	2	1	0	7	-46	0.00	11.42	3	GOOD_DELIVERY	2026-05-15 09:48:36.073
2203	2	1	0	35	-26	0.00	19.00	1	GOOD_DELIVERY	2026-05-15 09:48:36.073
1639	383	423	41	12.82	-9.18	9.51	22.23	4.21	GOOD_DELIVERY	2026-05-15 09:48:36.073
2180	39	41	2	13.66	-14.49	4.88	20.32	4	FAST_RELIABLE	2026-05-15 09:48:36.073
2303	27	26	0	5.58	-10.5	0.00	11.50	4.41	FAST_RELIABLE	2026-05-15 09:48:36.073
1516	27	27	0	9.59	-13.59	0.00	16.35	4.61	FAST_RELIABLE	2026-05-15 09:48:36.073
975	7	7	0	17.43	-27.14	0.00	23.88	1.57	GOOD_DELIVERY	2026-05-15 09:48:36.073
2967	11	12	1	5.17	-9.42	8.33	12.91	4.25	GOOD_DELIVERY	2026-05-15 09:48:36.073
969	1	0	0	NULL	NULL	0.00	16.60	1	GOOD_DELIVERY	2026-05-15 09:48:36.073
2844	2	1	0	11	-10	0.00	22.00	3	GOOD_DELIVERY	2026-05-15 09:48:36.073
305	1	1	0	14	-8	0.00	22.69	4	FAST_RELIABLE	2026-05-15 09:48:36.073
1662	17	17	1	11.24	-10.76	5.88	12.69	4.35	GOOD_DELIVERY	2026-05-15 09:48:36.073
2990	25	25	2	12.6	-20.84	7.69	30.82	4.58	GOOD_DELIVERY	2026-05-15 09:48:36.073
2326	1	1	0	5	-16	0.00	15.66	5	FAST_RELIABLE	2026-05-15 09:48:36.073
2890	9	9	0	8.11	-16.44	0.00	12.15	4.56	FAST_RELIABLE	2026-05-15 09:48:36.073
2472	4	4	0	6	-12.25	0.00	13.51	4	FAST_RELIABLE	2026-05-15 09:48:36.073
3013	16	21	1	14	-18.76	4.76	48.19	3.48	GOOD_DELIVERY	2026-05-15 09:48:36.073
1453	3	4	0	7.5	-22	0.00	15.08	2.25	GOOD_DELIVERY	2026-05-15 09:48:36.073
2781	42	42	2	9.21	-13.69	4.65	15.52	4.26	FAST_RELIABLE	2026-05-15 09:48:36.073
1702	20	26	0	11.15	-17.35	0.00	22.83	4.15	FAST_RELIABLE	2026-05-15 09:48:36.073
2034	2	2	0	12	-7	0.00	12.54	4	FAST_RELIABLE	2026-05-15 09:48:36.073
1785	21	22	0	9.05	-18.09	0.00	17.45	4.48	FAST_RELIABLE	2026-05-15 09:48:36.073
3030	1	0	0	NULL	NULL	0.00	11.85	1	GOOD_DELIVERY	2026-05-15 09:48:36.073
219	14	14	4	14.57	-8.07	26.67	66.38	3.93	REGULAR	2026-05-15 09:48:36.073
766	8	8	0	6.5	-18.63	0.00	23.60	4.63	FAST_RELIABLE	2026-05-15 09:48:36.073
2721	9	10	3	15.9	-7	30.00	12.67	4.5	DELIVERY_RISK	2026-05-15 09:48:36.073
2426	26	35	3	9.6	-9.89	8.33	13.54	3.92	GOOD_DELIVERY	2026-05-15 09:48:36.073
2389	6	8	1	3.25	-6.88	12.50	11.14	4.13	REGULAR	2026-05-15 09:48:36.073
2094	6	6	0	9.67	-16.5	0.00	12.67	3.71	GOOD_DELIVERY	2026-05-15 09:48:36.073
1098	13	13	1	7.08	-11.69	7.69	18.66	4.46	GOOD_DELIVERY	2026-05-15 09:48:36.073
906	48	48	1	10.46	-14.15	2.08	17.58	4.02	FAST_RELIABLE	2026-05-15 09:48:36.073
328	3	3	0	6.67	-9.33	0.00	28.13	4.33	FAST_RELIABLE	2026-05-15 09:48:36.073
411	120	144	3	10.83	-12.29	2.04	15.91	3.59	GOOD_DELIVERY	2026-05-15 09:48:36.073
574	59	61	3	11.87	-12.43	4.69	22.12	4.2	FAST_RELIABLE	2026-05-15 09:48:36.073
1656	45	61	3	14.9	-10.07	4.92	20.83	4.02	FAST_RELIABLE	2026-05-15 09:48:36.073
79	67	71	3	14.37	-16.73	4.11	23.30	3.93	GOOD_DELIVERY	2026-05-15 09:48:36.073
1988	5	5	0	10.8	-12.4	0.00	18.99	4.8	FAST_RELIABLE	2026-05-15 09:48:36.073
1407	3	3	0	9	-16	0.00	16.51	5	FAST_RELIABLE	2026-05-15 09:48:36.073
1739	1	1	0	10	-20	0.00	65.35	5	FAST_RELIABLE	2026-05-15 09:48:36.073
660	5	6	0	6.83	-14.67	0.00	11.80	4.29	FAST_RELIABLE	2026-05-15 09:48:36.073
1015	1	1	0	19	-11	0.00	75.33	5	FAST_RELIABLE	2026-05-15 09:48:36.073
2675	41	43	5	16.74	-9.3	11.11	25.58	3.73	REGULAR	2026-05-15 09:48:36.073
720	10	10	0	9.9	-14	0.00	21.31	3.8	GOOD_DELIVERY	2026-05-15 09:48:36.073
1261	78	86	4	13.65	-13.76	4.60	19.47	4.31	FAST_RELIABLE	2026-05-15 09:48:36.073
1593	12	8	0	7.5	-13	0.00	13.35	3.07	GOOD_DELIVERY	2026-05-15 09:48:36.073
1347	29	28	3	10.57	-9.5	10.34	21.09	4.31	REGULAR	2026-05-15 09:48:36.073
1052	13	13	2	13.92	-7.85	15.38	15.33	4.54	REGULAR	2026-05-15 09:48:36.073
265	5	5	1	15.4	-8.8	20.00	20.18	3	REGULAR	2026-05-15 09:48:36.073
2343	1	1	0	6	-15	0.00	13.99	4	FAST_RELIABLE	2026-05-15 09:48:36.073
2286	34	40	0	10.4	-14.15	0.00	23.22	4.45	FAST_RELIABLE	2026-05-15 09:48:36.073
2535	12	11	2	11.91	-7.18	16.67	44.57	4	REGULAR	2026-05-15 09:48:36.073
620	16	23	1	15.61	-15.78	4.35	13.18	3.78	GOOD_DELIVERY	2026-05-15 09:48:36.073
1948	4	4	0	5.25	-9.5	0.00	13.14	4.75	FAST_RELIABLE	2026-05-15 09:48:36.073
365	2	2	0	12	-8.5	0.00	75.47	4.5	FAST_RELIABLE	2026-05-15 09:48:36.073
2529	8	9	0	8.67	-19.33	0.00	40.73	4.22	FAST_RELIABLE	2026-05-15 09:48:36.073
614	5	6	0	13.33	-17.5	0.00	18.03	4.83	FAST_RELIABLE	2026-05-15 09:48:36.073
1201	1	1	0	5	-17	0.00	41.42	5	FAST_RELIABLE	2026-05-15 09:48:36.073
1307	42	44	2	5.55	-8.82	4.55	13.76	4.32	FAST_RELIABLE	2026-05-15 09:48:36.073
1842	38	39	1	13.44	-13.21	2.50	18.88	3.9	GOOD_DELIVERY	2026-05-15 09:48:36.073
2635	10	12	4	19.33	-8.33	33.33	20.11	3	DELIVERY_RISK	2026-05-15 09:48:36.073
1848	10	19	7	21.11	-12.16	33.33	25.55	2.33	DELIVERY_RISK	2026-05-15 09:48:36.073
514	6	6	2	18.83	-3	33.33	16.66	3.83	DELIVERY_RISK	2026-05-15 09:48:36.073
1301	1	1	0	17	-22	0.00	20.97	4	FAST_RELIABLE	2026-05-15 09:48:36.073
2973	1	1	0	7	-46	0.00	9.07	5	FAST_RELIABLE	2026-05-15 09:48:36.073
1994	24	26	1	10.42	-14.5	3.85	47.28	4.38	FAST_RELIABLE	2026-05-15 09:48:36.073
73	6	6	0	15.17	-13.33	0.00	116.17	4.5	FAST_RELIABLE	2026-05-15 09:48:36.073
2827	4	3	0	5.33	-8.33	0.00	7.39	3.5	GOOD_DELIVERY	2026-05-15 09:48:36.073
3076	1	0	0	NULL	NULL	0.00	51.97	1	GOOD_DELIVERY	2026-05-15 09:48:36.073
912	2	2	0	15.5	-9	0.00	16.32	4	FAST_RELIABLE	2026-05-15 09:48:36.073
1155	1	1	0	7	-10	0.00	13.74	5	FAST_RELIABLE	2026-05-15 09:48:36.073
2240	1	1	0	13	-10	0.00	19.14	5	FAST_RELIABLE	2026-05-15 09:48:36.073
1599	46	52	0	7.56	-9.77	0.00	14.73	3.54	GOOD_DELIVERY	2026-05-15 09:48:36.073
2140	103	129	19	15.33	-8.58	14.50	17.10	3.29	REGULAR	2026-05-15 09:48:36.073
2927	8	8	0	8.63	-10.38	0.00	49.61	4.88	FAST_RELIABLE	2026-05-15 09:48:36.073
2681	2	2	0	9	-10	0.00	13.75	3.5	GOOD_DELIVERY	2026-05-15 09:48:36.073
36	30	30	1	9.6	-17.33	3.33	19.36	4.83	FAST_RELIABLE	2026-05-15 09:48:36.073
1530	1	1	0	7	-28	0.00	27.69	5	FAST_RELIABLE	2026-05-15 09:48:36.073
1032	10	10	0	5	-6.2	0.00	15.11	4.8	FAST_RELIABLE	2026-05-15 09:48:36.073
534	7	9	1	6.67	-5.67	11.11	9.64	4.89	REGULAR	2026-05-15 09:48:36.073
368	1	1	1	12	5	100.00	8.48	5	DELIVERY_RISK	2026-05-15 09:48:36.073
1553	329	329	28	12.51	-10.05	8.28	23.24	3.87	GOOD_DELIVERY	2026-05-15 09:48:36.073
1885	47	50	3	8.96	-10.5	5.88	11.28	4.51	GOOD_DELIVERY	2026-05-15 09:48:36.073
1387	8	6	1	12	-6.83	12.50	15.10	2.5	REGULAR	2026-05-15 09:48:36.073
2598	91	107	8	10.14	-12.57	7.48	18.87	3.97	GOOD_DELIVERY	2026-05-15 09:48:36.073
391	11	7	2	21.14	-3	18.18	14.87	3	REGULAR	2026-05-15 09:48:36.073
2383	11	10	0	5.7	-10.2	0.00	72.43	4.18	FAST_RELIABLE	2026-05-15 09:48:36.073
2432	4	7	1	11.14	-12	14.29	14.86	4.71	REGULAR	2026-05-15 09:48:36.073
889	18	20	0	8.7	-9.3	0.00	26.76	3.95	GOOD_DELIVERY	2026-05-15 09:48:36.073
2051	4	4	0	15	-10.5	0.00	17.87	5	FAST_RELIABLE	2026-05-15 09:48:36.073
2406	4	4	0	10	-10.5	0.00	17.38	3.75	GOOD_DELIVERY	2026-05-15 09:48:36.073
1410	1	1	0	12	-15	0.00	19.49	5	FAST_RELIABLE	2026-05-15 09:48:36.073
1742	1	1	1	60	27	100.00	146.30	3	DELIVERY_RISK	2026-05-15 09:48:36.073
2243	1	3	0	7	-17	0.00	27.41	4	FAST_RELIABLE	2026-05-15 09:48:36.073
1579	1	1	0	9	-27	0.00	15.10	5	FAST_RELIABLE	2026-05-15 09:48:36.073
2575	1	1	0	17	-36	0.00	11.17	5	FAST_RELIABLE	2026-05-15 09:48:36.073
746	1	1	0	6	-16	0.00	22.94	4	FAST_RELIABLE	2026-05-15 09:48:36.073
1224	23	23	1	11	-13.52	4.35	16.70	4.17	FAST_RELIABLE	2026-05-15 09:48:36.073
2884	81	81	3	12.27	-16.99	3.66	35.81	4.46	FAST_RELIABLE	2026-05-15 09:48:36.073
511	50	52	0	8.79	-11.92	0.00	16.69	4.4	FAST_RELIABLE	2026-05-15 09:48:36.073
179	1	1	0	7	-15	0.00	11.03	5	FAST_RELIABLE	2026-05-15 09:48:36.073
2220	2	3	1	11.33	-3.33	33.33	11.53	3.33	DELIVERY_RISK	2026-05-15 09:48:36.073
2761	3	3	0	7.67	-20	0.00	26.99	4	FAST_RELIABLE	2026-05-15 09:48:36.073
1765	1	1	0	10	-19	0.00	21.67	5	FAST_RELIABLE	2026-05-15 09:48:36.073
2618	525	515	33	11.31	-12.74	6.27	17.42	4.06	GOOD_DELIVERY	2026-05-15 09:48:36.073
703	59	58	4	10.28	-12.36	6.56	17.16	3.95	GOOD_DELIVERY	2026-05-15 09:48:36.073
869	8	12	0	7.92	-13.17	0.00	20.19	4.58	FAST_RELIABLE	2026-05-15 09:48:36.073
1367	4	4	2	29.75	0.5	50.00	34.11	4	DELIVERY_RISK	2026-05-15 09:48:36.073
205	2	2	0	22.5	-21	0.00	71.08	3	GOOD_DELIVERY	2026-05-15 09:48:36.073
1510	215	236	32	15.95	-9.54	13.45	18.22	4.04	REGULAR	2026-05-15 09:48:36.073
1344	4	4	0	4	-12.5	0.00	15.08	4.75	FAST_RELIABLE	2026-05-15 09:48:36.073
846	16	20	0	4.75	-14.15	0.00	18.55	4.15	FAST_RELIABLE	2026-05-15 09:48:36.073
1244	19	20	0	11.7	-17.7	0.00	22.08	4.35	FAST_RELIABLE	2026-05-15 09:48:36.073
1908	7	8	1	6.63	-10.88	12.50	15.44	3.38	REGULAR	2026-05-15 09:48:36.073
577	68	83	3	8.61	-12.86	3.61	12.61	4.24	FAST_RELIABLE	2026-05-15 09:48:36.073
2741	3	3	0	9.67	-11	0.00	15.45	3.33	GOOD_DELIVERY	2026-05-15 09:48:36.073
2077	1	0	0	NULL	NULL	0.00	13.79	1	GOOD_DELIVERY	2026-05-15 09:48:36.073
1218	10	10	0	6.4	-14.1	0.00	17.79	4.5	FAST_RELIABLE	2026-05-15 09:48:36.073
554	6	6	0	5.17	-7.83	0.00	10.41	3.33	GOOD_DELIVERY	2026-05-15 09:48:36.073
677	7	8	0	11	-17.88	0.00	21.50	4.13	FAST_RELIABLE	2026-05-15 09:48:36.073
2718	3	3	0	4.33	-12.33	0.00	9.77	4.33	FAST_RELIABLE	2026-05-15 09:48:36.073
136	1	1	0	6	-6	0.00	15.51	5	FAST_RELIABLE	2026-05-15 09:48:36.073
13	1	5	0	26	-10	0.00	46.05	1	GOOD_DELIVERY	2026-05-15 09:48:36.073
2698	28	27	2	18.15	-13.63	6.90	20.90	3.72	GOOD_DELIVERY	2026-05-15 09:48:36.073
1536	981	1354	130	22.35	-11.52	9.54	37.81	3.32	GOOD_DELIVERY	2026-05-15 09:48:36.073
2449	126	138	16	11.04	-10.1	11.59	15.22	4.15	REGULAR	2026-05-15 09:48:36.073
1287	4	6	0	6	-14.67	0.00	14.00	4.83	FAST_RELIABLE	2026-05-15 09:48:36.073
2947	2	2	0	8.5	-5.5	0.00	41.99	5	FAST_RELIABLE	2026-05-15 09:48:36.073
2057	97	130	11	14.23	-11.9	8.03	19.65	3.74	GOOD_DELIVERY	2026-05-15 09:48:36.073
2555	9	9	0	6.44	-13.11	0.00	20.32	3.22	GOOD_DELIVERY	2026-05-15 09:48:36.073
434	5	5	0	10	-9.4	0.00	52.74	2.4	GOOD_DELIVERY	2026-05-15 09:48:36.073
1928	11	11	1	14.09	-20.27	9.09	23.57	4	GOOD_DELIVERY	2026-05-15 09:48:36.073
3053	4	11	5	19	-11.91	45.45	43.90	3.18	DELIVERY_RISK	2026-05-15 09:48:36.073
385	3	3	0	12.67	-26.33	0.00	19.06	5	FAST_RELIABLE	2026-05-15 09:48:36.073
932	4	5	1	10.4	-7.8	20.00	12.71	2.4	REGULAR	2026-05-15 09:48:36.073
1430	1	1	0	3	-31	0.00	21.93	5	FAST_RELIABLE	2026-05-15 09:48:36.073
2071	7	6	0	11.5	-17.17	0.00	25.14	4.14	FAST_RELIABLE	2026-05-15 09:48:36.073
242	37	38	5	11.03	-8.74	13.16	14.58	4.34	REGULAR	2026-05-15 09:48:36.073
989	63	73	2	7.33	-12.04	2.74	14.57	4.38	FAST_RELIABLE	2026-05-15 09:48:36.073
1075	5	5	0	7.2	-19.4	0.00	14.44	4.4	FAST_RELIABLE	2026-05-15 09:48:36.073
2910	1	0	0	NULL	NULL	0.00	7.39	1	GOOD_DELIVERY	2026-05-15 09:48:36.073
2661	3	3	0	12	-12	0.00	39.53	4	FAST_RELIABLE	2026-05-15 09:48:36.073
1324	1	1	0	6	-12	0.00	12.79	5	FAST_RELIABLE	2026-05-15 09:48:36.073
1679	28	31	5	13.32	-8.81	16.13	13.42	3.65	REGULAR	2026-05-15 09:48:36.073
2306	20	21	0	9.71	-17.52	0.00	16.43	3.95	GOOD_DELIVERY	2026-05-15 09:48:36.073
683	7	14	0	10.57	-11.14	0.00	14.93	4.21	FAST_RELIABLE	2026-05-15 09:48:36.073
597	1	1	0	8	-5	0.00	17.82	5	FAST_RELIABLE	2026-05-15 09:48:36.073
56	1	1	0	3	-13	0.00	24.83	5	FAST_RELIABLE	2026-05-15 09:48:36.073
199	114	128	8	10.2	-10.67	6.06	13.80	4.09	GOOD_DELIVERY	2026-05-15 09:48:36.073
448	13	16	2	5.25	-10.5	12.50	15.98	4.5	REGULAR	2026-05-15 09:48:36.073
1865	2	2	0	9	-11	0.00	12.36	2.5	GOOD_DELIVERY	2026-05-15 09:48:36.073
2120	2	2	0	5.5	-16.5	0.00	13.05	4.5	FAST_RELIABLE	2026-05-15 09:48:36.073
2363	2	2	0	4	-28	0.00	7.75	4.5	FAST_RELIABLE	2026-05-15 09:48:36.073
2114	1	0	0	NULL	NULL	0.00	11.85	1	GOOD_DELIVERY	2026-05-15 09:48:36.073
2612	1	1	0	7	-5	0.00	9.14	5	FAST_RELIABLE	2026-05-15 09:48:36.073
2512	201	203	12	12.98	-15.12	5.77	30.03	4.06	GOOD_DELIVERY	2026-05-15 09:48:36.073
348	40	39	2	9.21	-11.13	4.88	16.36	4.27	FAST_RELIABLE	2026-05-15 09:48:36.073
1971	11	16	0	10.56	-18.63	0.00	17.44	3.25	GOOD_DELIVERY	2026-05-15 09:48:36.073
1473	2	0	0	NULL	NULL	0.00	49.28	1	GOOD_DELIVERY	2026-05-15 09:48:36.073
2014	1	1	0	11	-9	0.00	23.73	5	FAST_RELIABLE	2026-05-15 09:48:36.073
491	4	4	0	6.75	-15	0.00	20.83	4.75	FAST_RELIABLE	2026-05-15 09:48:36.073
2655	107	117	5	9.97	-11.74	4.27	13.39	4.2	FAST_RELIABLE	2026-05-15 09:48:36.073
1822	9	9	3	11.56	-4.33	33.33	9.99	4.56	DELIVERY_RISK	2026-05-15 09:48:36.073
2904	11	18	4	18.94	-8.44	22.22	27.56	3.44	REGULAR	2026-05-15 09:48:36.073
1573	14	14	4	19.5	-9	28.57	48.71	3.57	REGULAR	2026-05-15 09:48:36.073
740	6	6	1	12.33	-10.17	16.67	12.62	4	REGULAR	2026-05-15 09:48:36.073
1181	64	74	19	17.88	-7.09	25.33	31.69	3.83	REGULAR	2026-05-15 09:48:36.073
2804	25	28	1	10.04	-12.79	3.57	15.38	3.86	GOOD_DELIVERY	2026-05-15 09:48:36.073
640	4	5	0	9.8	-15.6	0.00	15.86	4.4	FAST_RELIABLE	2026-05-15 09:48:36.073
1722	8	23	0	12.09	-14.39	0.00	15.77	4.13	FAST_RELIABLE	2026-05-15 09:48:36.073
99	2	2	0	8.5	-6.5	0.00	11.53	4	FAST_RELIABLE	2026-05-15 09:48:36.073
2263	14	14	0	13.93	-21.71	0.00	55.45	4.5	FAST_RELIABLE	2026-05-15 09:48:36.073
285	410	538	58	12.79	-10.67	10.64	15.58	3.54	REGULAR	2026-05-15 09:48:36.073
1613	66	66	4	14.18	-9.56	6.06	65.15	4.55	GOOD_DELIVERY	2026-05-15 09:48:36.073
1281	2	2	0	10.5	-20	0.00	15.82	3	GOOD_DELIVERY	2026-05-15 09:48:36.073
617	1	1	0	8	-25	0.00	18.23	4	FAST_RELIABLE	2026-05-15 09:48:36.073
949	1	1	0	10	-19	0.00	15.59	5	FAST_RELIABLE	2026-05-15 09:48:36.073
262	50	64	8	13.33	-11.09	12.50	25.00	3.69	REGULAR	2026-05-15 09:48:36.073
594	2	2	0	12	-17	0.00	17.39	4	FAST_RELIABLE	2026-05-15 09:48:36.073
2160	44	48	2	13.15	-16.38	4.08	21.69	3.67	GOOD_DELIVERY	2026-05-15 09:48:36.073
2492	26	26	2	11.31	-13.5	7.69	15.99	4.38	GOOD_DELIVERY	2026-05-15 09:48:36.073
2824	2	2	0	6.5	-8	0.00	18.27	5	FAST_RELIABLE	2026-05-15 09:48:36.073
1828	1	3	0	22	-8	0.00	20.02	1	GOOD_DELIVERY	2026-05-15 09:48:36.073
2515	39	40	6	23.35	-13.13	15.00	22.83	3.7	REGULAR	2026-05-15 09:48:36.073
2847	6	6	0	5.33	-8.83	0.00	14.92	5	FAST_RELIABLE	2026-05-15 09:48:36.073
1118	12	14	0	11.79	-15.5	0.00	19.21	3.79	GOOD_DELIVERY	2026-05-15 09:48:36.073
2369	2	3	0	6	-8	0.00	46.96	3	GOOD_DELIVERY	2026-05-15 09:48:36.073
3033	5	6	0	10.5	-16.5	0.00	17.44	4.17	FAST_RELIABLE	2026-05-15 09:48:36.073
454	10	11	0	9.09	-13.82	0.00	18.05	4.18	FAST_RELIABLE	2026-05-15 09:48:36.073
2446	10	9	4	21.22	0.33	36.36	12.83	3.18	DELIVERY_RISK	2026-05-15 09:48:36.073
116	3	3	0	8	-15.33	0.00	23.61	4.67	FAST_RELIABLE	2026-05-15 09:48:36.073
1782	1	1	0	12	-14	0.00	22.28	5	FAST_RELIABLE	2026-05-15 09:48:36.073
1141	148	154	5	10.52	-14.51	3.23	19.36	4.41	FAST_RELIABLE	2026-05-15 09:48:36.073
803	19	19	0	11.11	-10.42	0.00	20.40	3.9	GOOD_DELIVERY	2026-05-15 09:48:36.073
2346	4	3	0	8	-14	0.00	11.67	4	FAST_RELIABLE	2026-05-15 09:48:36.073
1805	20	20	0	11.2	-17.5	0.00	22.24	3.9	GOOD_DELIVERY	2026-05-15 09:48:36.073
2469	12	11	4	37.45	9.55	33.33	73.89	3.33	DELIVERY_RISK	2026-05-15 09:48:36.073
3010	19	21	4	12	-10.05	19.05	14.87	4.1	REGULAR	2026-05-15 09:48:36.073
1682	1	1	0	12	-14	0.00	37.26	5	FAST_RELIABLE	2026-05-15 09:48:36.073
995	4	4	2	7	-3.25	50.00	17.31	4.75	DELIVERY_RISK	2026-05-15 09:48:36.073
2987	44	53	1	10.36	-12.89	1.89	16.70	4.28	FAST_RELIABLE	2026-05-15 09:48:36.073
2154	15	16	2	13.94	-8.63	12.50	21.52	3.69	REGULAR	2026-05-15 09:48:36.073
1659	3	3	0	9.33	-12.33	0.00	11.58	4	FAST_RELIABLE	2026-05-15 09:48:36.073
408	1	1	0	15	-11	0.00	25.77	5	FAST_RELIABLE	2026-05-15 09:48:36.073
162	3	4	0	18.75	-6.25	0.00	24.85	4	FAST_RELIABLE	2026-05-15 09:48:36.073
2323	4	5	0	7.8	-17.8	0.00	16.71	3.8	GOOD_DELIVERY	2026-05-15 09:48:36.073
1490	2	1	1	28	5	50.00	28.75	1.5	DELIVERY_RISK	2026-05-15 09:48:36.073
1072	1	1	0	6	-37	0.00	27.05	5	FAST_RELIABLE	2026-05-15 09:48:36.073
826	1	1	0	18	-14	0.00	18.02	5	FAST_RELIABLE	2026-05-15 09:48:36.073
1636	185	189	12	10.14	-14.69	6.32	16.21	4.21	GOOD_DELIVERY	2026-05-15 09:48:36.073
1513	146	174	23	11.55	-10.34	12.92	19.41	3.72	REGULAR	2026-05-15 09:48:36.073
849	12	11	0	13.73	-15	0.00	36.94	4.08	FAST_RELIABLE	2026-05-15 09:48:36.073
2177	85	95	14	12.44	-8.76	14.74	13.74	4.34	REGULAR	2026-05-15 09:48:36.073
1095	10	10	0	7.2	-16.5	0.00	20.45	4.6	FAST_RELIABLE	2026-05-15 09:48:36.073
431	2	2	0	13.5	-12	0.00	15.04	4.5	FAST_RELIABLE	2026-05-15 09:48:36.073
1759	8	8	1	12.25	-10.38	12.50	22.52	4.38	REGULAR	2026-05-15 09:48:36.073
972	11	12	0	9.92	-14.67	0.00	26.83	4.25	FAST_RELIABLE	2026-05-15 09:48:36.073
2300	2	2	0	3.5	-13	0.00	14.58	4.5	FAST_RELIABLE	2026-05-15 09:48:36.073
2841	3	3	0	6	-11	0.00	11.00	5	FAST_RELIABLE	2026-05-15 09:48:36.073
308	1	0	0	NULL	NULL	0.00	9.34	3	GOOD_DELIVERY	2026-05-15 09:48:36.073
2200	157	165	5	10.29	-16.66	2.99	13.58	4.1	FAST_RELIABLE	2026-05-15 09:48:36.073
2283	88	86	4	9.84	-10.17	4.49	16.16	3.97	GOOD_DELIVERY	2026-05-15 09:48:36.073
2532	65	66	14	4.97	-4.79	20.90	12.44	4.81	REGULAR	2026-05-15 09:48:36.073
1204	3	3	0	7	-14	0.00	26.82	4.67	FAST_RELIABLE	2026-05-15 09:48:36.073
1951	4	4	0	6	-12.75	0.00	18.11	4.5	FAST_RELIABLE	2026-05-15 09:48:36.073
2887	22	56	0	9.73	-13.02	0.00	15.11	3.41	GOOD_DELIVERY	2026-05-15 09:48:36.073
2592	59	56	4	9.86	-11.64	6.78	15.26	4.19	GOOD_DELIVERY	2026-05-15 09:48:36.073
1596	5	4	0	13	-21	0.00	15.44	2.4	GOOD_DELIVERY	2026-05-15 09:48:36.073
2924	17	18	1	21.06	-9.22	5.56	20.77	4.44	GOOD_DELIVERY	2026-05-15 09:48:36.073
1891	4	5	1	27	12.4	16.67	24.68	4.5	REGULAR	2026-05-15 09:48:36.073
1264	1	1	0	2	-11	0.00	13.94	5	FAST_RELIABLE	2026-05-15 09:48:36.073
657	46	46	2	12.59	-15.85	4.35	21.72	4.39	FAST_RELIABLE	2026-05-15 09:48:36.073
325	3	5	0	16.8	-5.2	0.00	20.52	3.6	GOOD_DELIVERY	2026-05-15 09:48:36.073
2970	20	22	4	18	-14.18	17.39	31.66	3.48	REGULAR	2026-05-15 09:48:36.073
2638	2	3	0	9.67	-14	0.00	26.42	4.67	FAST_RELIABLE	2026-05-15 09:48:36.073
1699	12	5	0	10	-30.2	0.00	35.16	2.54	GOOD_DELIVERY	2026-05-15 09:48:36.073
1450	40	41	2	13.78	-14.1	4.65	21.94	4.3	FAST_RELIABLE	2026-05-15 09:48:36.073
2784	12	12	4	13.42	-7.33	33.33	18.43	3.08	DELIVERY_RISK	2026-05-15 09:48:36.073
122	5	4	1	14.25	-5.25	20.00	15.33	3.4	REGULAR	2026-05-15 09:48:36.073
371	3	3	0	7	-16.67	0.00	33.63	5	FAST_RELIABLE	2026-05-15 09:48:36.073
2137	18	14	9	23.36	4.07	50.00	27.02	1.72	DELIVERY_RISK	2026-05-15 09:48:36.073
471	31	41	3	10.9	-10.73	6.98	17.33	3.88	GOOD_DELIVERY	2026-05-15 09:48:36.073
1012	3	3	0	11	-13.67	0.00	18.18	5	FAST_RELIABLE	2026-05-15 09:48:36.073
2678	2	2	0	12	-14	0.00	37.66	5	FAST_RELIABLE	2026-05-15 09:48:36.073
809	4	5	0	16.2	-36.4	0.00	37.43	2.8	GOOD_DELIVERY	2026-05-15 09:48:36.073
1350	1	0	0	NULL	NULL	0.00	12.69	1	GOOD_DELIVERY	2026-05-15 09:48:36.073
909	261	343	31	12.68	-8.64	8.96	12.71	3.71	GOOD_DELIVERY	2026-05-15 09:48:36.073
76	55	59	2	13.41	-13.47	3.33	20.01	3.97	GOOD_DELIVERY	2026-05-15 09:48:36.073
663	5	5	0	6.2	-14.2	0.00	10.59	4.8	FAST_RELIABLE	2026-05-15 09:48:36.073
1991	1	6	0	3	-4	0.00	13.64	5	FAST_RELIABLE	2026-05-15 09:48:36.073
3073	1	1	0	6	-8	0.00	64.17	5	FAST_RELIABLE	2026-05-15 09:48:36.073
1745	2	2	1	24	-8.5	50.00	24.30	3	DELIVERY_RISK	2026-05-15 09:48:36.073
1158	1	1	0	1	-7	0.00	7.42	5	FAST_RELIABLE	2026-05-15 09:48:36.073
1304	18	21	2	14.24	-11.48	9.09	16.08	3.86	GOOD_DELIVERY	2026-05-15 09:48:36.073
2386	5	5	0	12.4	-20.6	0.00	37.22	3.2	GOOD_DELIVERY	2026-05-15 09:48:36.073
222	3	4	0	8.75	-10.5	0.00	20.23	2.75	GOOD_DELIVERY	2026-05-15 09:48:36.073
517	16	16	1	12.25	-16.13	6.25	19.53	4.19	GOOD_DELIVERY	2026-05-15 09:48:36.073
1845	1	1	0	1	-7	0.00	15.47	5	FAST_RELIABLE	2026-05-15 09:48:36.073
1058	1	0	0	NULL	NULL	0.00	15.20	1	GOOD_DELIVERY	2026-05-15 09:48:36.073
763	1	1	0	6	-18	0.00	16.21	4	FAST_RELIABLE	2026-05-15 09:48:36.073
1364	35	72	5	11.32	-14.58	6.94	13.57	3.79	GOOD_DELIVERY	2026-05-15 09:48:36.073
700	25	27	4	14.26	-9.07	14.81	41.35	3.89	REGULAR	2026-05-15 09:48:36.073
202	59	71	4	8.65	-10.86	5.63	12.90	4.59	GOOD_DELIVERY	2026-05-15 09:48:36.073
866	17	37	3	12.05	-13.97	8.11	15.51	3.32	GOOD_DELIVERY	2026-05-15 09:48:36.073
1198	3	0	0	NULL	NULL	0.00	20.34	1	GOOD_DELIVERY	2026-05-15 09:48:36.073
2764	69	81	7	13.64	-12.26	8.43	26.63	4.25	GOOD_DELIVERY	2026-05-15 09:48:36.073
1719	107	117	2	10.95	-14.83	1.71	17.89	4.25	FAST_RELIABLE	2026-05-15 09:48:36.073
557	4	4	0	9.75	-11.75	0.00	13.21	4	FAST_RELIABLE	2026-05-15 09:48:36.073
1221	1	0	0	NULL	NULL	0.00	14.11	1	GOOD_DELIVERY	2026-05-15 09:48:36.073
2930	4	4	0	20.25	-15	0.00	49.77	4.25	FAST_RELIABLE	2026-05-15 09:48:36.073
2217	4	4	0	9.25	-15.5	0.00	16.44	4.25	FAST_RELIABLE	2026-05-15 09:48:36.073
59	4	1	0	14	-12	0.00	55.61	2.25	GOOD_DELIVERY	2026-05-15 09:48:36.073
225	6	6	1	9.17	-12.83	16.67	44.33	3.5	REGULAR	2026-05-15 09:48:36.073
1055	2	2	1	20.5	-5	50.00	15.33	2.5	DELIVERY_RISK	2026-05-15 09:48:36.073
723	3	3	1	16.67	-4.67	33.33	47.31	3.33	DELIVERY_RISK	2026-05-15 09:48:36.073
1078	58	70	1	10.51	-13.94	1.43	13.74	4.1	FAST_RELIABLE	2026-05-15 09:48:36.073
3070	3	3	0	6.33	-15.33	0.00	17.76	4.67	FAST_RELIABLE	2026-05-15 09:48:36.073
2738	3	3	0	11	-17.67	0.00	41.26	4.33	FAST_RELIABLE	2026-05-15 09:48:36.073
1911	4	4	0	6.25	-17.5	0.00	13.10	4.75	FAST_RELIABLE	2026-05-15 09:48:36.073
2074	2	2	0	18	-31	0.00	58.62	3.5	GOOD_DELIVERY	2026-05-15 09:48:36.073
2907	1	0	0	NULL	NULL	0.00	22.19	1	GOOD_DELIVERY	2026-05-15 09:48:36.073
1556	159	169	23	15.55	-10.79	13.22	17.16	4.09	REGULAR	2026-05-15 09:48:36.073
892	23	38	1	13.5	-14.37	2.63	19.32	3.97	GOOD_DELIVERY	2026-05-15 09:48:36.073
1433	78	82	1	11.17	-16.84	1.20	22.54	4.54	FAST_RELIABLE	2026-05-15 09:48:36.073
2097	17	17	2	15.24	-10.41	11.11	48.27	4.5	REGULAR	2026-05-15 09:48:36.073
2429	42	42	4	16.86	-10.6	9.30	25.86	4.07	GOOD_DELIVERY	2026-05-15 09:48:36.073
3093	14	14	2	18	-8.36	14.29	29.98	4.21	REGULAR	2026-05-15 09:48:36.073
1888	3	3	0	8	-6.33	0.00	33.35	3.67	GOOD_DELIVERY	2026-05-15 09:48:36.073
843	11	11	1	12.36	-14.09	9.09	38.18	4.36	GOOD_DELIVERY	2026-05-15 09:48:36.073
2552	1	1	0	9	-14	0.00	45.07	5	FAST_RELIABLE	2026-05-15 09:48:36.073
2452	70	133	3	13.83	-16.9	2.21	25.13	3.72	GOOD_DELIVERY	2026-05-15 09:48:36.073
2031	5	6	0	10	-19	0.00	21.84	4.83	FAST_RELIABLE	2026-05-15 09:48:36.073
2695	91	92	5	12.43	-14.1	5.38	17.94	4.33	GOOD_DELIVERY	2026-05-15 09:48:36.073
531	1	1	0	19	-16	0.00	57.21	4	FAST_RELIABLE	2026-05-15 09:48:36.073
39	1	2	0	13	-42	0.00	8.79	2	GOOD_DELIVERY	2026-05-15 09:48:36.073
33	14	16	6	25.75	-6.25	37.50	37.87	2.69	DELIVERY_RISK	2026-05-15 09:48:36.073
1533	2	2	1	17	-6.5	50.00	15.32	3	DELIVERY_RISK	2026-05-15 09:48:36.073
2197	1	1	0	12	-3	0.00	13.35	4	FAST_RELIABLE	2026-05-15 09:48:36.073
16	23	26	0	11.31	-16.12	0.00	18.06	4.73	FAST_RELIABLE	2026-05-15 09:48:36.073
182	1	1	0	12	-40	0.00	23.00	5	FAST_RELIABLE	2026-05-15 09:48:36.073
680	3	8	0	11.13	-14.13	0.00	29.07	5	FAST_RELIABLE	2026-05-15 09:48:36.073
2572	28	31	1	7.61	-12.94	3.23	13.90	4.74	FAST_RELIABLE	2026-05-15 09:48:36.073
2744	7	6	0	10	-9.17	0.00	33.66	5	FAST_RELIABLE	2026-05-15 09:48:36.073
580	9	7	4	25.57	4.71	40.00	13.21	2.7	DELIVERY_RISK	2026-05-15 09:48:36.073
1241	3	3	0	8	-24.33	0.00	17.29	4.67	FAST_RELIABLE	2026-05-15 09:48:36.073
1905	3	3	0	12.33	-20.67	0.00	36.64	4	FAST_RELIABLE	2026-05-15 09:48:36.073
823	1	1	0	7	-21	0.00	15.56	5	FAST_RELIABLE	2026-05-15 09:48:36.073
159	2	2	0	4.5	-22	0.00	16.78	5	FAST_RELIABLE	2026-05-15 09:48:36.073
1390	22	24	3	14.13	-11.29	12.50	22.33	3.92	REGULAR	2026-05-15 09:48:36.073
1931	72	75	3	12.04	-15.48	3.95	23.89	3.88	GOOD_DELIVERY	2026-05-15 09:48:36.073
2595	41	44	1	10.23	-19.59	2.13	25.52	4.4	FAST_RELIABLE	2026-05-15 09:48:36.073
2054	1	2	0	4	-5	0.00	11.18	3	GOOD_DELIVERY	2026-05-15 09:48:36.073
2366	275	304	7	9.7	-16.34	2.30	19.80	4.43	FAST_RELIABLE	2026-05-15 09:48:36.073
1121	26	28	1	12.57	-12.82	3.57	20.23	3.96	GOOD_DELIVERY	2026-05-15 09:48:36.073
2864	96	100	10	13.02	-11.59	9.90	18.01	4.09	GOOD_DELIVERY	2026-05-15 09:48:36.073
2117	4	4	0	8.25	-10.25	0.00	18.17	4.75	FAST_RELIABLE	2026-05-15 09:48:36.073
1370	75	111	6	12.58	-11.68	5.36	34.01	3.73	GOOD_DELIVERY	2026-05-15 09:48:36.073
1868	12	16	2	16	-11.69	12.50	31.04	4.06	REGULAR	2026-05-15 09:48:36.073
2615	4	4	2	13.5	-3.25	50.00	14.93	3.5	DELIVERY_RISK	2026-05-15 09:48:36.073
1619	5	7	2	13	-5	28.57	64.89	4.29	REGULAR	2026-05-15 09:48:36.073
2223	61	69	2	16.22	-42.83	2.90	34.70	4.04	FAST_RELIABLE	2026-05-15 09:48:36.073
2758	19	19	1	9.47	-10.42	5.26	13.22	4.11	GOOD_DELIVERY	2026-05-15 09:48:36.073
600	8	8	0	16.13	-16.75	0.00	17.34	4.38	FAST_RELIABLE	2026-05-15 09:48:36.073
1762	4	4	0	4.75	-15.75	0.00	70.26	4.25	FAST_RELIABLE	2026-05-15 09:48:36.073
53	11	17	2	16.29	-16.53	11.76	48.32	3.53	REGULAR	2026-05-15 09:48:36.073
2260	2	2	0	3	-8	0.00	12.28	3	GOOD_DELIVERY	2026-05-15 09:48:36.073
2993	5	5	1	17.8	-4	20.00	30.62	4	REGULAR	2026-05-15 09:48:36.073
992	3	5	0	12.8	-7.4	0.00	13.43	3.6	GOOD_DELIVERY	2026-05-15 09:48:36.073
743	1	1	0	8	-6	0.00	8.69	5	FAST_RELIABLE	2026-05-15 09:48:36.073
3056	66	73	8	8.25	-9.29	10.96	13.38	4.36	REGULAR	2026-05-15 09:48:36.073
388	43	40	6	19.82	-11.2	13.95	15.77	3.79	REGULAR	2026-05-15 09:48:36.073
302	1	0	0	NULL	NULL	0.00	11.22	1	GOOD_DELIVERY	2026-05-15 09:48:36.073
1925	10	10	1	13.1	-13.7	10.00	15.18	4.8	GOOD_DELIVERY	2026-05-15 09:48:36.073
1974	2	2	0	8.5	-14.5	0.00	13.47	4	FAST_RELIABLE	2026-05-15 09:48:36.073
2011	2	2	0	9.5	-15	0.00	17.13	4.5	FAST_RELIABLE	2026-05-15 09:48:36.073
1384	5	5	0	17.6	-10.4	0.00	23.23	4.6	FAST_RELIABLE	2026-05-15 09:48:36.073
929	1	1	0	28	-1	0.00	18.33	5	FAST_RELIABLE	2026-05-15 09:48:36.073
351	1	1	0	7	-24	0.00	19.32	5	FAST_RELIABLE	2026-05-15 09:48:36.073
1284	95	108	18	14.93	-7.45	15.65	11.86	3.5	REGULAR	2026-05-15 09:48:36.073
1035	7	7	0	13.71	-23.71	0.00	17.65	3.86	GOOD_DELIVERY	2026-05-15 09:48:36.073
2950	74	74	10	11.41	-7.58	13.16	13.10	3.74	REGULAR	2026-05-15 09:48:36.073
2701	13	12	0	9.33	-13.5	0.00	29.10	4.38	FAST_RELIABLE	2026-05-15 09:48:36.073
786	10	11	0	15.64	-18	0.00	21.33	4.36	FAST_RELIABLE	2026-05-15 09:48:36.073
537	2	2	0	19.5	-18	0.00	150.22	5	FAST_RELIABLE	2026-05-15 09:48:36.073
1178	6	7	0	7	-26	0.00	16.62	3.86	GOOD_DELIVERY	2026-05-15 09:48:36.073
1676	14	14	0	6.36	-13.29	0.00	16.77	4.5	FAST_RELIABLE	2026-05-15 09:48:36.073
1135	9	10	0	9.5	-13.7	0.00	19.85	4.7	FAST_RELIABLE	2026-05-15 09:48:36.073
2801	19	23	1	9.61	-7.57	4.35	12.47	4.39	FAST_RELIABLE	2026-05-15 09:48:36.073
637	4	5	0	12.2	-17.2	0.00	31.36	3.2	GOOD_DELIVERY	2026-05-15 09:48:36.073
1327	8	8	0	6.25	-15.63	0.00	20.21	3.75	GOOD_DELIVERY	2026-05-15 09:48:36.073
2409	19	20	0	9.5	-18.95	0.00	54.97	4.45	FAST_RELIABLE	2026-05-15 09:48:36.073
245	6	6	0	10.5	-14.33	0.00	16.00	4.33	FAST_RELIABLE	2026-05-15 09:48:36.073
1576	10	11	0	4.36	-9.55	0.00	13.90	4.64	FAST_RELIABLE	2026-05-15 09:48:36.073
494	2	3	0	7.33	-13.67	0.00	33.54	4.33	FAST_RELIABLE	2026-05-15 09:48:36.073
2658	1	1	0	18	-7	0.00	18.14	4	FAST_RELIABLE	2026-05-15 09:48:36.073
3050	60	68	2	10.53	-8.87	2.82	13.07	3.82	GOOD_DELIVERY	2026-05-15 09:48:36.073
345	4	4	1	9	-5.75	25.00	14.90	3.5	REGULAR	2026-05-15 09:48:36.073
1427	28	33	0	11.64	-15.24	0.00	29.30	3.95	GOOD_DELIVERY	2026-05-15 09:48:36.073
886	3	3	0	12.67	-15	0.00	22.40	5	FAST_RELIABLE	2026-05-15 09:48:36.073
2509	16	16	2	11.38	-10.13	12.50	26.16	4.69	REGULAR	2026-05-15 09:48:36.073
1968	1	1	0	9	-26	0.00	14.43	5	FAST_RELIABLE	2026-05-15 09:48:36.073
1044	2	2	1	12.5	-2	50.00	24.36	2.5	DELIVERY_RISK	2026-05-15 09:48:36.073
2040	75	84	5	22.27	-16.73	5.81	36.25	3.4	GOOD_DELIVERY	2026-05-15 09:48:36.073
712	32	36	1	13.5	-15.61	2.78	16.84	3.64	GOOD_DELIVERY	2026-05-15 09:48:36.073
3036	9	14	0	7.07	-17.43	0.00	13.93	3	GOOD_DELIVERY	2026-05-15 09:48:36.073
1376	8	10	0	12.2	-26.5	0.00	10.04	4.5	FAST_RELIABLE	2026-05-15 09:48:36.073
1708	6	9	0	12.56	-13.22	0.00	20.59	4.78	FAST_RELIABLE	2026-05-15 09:48:36.073
2704	33	34	2	14.32	-12.21	5.88	21.22	4.12	GOOD_DELIVERY	2026-05-15 09:48:36.073
2372	7	11	5	34.36	9.55	45.45	14.69	2.18	DELIVERY_RISK	2026-05-15 09:48:36.073
2727	52	55	4	12.64	-13.42	7.14	18.41	4.2	GOOD_DELIVERY	2026-05-15 09:48:36.073
2063	105	111	3	12.17	-17.3	2.68	20.81	4.05	FAST_RELIABLE	2026-05-15 09:48:36.073
3059	46	61	3	8.8	-11.95	4.92	18.58	4.14	FAST_RELIABLE	2026-05-15 09:48:36.073
1399	5	5	1	21.2	-3.2	20.00	16.23	4	REGULAR	2026-05-15 09:48:36.073
1731	2	1	0	11	-15	0.00	33.58	2.5	GOOD_DELIVERY	2026-05-15 09:48:36.073
2395	8	8	1	15	-11.88	12.50	24.33	4.06	REGULAR	2026-05-15 09:48:36.073
3082	44	47	7	9.6	-8.7	14.89	18.39	4.04	REGULAR	2026-05-15 09:48:36.073
2086	61	67	5	9.57	-11.34	7.46	15.63	4.45	GOOD_DELIVERY	2026-05-15 09:48:36.073
497	49	56	1	9.27	-18.71	1.67	18.46	4.08	FAST_RELIABLE	2026-05-15 09:48:36.073
165	2	2	1	8.5	-5	50.00	19.42	5	DELIVERY_RISK	2026-05-15 09:48:36.073
2750	7	7	1	17.86	-8.29	14.29	16.54	4.57	REGULAR	2026-05-15 09:48:36.073
2418	4	4	0	5.75	-17.75	0.00	16.89	2.25	GOOD_DELIVERY	2026-05-15 09:48:36.073
2896	45	48	1	10.08	-14.79	2.04	16.92	4.18	FAST_RELIABLE	2026-05-15 09:48:36.073
2773	1	1	0	6	-14	0.00	11.52	5	FAST_RELIABLE	2026-05-15 09:48:36.073
2564	2	2	0	4	-15.5	0.00	13.00	5	FAST_RELIABLE	2026-05-15 09:48:36.073
2541	40	40	2	9.05	-16	4.88	35.09	4.56	FAST_RELIABLE	2026-05-15 09:48:36.073
1877	7	8	0	13.25	-11.5	0.00	24.06	4.38	FAST_RELIABLE	2026-05-15 09:48:36.073
875	5	5	0	5.2	-12.6	0.00	9.59	4.8	FAST_RELIABLE	2026-05-15 09:48:36.073
1539	1	1	0	19	-3	0.00	15.10	5	FAST_RELIABLE	2026-05-15 09:48:36.073
211	3	3	0	5.33	-7.33	0.00	133.22	5	FAST_RELIABLE	2026-05-15 09:48:36.073
852	209	211	14	9.87	-11.24	6.42	14.27	4.07	GOOD_DELIVERY	2026-05-15 09:48:36.073
188	33	35	5	13.31	-12.2	14.29	16.68	4.4	REGULAR	2026-05-15 09:48:36.073
1190	2	3	0	8.33	-23.67	0.00	34.82	4.33	FAST_RELIABLE	2026-05-15 09:48:36.073
2518	1	0	0	NULL	NULL	0.00	25.33	1	GOOD_DELIVERY	2026-05-15 09:48:36.073
311	9	10	0	12.3	-8.1	0.00	14.74	4.3	FAST_RELIABLE	2026-05-15 09:48:36.073
1854	1	1	0	9	-5	0.00	7.88	5	FAST_RELIABLE	2026-05-15 09:48:36.073
503	151	145	5	8.81	-12.17	3.25	20.75	4.2	FAST_RELIABLE	2026-05-15 09:48:36.073
334	115	127	25	14.98	-6.86	18.25	12.12	2.18	REGULAR	2026-05-15 09:48:36.073
1831	172	187	6	12.29	-15.11	3.16	16.75	3.97	GOOD_DELIVERY	2026-05-15 09:48:36.073
2495	1	1	0	9	-20	0.00	18.66	5	FAST_RELIABLE	2026-05-15 09:48:36.073
1167	5	4	0	7.25	-35	0.00	13.40	4.2	FAST_RELIABLE	2026-05-15 09:48:36.073
1585	1	1	0	14	-27	0.00	26.44	4	FAST_RELIABLE	2026-05-15 09:48:36.073
2913	2	2	0	11.5	-7.5	0.00	41.14	4.5	FAST_RELIABLE	2026-05-15 09:48:36.073
998	2	2	1	21	-4.5	50.00	21.93	4.5	DELIVERY_RISK	2026-05-15 09:48:36.073
2249	5	6	0	4.67	-10.67	0.00	15.77	4.83	FAST_RELIABLE	2026-05-15 09:48:36.073
1808	68	76	3	12.3	-15.07	3.95	18.81	4.28	FAST_RELIABLE	2026-05-15 09:48:36.073
1685	17	19	3	15.16	-20.79	15.00	12.61	3.75	REGULAR	2026-05-15 09:48:36.073
1021	9	8	4	17.38	-0.88	44.44	10.91	2.56	DELIVERY_RISK	2026-05-15 09:48:36.073
2226	10	11	0	10.64	-21.27	0.00	26.82	4.27	FAST_RELIABLE	2026-05-15 09:48:36.073
898	5	5	0	9	-9.4	0.00	12.65	4.6	FAST_RELIABLE	2026-05-15 09:48:36.073
1144	1	1	0	10	-9	0.00	64.91	2	GOOD_DELIVERY	2026-05-15 09:48:36.073
357	2	2	0	8	-15.5	0.00	14.37	5	FAST_RELIABLE	2026-05-15 09:48:36.073
480	3	3	0	13.33	-11	0.00	22.95	5	FAST_RELIABLE	2026-05-15 09:48:36.073
2349	2	1	0	12	-7	0.00	10.94	2.5	GOOD_DELIVERY	2026-05-15 09:48:36.073
234	1	1	0	18	-35	0.00	14.12	5	FAST_RELIABLE	2026-05-15 09:48:36.073
1562	2	0	0	NULL	NULL	0.00	16.33	1	GOOD_DELIVERY	2026-05-15 09:48:36.073
2627	166	181	4	8.52	-18.76	2.21	17.86	4.26	FAST_RELIABLE	2026-05-15 09:48:36.073
457	11	12	0	7.58	-10.5	0.00	18.65	4.75	FAST_RELIABLE	2026-05-15 09:48:36.073
125	49	55	3	13.04	-12.02	5.45	25.70	3.87	GOOD_DELIVERY	2026-05-15 09:48:36.073
706	1	0	0	NULL	NULL	0.00	9.34	1	GOOD_DELIVERY	2026-05-15 09:48:36.073
65	60	62	5	10.26	-11.81	7.94	13.97	4.38	GOOD_DELIVERY	2026-05-15 09:48:36.073
2936	93	98	10	12.37	-10.7	10.20	16.26	4.09	REGULAR	2026-05-15 09:48:36.073
1393	6	6	2	32.33	4.17	33.33	26.36	3.33	DELIVERY_RISK	2026-05-15 09:48:36.073
1061	3	3	0	10	-8.33	0.00	14.15	4.67	FAST_RELIABLE	2026-05-15 09:48:36.073
1940	2	0	0	NULL	NULL	0.00	11.52	1	GOOD_DELIVERY	2026-05-15 09:48:36.073
2000	3	3	2	30.33	2.67	66.67	15.07	4.33	DELIVERY_RISK	2026-05-15 09:48:36.073
1004	1	1	0	3	-8	0.00	8.37	5	FAST_RELIABLE	2026-05-15 09:48:36.073
2332	2	2	0	13	-20.5	0.00	14.36	3.5	GOOD_DELIVERY	2026-05-15 09:48:36.073
19	37	37	4	13.54	-8.24	10.53	33.26	4.03	REGULAR	2026-05-15 09:48:36.073
2687	13	15	0	5.27	-18.8	0.00	12.60	4.4	FAST_RELIABLE	2026-05-15 09:48:36.073
3019	1	0	0	NULL	NULL	0.00	51.79	1	GOOD_DELIVERY	2026-05-15 09:48:36.073
1545	175	182	20	13.14	-9.31	10.75	13.82	3.89	REGULAR	2026-05-15 09:48:36.073
1207	14	17	0	13.65	-16.88	0.00	16.33	3.26	GOOD_DELIVERY	2026-05-15 09:48:36.073
2873	1	1	0	5	-12	0.00	18.38	5	FAST_RELIABLE	2026-05-15 09:48:36.073
1794	4	4	0	7.5	-16.75	0.00	24.33	3.75	GOOD_DELIVERY	2026-05-15 09:48:36.073
958	1	1	0	7	-12	0.00	19.90	5	FAST_RELIABLE	2026-05-15 09:48:36.073
858	1120	1136	133	14.98	-11.1	11.63	17.49	4.09	REGULAR	2026-05-15 09:48:36.073
2481	27	30	1	13	-17.3	3.33	19.43	4.67	FAST_RELIABLE	2026-05-15 09:48:36.073
317	1	1	0	11	-14	0.00	16.11	5	FAST_RELIABLE	2026-05-15 09:48:36.073
1645	10	10	0	21.2	-11.8	0.00	49.01	4.4	FAST_RELIABLE	2026-05-15 09:48:36.073
520	1	1	0	2	-8	0.00	7.71	5	FAST_RELIABLE	2026-05-15 09:48:36.073
1748	85	129	16	14.02	-6.29	12.31	13.19	2.97	REGULAR	2026-05-15 09:48:36.073
2581	60	68	3	5.69	-10.21	4.41	13.30	4.59	FAST_RELIABLE	2026-05-15 09:48:36.073
1499	23	25	0	9.24	-13.32	0.00	18.37	4.32	FAST_RELIABLE	2026-05-15 09:48:36.073
171	6	6	1	11.83	-7.33	16.67	11.68	4.33	REGULAR	2026-05-15 09:48:36.073
420	23	24	3	11.04	-11.42	12.50	24.41	3.96	REGULAR	2026-05-15 09:48:36.073
666	1	1	0	5	-14	0.00	11.85	5	FAST_RELIABLE	2026-05-15 09:48:36.073
1253	1	1	0	4	-10	0.00	8.11	5	FAST_RELIABLE	2026-05-15 09:48:36.073
25	128	129	8	10.64	-13.71	6.15	21.11	4.31	GOOD_DELIVERY	2026-05-15 09:48:36.073
1894	32	32	0	14.78	-17.97	0.00	16.48	4.33	FAST_RELIABLE	2026-05-15 09:48:36.073
566	13	13	0	9.69	-8.77	0.00	12.60	4.31	FAST_RELIABLE	2026-05-15 09:48:36.073
812	100	109	8	10.79	-10.67	7.27	13.26	4.35	GOOD_DELIVERY	2026-05-15 09:48:36.073
2435	9	10	2	16	-13.2	20.00	18.92	4.2	REGULAR	2026-05-15 09:48:36.073
1107	2	2	0	9	-14.5	0.00	23.80	4.5	FAST_RELIABLE	2026-05-15 09:48:36.073
271	2	2	0	6.5	-17	0.00	19.81	5	FAST_RELIABLE	2026-05-15 09:48:36.073
1353	1	1	0	15	-5	0.00	22.13	5	FAST_RELIABLE	2026-05-15 09:48:36.073
1293	26	31	2	15.03	-11.58	6.06	24.02	3.94	GOOD_DELIVERY	2026-05-15 09:48:36.073
2455	6	10	0	12.9	-12.9	0.00	21.37	4.8	FAST_RELIABLE	2026-05-15 09:48:36.073
1791	63	70	2	10.43	-11.41	2.74	16.93	4.15	FAST_RELIABLE	2026-05-15 09:48:36.073
1459	14	13	0	14.85	-12.46	0.00	17.00	4.43	FAST_RELIABLE	2026-05-15 09:48:36.073
2953	27	27	0	8.52	-14.26	0.00	11.85	4.32	FAST_RELIABLE	2026-05-15 09:48:36.073
961	12	21	4	14.76	-4.19	18.18	17.34	3.55	REGULAR	2026-05-15 09:48:36.073
1957	10	10	2	25	-8.5	20.00	25.88	4.4	REGULAR	2026-05-15 09:48:36.073
795	2	2	0	8	-13	0.00	20.91	4	FAST_RELIABLE	2026-05-15 09:48:36.073
938	60	73	8	14.92	-20.75	10.96	15.73	4.07	REGULAR	2026-05-15 09:48:36.073
440	134	158	3	8.65	-13.59	1.86	16.52	4.19	FAST_RELIABLE	2026-05-15 09:48:36.073
2100	19	31	5	24.45	-12.32	13.16	21.02	3.13	REGULAR	2026-05-15 09:48:36.073
1602	27	23	9	17.17	-3.74	33.33	55.66	3.26	DELIVERY_RISK	2026-05-15 09:48:36.073
1934	1	1	0	5	-8	0.00	9.94	5	FAST_RELIABLE	2026-05-15 09:48:36.073
1436	3	3	0	10.33	-30	0.00	41.26	4.33	FAST_RELIABLE	2026-05-15 09:48:36.073
583	52	61	7	12.11	-9.48	11.29	18.02	3.87	REGULAR	2026-05-15 09:48:36.073
2169	5	3	0	29.67	-12.33	0.00	20.50	3.8	GOOD_DELIVERY	2026-05-15 09:48:36.073
2833	9	16	0	10.19	-6.25	0.00	14.43	3.19	GOOD_DELIVERY	2026-05-15 09:48:36.073
2810	30	29	3	10.24	-13	10.00	41.29	4.17	GOOD_DELIVERY	2026-05-15 09:48:36.073
228	45	54	2	6.06	-9.54	3.70	11.92	3.98	GOOD_DELIVERY	2026-05-15 09:48:36.073
105	11	23	3	12.96	-17.78	13.04	43.09	3.3	REGULAR	2026-05-15 09:48:36.073
1814	7	8	1	16.13	-3.38	12.50	12.39	4.5	REGULAR	2026-05-15 09:48:36.073
560	11	8	1	13.13	-9.88	8.33	38.62	3.08	GOOD_DELIVERY	2026-05-15 09:48:36.073
769	8	12	0	7.5	-19.67	0.00	14.82	5	FAST_RELIABLE	2026-05-15 09:48:36.073
1101	1	3	0	4	-13	0.00	15.23	5	FAST_RELIABLE	2026-05-15 09:48:36.073
2624	99	106	4	13.85	-13.89	3.74	30.24	4.05	FAST_RELIABLE	2026-05-15 09:48:36.073
1124	62	62	4	10.84	-11.1	6.45	16.66	4.6	GOOD_DELIVERY	2026-05-15 09:48:36.073
460	12	14	5	24.79	-0.64	35.71	19.61	3	DELIVERY_RISK	2026-05-15 09:48:36.073
2126	2	2	0	15.5	-16	0.00	83.08	4.5	FAST_RELIABLE	2026-05-15 09:48:36.073
626	8	9	1	10.22	-8	11.11	18.82	3.56	REGULAR	2026-05-15 09:48:36.073
2790	1	1	0	12	-14	0.00	34.57	5	FAST_RELIABLE	2026-05-15 09:48:36.073
1977	15	12	0	8.42	-13.92	0.00	18.24	3.57	GOOD_DELIVERY	2026-05-15 09:48:36.073
2647	39	38	3	11.47	-11.32	7.50	15.42	4.09	GOOD_DELIVERY	2026-05-15 09:48:36.073
2475	67	66	1	12.61	-11.89	1.47	17.92	4.31	FAST_RELIABLE	2026-05-15 09:48:36.073
483	28	28	6	7.61	-6.61	21.43	12.52	4	REGULAR	2026-05-15 09:48:36.073
2641	1	0	0	NULL	NULL	0.00	45.98	3	GOOD_DELIVERY	2026-05-15 09:48:36.073
85	91	92	2	10.93	-16.87	2.13	23.25	3.81	GOOD_DELIVERY	2026-05-15 09:48:36.073
2498	125	129	26	16.7	-7.57	19.70	16.72	3.81	REGULAR	2026-05-15 09:48:36.073
1834	27	28	0	6.11	-10.07	0.00	16.78	4.64	FAST_RELIABLE	2026-05-15 09:48:36.073
1416	17	18	0	8.94	-8.5	0.00	14.21	4.44	FAST_RELIABLE	2026-05-15 09:48:36.073
752	1	0	0	NULL	NULL	0.00	18.55	3	GOOD_DELIVERY	2026-05-15 09:48:36.073
2667	6	7	0	6.86	-17.86	0.00	21.15	3.43	GOOD_DELIVERY	2026-05-15 09:48:36.073
603	32	42	4	15.5	-11.17	9.52	17.87	4.33	GOOD_DELIVERY	2026-05-15 09:48:36.073
2767	224	247	45	15.34	-6.71	17.65	13.23	3.78	REGULAR	2026-05-15 09:48:36.073
62	6	11	0	4.82	-13.09	0.00	11.35	5	FAST_RELIABLE	2026-05-15 09:48:36.073
726	6	9	0	11.44	-10.44	0.00	16.19	4.67	FAST_RELIABLE	2026-05-15 09:48:36.073
1267	20	20	0	9.85	-15.45	0.00	21.06	4.6	FAST_RELIABLE	2026-05-15 09:48:36.073
775	12	12	1	14.67	-15.5	8.33	54.67	2.17	GOOD_DELIVERY	2026-05-15 09:48:36.073
1316	5	5	1	16.4	-3.6	20.00	57.80	3	REGULAR	2026-05-15 09:48:36.073
1857	13	13	1	7.38	-10.38	7.69	17.65	4.77	GOOD_DELIVERY	2026-05-15 09:48:36.073
2959	198	229	15	14.38	-12.41	6.44	15.88	3.73	GOOD_DELIVERY	2026-05-15 09:48:36.073
291	120	127	7	11	-14.86	4.76	14.85	3.39	GOOD_DELIVERY	2026-05-15 09:48:36.073
2710	29	31	2	14.94	-17.19	6.45	20.06	4.02	GOOD_DELIVERY	2026-05-15 09:48:36.073
42	9	9	0	9	-10.78	0.00	11.18	4.44	FAST_RELIABLE	2026-05-15 09:48:36.073
540	13	13	0	13.46	-21.62	0.00	24.60	4.92	FAST_RELIABLE	2026-05-15 09:48:36.073
789	15	21	0	9.1	-19.19	0.00	17.82	4.71	FAST_RELIABLE	2026-05-15 09:48:36.073
1038	2	2	1	23	-6.5	50.00	15.17	1	DELIVERY_RISK	2026-05-15 09:48:36.073
397	395	417	23	11.29	-12.66	5.39	14.18	3.9	GOOD_DELIVERY	2026-05-15 09:48:36.073
2106	8	8	0	9.13	-15.63	0.00	18.28	4.13	FAST_RELIABLE	2026-05-15 09:48:36.073
895	2	2	1	22.5	-4.5	50.00	17.90	2	DELIVERY_RISK	2026-05-15 09:48:36.073
2604	1	1	0	14	-13	0.00	101.70	5	FAST_RELIABLE	2026-05-15 09:48:36.073
1665	8	7	1	15.14	-12.14	12.50	29.55	3.5	REGULAR	2026-05-15 09:48:36.073
2747	25	25	0	10.52	-15.64	0.00	25.83	4.48	FAST_RELIABLE	2026-05-15 09:48:36.073
1336	58	66	4	12.74	-14.15	6.06	18.39	4.28	GOOD_DELIVERY	2026-05-15 09:48:36.073
1087	18	18	0	12.72	-21.22	0.00	66.60	4.28	FAST_RELIABLE	2026-05-15 09:48:36.073
1914	5	6	1	7.33	-13.17	16.67	17.09	4.17	REGULAR	2026-05-15 09:48:36.073
254	16	18	1	14.33	-11	5.56	31.45	4.33	GOOD_DELIVERY	2026-05-15 09:48:36.073
2996	1	1	0	13	-9	0.00	16.19	3	GOOD_DELIVERY	2026-05-15 09:48:36.073
5	1	1	0	4	-27	0.00	19.38	5	FAST_RELIABLE	2026-05-15 09:48:36.073
1728	66	80	4	13.55	-13.99	4.94	20.37	4.14	FAST_RELIABLE	2026-05-15 09:48:36.073
732	1073	1124	67	13.37	-13.1	5.88	19.53	4.07	GOOD_DELIVERY	2026-05-15 09:48:36.073
2269	24	22	2	13.27	-11.73	8.00	16.60	3.28	GOOD_DELIVERY	2026-05-15 09:48:36.073
646	13	22	2	10.55	-9.55	9.09	13.20	4	GOOD_DELIVERY	2026-05-15 09:48:36.073
2355	9	8	0	11.5	-14.75	0.00	16.12	4.22	FAST_RELIABLE	2026-05-15 09:48:36.073
1273	2	2	2	39.5	16	100.00	21.99	2	DELIVERY_RISK	2026-05-15 09:48:36.073
1373	12	12	2	10.83	-11	16.67	19.47	4.42	REGULAR	2026-05-15 09:48:36.073
1628	21	24	0	8.29	-13.46	0.00	19.19	3.83	GOOD_DELIVERY	2026-05-15 09:48:36.073
1871	2	2	0	5	-23.5	0.00	11.42	4.5	FAST_RELIABLE	2026-05-15 09:48:36.073
1622	1	0	0	NULL	NULL	0.00	15.84	5	FAST_RELIABLE	2026-05-15 09:48:36.073
981	3	3	0	7.67	-15.67	0.00	24.37	4	FAST_RELIABLE	2026-05-15 09:48:36.073
1479	2	2	0	10	-14	0.00	13.85	3.67	GOOD_DELIVERY	2026-05-15 09:48:36.073
1522	5	5	1	7.2	-5	20.00	27.02	4.2	REGULAR	2026-05-15 09:48:36.073
2020	1	2	0	5	-18	0.00	12.79	5	FAST_RELIABLE	2026-05-15 09:48:36.073
248	22	30	2	10.4	-11.93	6.67	19.17	3.97	GOOD_DELIVERY	2026-05-15 09:48:36.073
2163	9	8	0	10.5	-13	0.00	15.29	4.22	FAST_RELIABLE	2026-05-15 09:48:36.073
1081	14	14	1	14.93	-17.36	7.14	52.81	3.86	GOOD_DELIVERY	2026-05-15 09:48:36.073
2412	1	1	0	25	-26	0.00	16.79	5	FAST_RELIABLE	2026-05-15 09:48:36.073
1330	1	1	1	37	16	100.00	18.87	1	DELIVERY_RISK	2026-05-15 09:48:36.073
148	159	203	7	14.47	-18.11	3.43	17.20	3.96	GOOD_DELIVERY	2026-05-15 09:48:36.073
689	8	8	0	11.88	-13	0.00	20.73	4.63	FAST_RELIABLE	2026-05-15 09:48:36.073
1771	4	4	0	7.75	-5.25	0.00	13.71	3.67	GOOD_DELIVERY	2026-05-15 09:48:36.073
2312	5	5	0	6.8	-13.2	0.00	16.16	4	FAST_RELIABLE	2026-05-15 09:48:36.073
1230	2	2	0	14.5	-8.5	0.00	23.27	5	FAST_RELIABLE	2026-05-15 09:48:36.073
2853	1	1	1	24	4	100.00	11.89	3	DELIVERY_RISK	2026-05-15 09:48:36.073
546	7	13	0	9	-15.31	0.00	13.22	3.77	GOOD_DELIVERY	2026-05-15 09:48:36.073
2870	15	17	1	7.18	-9.82	5.88	14.28	3.18	GOOD_DELIVERY	2026-05-15 09:48:36.073
2538	1	0	0	NULL	NULL	0.00	14.52	2	GOOD_DELIVERY	2026-05-15 09:48:36.073
1542	5	5	0	8.8	-17.8	0.00	38.83	4.4	FAST_RELIABLE	2026-05-15 09:48:36.073
2206	3	4	0	9.5	-19.25	0.00	15.24	4.5	FAST_RELIABLE	2026-05-15 09:48:36.073
878	1	1	0	7	-1	0.00	15.36	5	FAST_RELIABLE	2026-05-15 09:48:36.073
1210	2	1	0	17	-7	0.00	10.12	3	GOOD_DELIVERY	2026-05-15 09:48:36.073
1874	1	1	0	5	-21	0.00	13.22	4	FAST_RELIABLE	2026-05-15 09:48:36.073
2893	43	44	11	16.91	-8.45	25.00	20.79	3.66	REGULAR	2026-05-15 09:48:36.073
2561	20	20	2	13.75	-11.4	10.00	19.18	4.1	GOOD_DELIVERY	2026-05-15 09:48:36.073
1233	1	2	2	42	16	100.00	27.57	4	DELIVERY_RISK	2026-05-15 09:48:36.073
1565	7	8	1	9.13	-8.5	12.50	15.47	4.25	REGULAR	2026-05-15 09:48:36.073
2229	1	1	0	9	-13	0.00	43.37	5	FAST_RELIABLE	2026-05-15 09:48:36.073
1897	1	1	1	32	12	100.00	17.06	1	DELIVERY_RISK	2026-05-15 09:48:36.073
168	9	10	0	8.5	-8.8	0.00	15.00	4.5	FAST_RELIABLE	2026-05-15 09:48:36.073
832	6	6	0	17.33	-22.5	0.00	68.44	4.33	FAST_RELIABLE	2026-05-15 09:48:36.073
1164	9	9	2	16.89	-8.33	22.22	29.96	3.44	REGULAR	2026-05-15 09:48:36.073
1496	3	7	1	10	-6.86	14.29	19.60	2.71	REGULAR	2026-05-15 09:48:36.073
500	1	2	2	21	0	100.00	19.35	5	DELIVERY_RISK	2026-05-15 09:48:36.073
855	138	147	10	14.07	-10.11	6.62	19.28	4.05	GOOD_DELIVERY	2026-05-15 09:48:36.073
1851	24	24	3	12.46	-10.83	12.00	37.40	3.8	REGULAR	2026-05-15 09:48:36.073
2183	11	9	3	21	-2	25.00	23.67	2.42	REGULAR	2026-05-15 09:48:36.073
523	3	3	0	4.67	-16.67	0.00	24.06	3.67	GOOD_DELIVERY	2026-05-15 09:48:36.073
1519	22	22	3	17.59	-13.05	13.64	20.80	4.45	REGULAR	2026-05-15 09:48:36.073
1187	3	3	1	7.67	-8.33	33.33	12.89	4.33	DELIVERY_RISK	2026-05-15 09:48:36.073
191	1	0	0	NULL	NULL	0.00	21.49	2	GOOD_DELIVERY	2026-05-15 09:48:36.073
1711	5	2	0	15	-7.5	0.00	60.20	2.6	GOOD_DELIVERY	2026-05-15 09:48:36.073
2375	4	9	0	15.67	-20.67	0.00	21.87	3.11	GOOD_DELIVERY	2026-05-15 09:48:36.073
3039	22	25	2	15.48	-9.92	8.00	18.70	3.84	GOOD_DELIVERY	2026-05-15 09:48:36.073
1041	4	4	0	7.5	-13.25	0.00	21.71	3.25	GOOD_DELIVERY	2026-05-15 09:48:36.073
377	1	0	0	NULL	NULL	0.00	13.22	1	GOOD_DELIVERY	2026-05-15 09:48:36.073
1705	1	1	0	14	-22	0.00	27.08	5	FAST_RELIABLE	2026-05-15 09:48:36.073
1024	17	17	4	16	-7.47	23.53	17.42	4.35	REGULAR	2026-05-15 09:48:36.073
1018	5	5	0	10.4	-8	0.00	11.97	4.4	FAST_RELIABLE	2026-05-15 09:48:36.073
3016	1	1	0	15	-18	0.00	15.37	5	FAST_RELIABLE	2026-05-15 09:48:36.073
354	24	26	3	14.85	-8.5	11.54	22.10	4.5	REGULAR	2026-05-15 09:48:36.073
1688	2	1	0	25	-6	0.00	21.07	3	GOOD_DELIVERY	2026-05-15 09:48:36.073
2352	2	2	0	13.5	-30	0.00	37.64	5	FAST_RELIABLE	2026-05-15 09:48:36.073
477	1	1	0	4	-31	0.00	29.00	5	FAST_RELIABLE	2026-05-15 09:48:36.073
2916	29	28	3	13.82	-10.43	10.34	22.47	3.83	REGULAR	2026-05-15 09:48:36.073
3085	9	8	0	11.63	-12.25	0.00	19.07	4	FAST_RELIABLE	2026-05-15 09:48:36.073
2252	2	2	0	10	-13.5	0.00	25.07	5	FAST_RELIABLE	2026-05-15 09:48:36.073
331	1	1	0	6	-20	0.00	15.79	5	FAST_RELIABLE	2026-05-15 09:48:36.073
2398	9	9	0	21.44	-12.22	0.00	45.19	3.89	GOOD_DELIVERY	2026-05-15 09:48:36.073
2939	1	1	0	13	-20	0.00	26.61	5	FAST_RELIABLE	2026-05-15 09:48:36.073
185	1	1	0	15	-12	0.00	18.59	5	FAST_RELIABLE	2026-05-15 09:48:36.073
3062	1	1	0	7	-22	0.00	21.82	5	FAST_RELIABLE	2026-05-15 09:48:36.073
955	2	2	0	7.5	-17	0.00	16.34	5	FAST_RELIABLE	2026-05-15 09:48:36.073
872	15	16	0	5.44	-10.44	0.00	19.53	3.63	GOOD_DELIVERY	2026-05-15 09:48:36.073
2876	6	6	1	11.67	-13.33	16.67	31.04	5	REGULAR	2026-05-15 09:48:36.073
2544	9	9	0	12.56	-19	0.00	27.91	4.56	FAST_RELIABLE	2026-05-15 09:48:36.073
623	3	3	1	13	-6	33.33	9.30	3	DELIVERY_RISK	2026-05-15 09:48:36.073
231	23	22	3	11.36	-10.27	13.04	40.27	4.22	REGULAR	2026-05-15 09:48:36.073
1559	92	93	11	12.53	-10.41	11.70	15.31	4.13	REGULAR	2026-05-15 09:48:36.073
563	10	11	0	6.36	-7.91	0.00	7.67	4.91	FAST_RELIABLE	2026-05-15 09:48:36.073
2438	14	14	1	14.07	-10.21	7.14	16.14	3.71	GOOD_DELIVERY	2026-05-15 09:48:36.073
268	1	1	0	12	-18	0.00	106.21	5	FAST_RELIABLE	2026-05-15 09:48:36.073
2770	4	4	0	10.25	-10.25	0.00	17.21	4.75	FAST_RELIABLE	2026-05-15 09:48:36.073
1997	160	174	22	12.68	-10.39	12.29	16.56	4.17	REGULAR	2026-05-15 09:48:36.073
669	517	595	58	14.3	-11.48	9.62	16.65	3.93	GOOD_DELIVERY	2026-05-15 09:48:36.073
2083	10	11	0	10	-15.73	0.00	14.69	3.73	GOOD_DELIVERY	2026-05-15 09:48:36.073
2329	16	16	1	10.75	-12.81	6.25	24.96	3.88	GOOD_DELIVERY	2026-05-15 09:48:36.073
2578	19	25	2	12.84	-15.84	7.69	25.89	4.23	GOOD_DELIVERY	2026-05-15 09:48:36.073
1001	4	4	1	5.25	-3.5	25.00	14.27	4.75	REGULAR	2026-05-15 09:48:36.073
3079	2	5	0	10.4	-19.8	0.00	15.83	3.2	GOOD_DELIVERY	2026-05-15 09:48:36.073
2246	1	1	0	33	-9	0.00	8.72	5	FAST_RELIABLE	2026-05-15 09:48:36.073
1751	2	2	0	12	-18	0.00	20.44	4.5	FAST_RELIABLE	2026-05-15 09:48:36.073
1250	1	1	0	16	-34	0.00	17.47	5	FAST_RELIABLE	2026-05-15 09:48:36.073
918	1	0	0	NULL	NULL	0.00	25.67	3	GOOD_DELIVERY	2026-05-15 09:48:36.073
1605	18	18	5	26.61	-4.44	27.78	29.30	4.11	REGULAR	2026-05-15 09:48:36.073
2933	187	199	18	8.92	-9.98	8.96	12.19	4.09	GOOD_DELIVERY	2026-05-15 09:48:36.073
1396	59	61	5	12.02	-13.43	8.20	19.30	4.44	GOOD_DELIVERY	2026-05-15 09:48:36.073
2724	11	11	0	8	-12.91	0.00	21.92	3.73	GOOD_DELIVERY	2026-05-15 09:48:36.073
314	7	8	0	7.63	-19.75	0.00	13.81	4.63	FAST_RELIABLE	2026-05-15 09:48:36.073
1310	17	18	3	13.89	-10.44	16.67	42.42	4	REGULAR	2026-05-15 09:48:36.073
2392	10	10	1	10.3	-8.2	10.00	31.46	4.2	GOOD_DELIVERY	2026-05-15 09:48:36.073
1064	2	2	0	14.5	-17	0.00	42.94	5	FAST_RELIABLE	2026-05-15 09:48:36.073
1937	1	1	1	37	9	100.00	19.66	3	DELIVERY_RISK	2026-05-15 09:48:36.073
1642	2	2	0	8	-20.5	0.00	13.85	4.5	FAST_RELIABLE	2026-05-15 09:48:36.073
709	37	43	7	13.65	-8.81	16.28	15.89	3.79	REGULAR	2026-05-15 09:48:36.073
1456	57	74	9	10.61	-9.34	12.00	37.56	4	REGULAR	2026-05-15 09:48:36.073
128	12	12	1	5.17	-8.42	8.33	11.48	4.58	GOOD_DELIVERY	2026-05-15 09:48:36.073
2043	13	15	1	9.53	-10	6.67	17.65	3.47	GOOD_DELIVERY	2026-05-15 09:48:36.073
2292	5	7	0	7.86	-23.71	0.00	13.71	5	FAST_RELIABLE	2026-05-15 09:48:36.073
2037	2	2	0	6	-11	0.00	12.94	4.5	FAST_RELIABLE	2026-05-15 09:48:36.073
22	60	64	3	11.55	-15.17	4.55	29.43	4.14	FAST_RELIABLE	2026-05-15 09:48:36.073
815	8	13	2	8.54	-12.46	15.38	17.26	4	REGULAR	2026-05-15 09:48:36.073
2979	22	22	2	7.59	-12.59	8.70	16.54	4.48	GOOD_DELIVERY	2026-05-15 09:48:36.073
1356	9	5	2	29.2	-5.2	15.38	13.14	1.92	REGULAR	2026-05-15 09:48:36.073
3022	7	7	0	7	-12	0.00	11.87	4.57	FAST_RELIABLE	2026-05-15 09:48:36.073
2143	7	7	0	6.14	-22.71	0.00	21.24	4.29	FAST_RELIABLE	2026-05-15 09:48:36.073
2684	7	19	0	8.47	-14.74	0.00	11.82	4.79	FAST_RELIABLE	2026-05-15 09:48:36.073
417	11	11	1	13	-13.18	9.09	17.10	4.09	GOOD_DELIVERY	2026-05-15 09:48:36.073
2830	3	3	0	9	-16.33	0.00	19.22	4	FAST_RELIABLE	2026-05-15 09:48:36.073
2584	6	6	0	7.67	-13.33	0.00	13.30	4.33	FAST_RELIABLE	2026-05-15 09:48:36.073
2335	3	2	0	3.5	-11	0.00	7.78	3	GOOD_DELIVERY	2026-05-15 09:48:36.073
1502	1	0	0	NULL	NULL	0.00	8.72	1	GOOD_DELIVERY	2026-05-15 09:48:36.073
2730	202	215	5	9.33	-13.54	2.26	13.34	4.06	FAST_RELIABLE	2026-05-15 09:48:36.073
1648	17	17	3	12.18	-9.65	16.67	16.72	3.94	REGULAR	2026-05-15 09:48:36.073
2976	9	10	1	12.9	-11.4	10.00	23.14	4	GOOD_DELIVERY	2026-05-15 09:48:36.073
2189	1	1	0	3	-4	0.00	8.29	4	FAST_RELIABLE	2026-05-15 09:48:36.073
629	39	40	0	13.15	-13.7	0.00	23.98	4.2	FAST_RELIABLE	2026-05-15 09:48:36.073
1625	47	54	1	10.52	-13.81	1.82	17.93	4.75	FAST_RELIABLE	2026-05-15 09:48:36.073
2289	22	21	0	10.81	-12.67	0.00	15.70	4.18	FAST_RELIABLE	2026-05-15 09:48:36.073
2621	33	33	6	22.82	-8.06	18.18	29.01	4	REGULAR	2026-05-15 09:48:36.073
463	18	19	0	14.42	-13.68	0.00	27.31	3.55	GOOD_DELIVERY	2026-05-15 09:48:36.073
2123	6	7	0	8.29	-17.71	0.00	19.71	4.86	FAST_RELIABLE	2026-05-15 09:48:36.073
2787	1	0	0	NULL	NULL	0.00	8.29	1	GOOD_DELIVERY	2026-05-15 09:48:36.073
1127	1	1	0	7	-46	0.00	44.82	5	FAST_RELIABLE	2026-05-15 09:48:36.073
1104	139	179	11	10.43	-12.44	6.08	14.89	4.15	GOOD_DELIVERY	2026-05-15 09:48:36.073
606	29	42	5	13.93	-15.02	11.90	15.14	4.21	REGULAR	2026-05-15 09:48:36.073
772	45	46	6	13.48	-10.61	12.77	20.18	4.23	REGULAR	2026-05-15 09:48:36.073
108	6	6	3	13.17	-7.83	50.00	26.84	3.17	DELIVERY_RISK	2026-05-15 09:48:36.073
2266	10	10	1	12	-9.5	10.00	28.16	3.7	GOOD_DELIVERY	2026-05-15 09:48:36.073
1270	10	14	1	13.5	-13.79	7.14	21.88	3.96	GOOD_DELIVERY	2026-05-15 09:48:36.073
274	9	10	1	27.2	-1.9	10.00	20.74	4.3	GOOD_DELIVERY	2026-05-15 09:48:36.073
1768	3	5	3	32.2	5	60.00	16.03	3.8	DELIVERY_RISK	2026-05-15 09:48:36.073
82	373	383	95	18.01	-10.73	24.61	29.96	3.9	REGULAR	2026-05-15 09:48:36.073
915	23	23	3	19	-4.04	11.11	16.23	3.11	REGULAR	2026-05-15 09:48:36.073
2501	15	16	0	8.5	-12.63	0.00	16.82	3.94	GOOD_DELIVERY	2026-05-15 09:48:36.073
414	3	3	0	12	-11.33	0.00	14.12	3.67	GOOD_DELIVERY	2026-05-15 09:48:36.073
1247	2	2	0	15	-17.5	0.00	14.17	4	FAST_RELIABLE	2026-05-15 09:48:36.073
251	1	0	0	NULL	NULL	0.00	51.61	1	GOOD_DELIVERY	2026-05-15 09:48:36.073
2146	30	30	3	14.63	-11.67	10.00	26.05	4.4	GOOD_DELIVERY	2026-05-15 09:48:36.073
2478	165	189	16	12.8	-11.26	8.16	14.66	3.85	GOOD_DELIVERY	2026-05-15 09:48:36.073
437	5	5	0	9	-14	0.00	18.29	4.4	FAST_RELIABLE	2026-05-15 09:48:36.073
1482	1	1	0	9	-29	0.00	48.12	5	FAST_RELIABLE	2026-05-15 09:48:36.073
1290	35	34	3	15.38	-8.94	8.57	21.30	3.94	GOOD_DELIVERY	2026-05-15 09:48:36.073
1954	1	1	0	17	-15	0.00	34.48	5	FAST_RELIABLE	2026-05-15 09:48:36.073
1788	9	9	0	12.44	-19	0.00	21.01	3.9	GOOD_DELIVERY	2026-05-15 09:48:36.073
1960	1	1	0	11	-20	0.00	15.59	4	FAST_RELIABLE	2026-05-15 09:48:36.073
1313	10	11	0	11.45	-18.64	0.00	24.03	4.55	FAST_RELIABLE	2026-05-15 09:48:36.073
2813	1	1	0	3	-13	0.00	19.08	5	FAST_RELIABLE	2026-05-15 09:48:36.073
1811	3	3	0	12.67	-15.67	0.00	34.06	4	FAST_RELIABLE	2026-05-15 09:48:36.073
1147	2	2	0	6	-17	0.00	14.17	5	FAST_RELIABLE	2026-05-15 09:48:36.073
649	1	1	0	14	-5	0.00	17.91	4	FAST_RELIABLE	2026-05-15 09:48:36.073
1413	327	346	14	11.35	-12.59	4.01	19.01	4.41	FAST_RELIABLE	2026-05-15 09:48:36.073
1170	68	73	4	10.19	-11.08	5.41	15.16	3.77	GOOD_DELIVERY	2026-05-15 09:48:36.073
88	17	36	7	11.75	-15.58	18.92	19.34	3.58	REGULAR	2026-05-15 09:48:36.073
749	5	6	0	13.67	-23.83	0.00	57.60	3.33	GOOD_DELIVERY	2026-05-15 09:48:36.073
2080	8	7	1	11.43	-13.57	12.50	22.82	3.75	REGULAR	2026-05-15 09:48:36.073
2003	1	1	0	5	-14	0.00	8.93	4	FAST_RELIABLE	2026-05-15 09:48:36.073
2644	1288	1517	113	11.19	-11.17	7.43	16.08	4.04	GOOD_DELIVERY	2026-05-15 09:48:36.073
1980	10	11	0	19.73	-6.82	0.00	16.79	4.23	FAST_RELIABLE	2026-05-15 09:48:36.073
2521	9	6	1	26.33	-9.67	11.11	84.37	2	REGULAR	2026-05-15 09:48:36.073
2103	1	2	0	19	-15	0.00	15.63	5	FAST_RELIABLE	2026-05-15 09:48:36.073
1439	1	1	0	11	-7	0.00	19.84	1	GOOD_DELIVERY	2026-05-15 09:48:36.073
208	76	102	18	16.09	-8.82	17.65	16.50	3.78	REGULAR	2026-05-15 09:48:36.073
2793	28	63	2	10.73	-8.21	3.17	11.77	3.11	GOOD_DELIVERY	2026-05-15 09:48:36.073
3042	5	5	0	7.8	-14.2	0.00	11.76	4.6	FAST_RELIABLE	2026-05-15 09:48:36.073
102	4	4	1	20	-1	25.00	14.61	4.5	REGULAR	2026-05-15 09:48:36.073
1227	29	40	1	7.53	-10.85	2.50	23.70	4.13	FAST_RELIABLE	2026-05-15 09:48:36.073
2272	5	5	1	7	-5	20.00	10.13	4	REGULAR	2026-05-15 09:48:36.073
1725	11	12	2	15.75	-11	16.67	22.21	3.67	REGULAR	2026-05-15 09:48:36.073
1774	4	3	0	5	-3.33	0.00	25.04	4	FAST_RELIABLE	2026-05-15 09:48:36.073
729	2	2	0	17	-21	0.00	21.21	4	FAST_RELIABLE	2026-05-15 09:48:36.073
586	29	30	3	8.07	-10.8	10.00	14.99	4.23	GOOD_DELIVERY	2026-05-15 09:48:36.073
2664	231	242	16	13.76	-11.49	6.43	18.53	3.78	GOOD_DELIVERY	2026-05-15 09:48:36.073
1582	24	24	2	9.67	-11.29	8.33	16.51	4.13	GOOD_DELIVERY	2026-05-15 09:48:36.073
2415	16	16	2	13.75	-7.44	12.50	14.51	4.38	REGULAR	2026-05-15 09:48:36.073
1333	3	6	0	5.67	-8.83	0.00	28.05	4.33	FAST_RELIABLE	2026-05-15 09:48:36.073
337	11	12	1	12	-10.25	8.33	20.34	4.25	GOOD_DELIVERY	2026-05-15 09:48:36.073
1419	1	1	0	17	-13	0.00	17.92	5	FAST_RELIABLE	2026-05-15 09:48:36.073
1668	1	0	0	NULL	NULL	0.00	42.72	1	GOOD_DELIVERY	2026-05-15 09:48:36.073
978	71	75	4	8.99	-18.75	5.19	17.43	4.62	GOOD_DELIVERY	2026-05-15 09:48:36.073
400	21	20	3	15.65	-5.9	14.29	20.63	3.81	REGULAR	2026-05-15 09:48:36.073
2601	29	30	3	19.57	-9.67	8.33	20.97	2.97	GOOD_DELIVERY	2026-05-15 09:48:36.073
2023	6	6	1	7.83	-6.83	16.67	15.29	5	REGULAR	2026-05-15 09:48:36.073
2060	48	50	0	12.44	-14.12	0.00	15.99	3.48	GOOD_DELIVERY	2026-05-15 09:48:36.073
941	3	2	2	47	12	50.00	29.45	1	DELIVERY_RISK	2026-05-15 09:48:36.073
2458	206	204	5	10.08	-15.77	2.39	13.90	4.27	FAST_RELIABLE	2026-05-15 09:48:36.073
2209	8	11	0	5.82	-6.73	0.00	19.71	4.55	FAST_RELIABLE	2026-05-15 09:48:36.073
543	9	12	2	6.58	-9.17	16.67	14.89	4.17	REGULAR	2026-05-15 09:48:36.073
2956	10	10	0	8.6	-12.3	0.00	25.82	4.9	FAST_RELIABLE	2026-05-15 09:48:36.073
45	3	3	1	20.33	-5.67	33.33	19.24	4.33	DELIVERY_RISK	2026-05-15 09:48:36.073
294	3	3	1	22.33	-3	33.33	21.93	2.33	DELIVERY_RISK	2026-05-15 09:48:36.073
792	5	5	0	16.4	-16.6	0.00	47.91	4.8	FAST_RELIABLE	2026-05-15 09:48:36.073
2707	1	1	0	6	-14	0.00	45.40	4	FAST_RELIABLE	2026-05-15 09:48:36.073
643	151	153	7	10.78	-12.35	4.40	13.33	3.61	GOOD_DELIVERY	2026-05-15 09:48:36.073
2856	4	6	3	13.5	1	37.50	8.26	1.38	DELIVERY_RISK	2026-05-15 09:48:36.073
2315	2	1	1	33	15	50.00	87.16	1	DELIVERY_RISK	2026-05-15 09:48:36.073
1184	5	5	0	9.8	-10	0.00	20.45	4.8	FAST_RELIABLE	2026-05-15 09:48:36.073
2850	6	6	1	11.33	-10.17	16.67	15.58	4.33	REGULAR	2026-05-15 09:48:36.073
2807	24	25	3	14.68	-10.56	12.00	18.19	3.88	REGULAR	2026-05-15 09:48:36.073
145	2	2	0	7	-10	0.00	12.44	4	FAST_RELIABLE	2026-05-15 09:48:36.073
2309	4	4	0	9.25	-25.75	0.00	19.98	4.5	FAST_RELIABLE	2026-05-15 09:48:36.073
686	1	1	0	14	-7	0.00	35.48	4	FAST_RELIABLE	2026-05-15 09:48:36.073
2	200	234	13	13.11	-13.21	5.44	37.05	3.85	GOOD_DELIVERY	2026-05-15 09:48:36.073
1917	67	78	1	14.38	-14.17	1.27	21.39	4.41	FAST_RELIABLE	2026-05-15 09:48:36.073
2999	7	7	0	12.71	-13.29	0.00	34.63	4.43	FAST_RELIABLE	2026-05-15 09:48:36.073
1084	2	2	0	4.5	-11.5	0.00	12.14	5	FAST_RELIABLE	2026-05-15 09:48:36.073
835	2	2	0	25.5	-10	0.00	52.81	2.5	GOOD_DELIVERY	2026-05-15 09:48:36.073
2166	2	3	0	7	-25	0.00	43.87	2.33	GOOD_DELIVERY	2026-05-15 09:48:36.073
394	40	54	2	8.48	-11.61	3.70	12.10	4.35	FAST_RELIABLE	2026-05-15 09:48:36.073
1476	9	9	1	13	-9.89	11.11	16.29	3.89	REGULAR	2026-05-15 09:48:36.073
935	4	5	2	11.8	-1.4	40.00	28.36	3.4	DELIVERY_RISK	2026-05-15 09:48:36.073
2017	4	5	0	15.8	-13	0.00	19.25	4.8	FAST_RELIABLE	2026-05-15 09:48:36.073
2558	7	7	0	8	-16	0.00	19.16	4.71	FAST_RELIABLE	2026-05-15 09:48:36.073
380	8	12	0	9.83	-11.58	0.00	16.13	3.92	GOOD_DELIVERY	2026-05-15 09:48:36.073
48	93	91	11	18.97	-11.46	11.83	32.61	3.87	REGULAR	2026-05-15 09:48:36.073
1969	4	4	0	11.5	-18.25	0.00	27.50	2.75	GOOD_DELIVERY	2026-05-15 09:48:36.073
2301	2	2	0	12.5	-18	0.00	105.44	4.5	FAST_RELIABLE	2026-05-15 09:48:36.073
2965	20	21	2	12.62	-11.38	9.52	22.68	4.62	GOOD_DELIVERY	2026-05-15 09:48:36.073
2633	3	3	0	11	-24.67	0.00	22.27	5	FAST_RELIABLE	2026-05-15 09:48:36.073
735	94	97	11	15.73	-11.93	11.34	21.08	4.19	REGULAR	2026-05-15 09:48:36.073
2278	85	88	7	13.56	-12.45	7.95	18.53	4.2	GOOD_DELIVERY	2026-05-15 09:48:36.073
1614	43	45	8	14.96	-6.73	17.02	20.38	3.72	REGULAR	2026-05-15 09:48:36.073
71	5	8	4	6.88	-4.75	50.00	10.25	4.13	DELIVERY_RISK	2026-05-15 09:48:36.073
403	14	17	2	13.24	-7.41	11.76	15.60	3.53	REGULAR	2026-05-15 09:48:36.073
1067	7	7	1	10.86	-14.29	14.29	26.49	4.29	REGULAR	2026-05-15 09:48:36.073
1946	15	17	4	15.65	-8.35	23.53	15.67	4.47	REGULAR	2026-05-15 09:48:36.073
1282	1	1	0	3	-8	0.00	8.59	5	FAST_RELIABLE	2026-05-15 09:48:36.073
2942	1	1	0	2	-10	0.00	8.11	5	FAST_RELIABLE	2026-05-15 09:48:36.073
2610	1	1	0	3	-9	0.00	8.29	5	FAST_RELIABLE	2026-05-15 09:48:36.073
1591	382	421	76	16.77	-7.46	17.76	18.21	3.78	REGULAR	2026-05-15 09:48:36.073
2587	34	34	4	9.82	-9.06	11.43	14.86	3.71	REGULAR	2026-05-15 09:48:36.073
2255	17	17	1	12.12	-9	5.88	19.22	4.29	GOOD_DELIVERY	2026-05-15 09:48:36.073
1259	10	19	1	14.89	-17.84	5.26	21.76	2.79	GOOD_DELIVERY	2026-05-15 09:48:36.073
1090	13	12	0	5.58	-8.5	0.00	12.27	3.92	GOOD_DELIVERY	2026-05-15 09:48:36.073
94	5	10	0	6.6	-10.6	0.00	19.08	4.8	FAST_RELIABLE	2026-05-15 09:48:36.073
1422	2	3	0	12	-15.33	0.00	168.53	3.67	GOOD_DELIVERY	2026-05-15 09:48:36.073
595	1	1	0	3	-11	0.00	27.71	5	FAST_RELIABLE	2026-05-15 09:48:36.073
927	1	1	0	21	-3	0.00	14.42	5	FAST_RELIABLE	2026-05-15 09:48:36.073
1923	4	4	0	6.25	-10	0.00	23.58	4.75	FAST_RELIABLE	2026-05-15 09:48:36.073
1754	2	2	0	7.5	-11.5	0.00	11.44	3	GOOD_DELIVERY	2026-05-15 09:48:36.073
426	3	2	1	38	4.5	33.33	46.27	0.67	DELIVERY_RISK	2026-05-15 09:48:36.073
758	3	5	0	9.2	-22	0.00	13.60	3.2	GOOD_DELIVERY	2026-05-15 09:48:36.073
2919	5	3	0	10.33	-18.33	0.00	28.37	2.6	GOOD_DELIVERY	2026-05-15 09:48:36.073
1236	1803	1942	122	9.49	-11.62	6.16	13.73	3.87	GOOD_DELIVERY	2026-05-15 09:48:36.073
240	27	28	1	11.25	-12.68	3.57	14.78	4.14	FAST_RELIABLE	2026-05-15 09:48:36.073
1113	12	17	4	11.88	-8.65	23.53	32.72	3.47	REGULAR	2026-05-15 09:48:36.073
1900	6	7	0	5.86	-7.71	0.00	24.58	5	FAST_RELIABLE	2026-05-15 09:48:36.073
1568	22	23	2	12.26	-9.39	8.70	14.19	3.87	GOOD_DELIVERY	2026-05-15 09:48:36.073
2232	15	15	0	5.6	-10.93	0.00	10.17	4.27	FAST_RELIABLE	2026-05-15 09:48:36.073
117	2	2	0	11	-11	0.00	42.69	3.5	GOOD_DELIVERY	2026-05-15 09:48:36.073
1445	1	2	0	2	-6	0.00	8.92	5	FAST_RELIABLE	2026-05-15 09:48:36.073
2109	1	1	0	7	-13	0.00	17.51	5	FAST_RELIABLE	2026-05-15 09:48:36.073
572	82	87	6	8.77	-8.87	6.74	14.38	4.53	GOOD_DELIVERY	2026-05-15 09:48:36.073
449	2	2	0	2	-5	0.00	8.06	5	FAST_RELIABLE	2026-05-15 09:48:36.073
781	1	1	0	6	-17	0.00	12.48	5	FAST_RELIABLE	2026-05-15 09:48:36.073
1777	2	2	0	7.5	-19	0.00	17.16	5	FAST_RELIABLE	2026-05-15 09:48:36.073
904	2	2	0	24.5	-8.5	0.00	40.79	4.5	FAST_RELIABLE	2026-05-15 09:48:36.073
2441	7	13	0	8.46	-24.69	0.00	22.52	5	FAST_RELIABLE	2026-05-15 09:48:36.073
1468	313	374	43	15.2	-10.8	11.26	21.45	4.03	REGULAR	2026-05-15 09:48:36.073
549	167	167	11	9.62	-10.5	6.36	14.07	4.09	GOOD_DELIVERY	2026-05-15 09:48:36.073
1213	37	44	0	13.11	-15.77	0.00	21.01	4.3	FAST_RELIABLE	2026-05-15 09:48:36.073
2796	5	11	1	9	-7.18	9.09	12.30	3.55	GOOD_DELIVERY	2026-05-15 09:48:36.073
2819	646	724	55	9.86	-9.78	7.47	13.56	4.13	GOOD_DELIVERY	2026-05-15 09:48:36.073
2155	149	149	20	16.53	-11.1	13.16	17.43	4.16	REGULAR	2026-05-15 09:48:36.073
526	2	2	0	8.5	-14.5	0.00	14.29	4.5	FAST_RELIABLE	2026-05-15 09:48:36.073
1760	13	21	1	18.19	-14.38	4.76	30.11	3.48	GOOD_DELIVERY	2026-05-15 09:48:36.073
2424	350	362	33	13.07	-9.89	8.94	14.96	4.02	GOOD_DELIVERY	2026-05-15 09:48:36.073
3088	16	15	0	10.07	-12.07	0.00	31.38	3.69	GOOD_DELIVERY	2026-05-15 09:48:36.073
921	8	8	0	6.88	-10.5	0.00	28.79	4.5	FAST_RELIABLE	2026-05-15 09:48:36.073
257	2	2	0	5.5	-13	0.00	19.55	5	FAST_RELIABLE	2026-05-15 09:48:36.073
2842	1	1	0	8	-10	0.00	8.88	5	FAST_RELIABLE	2026-05-15 09:48:36.073
2447	14	11	0	11.64	-32.91	0.00	38.62	3	GOOD_DELIVERY	2026-05-15 09:48:36.073
2988	2	2	1	19.5	-2	50.00	17.01	3.5	DELIVERY_RISK	2026-05-15 09:48:36.073
2378	17	17	5	23.65	-12.82	29.41	33.49	3.94	REGULAR	2026-05-15 09:48:36.073
718	9	11	0	12.73	-12.09	0.00	15.87	4.73	FAST_RELIABLE	2026-05-15 09:48:36.073
1050	8	9	0	4.56	-8.67	0.00	12.31	4.89	FAST_RELIABLE	2026-05-15 09:48:36.073
2046	3	3	0	9.67	-17	0.00	24.20	4.33	FAST_RELIABLE	2026-05-15 09:48:36.073
1299	1	1	0	12	-14	0.00	60.04	5	FAST_RELIABLE	2026-05-15 09:48:36.073
967	1	1	0	13	-4	0.00	27.96	5	FAST_RELIABLE	2026-05-15 09:48:36.073
2295	1	1	0	10	-17	0.00	23.64	5	FAST_RELIABLE	2026-05-15 09:48:36.073
3065	287	297	26	10.63	-10.92	8.72	15.26	4.32	GOOD_DELIVERY	2026-05-15 09:48:36.073
2733	13	11	0	8.55	-10.09	0.00	27.24	4.08	FAST_RELIABLE	2026-05-15 09:48:36.073
280	108	120	3	8.12	-14.22	2.48	18.28	3.98	GOOD_DELIVERY	2026-05-15 09:48:36.073
1737	16	16	1	9.88	-17.38	6.25	17.75	4.63	GOOD_DELIVERY	2026-05-15 09:48:36.073
1608	21	23	1	12.22	-21.13	4.17	16.36	3.67	GOOD_DELIVERY	2026-05-15 09:48:36.073
612	18	20	1	14.8	-13.85	5.00	18.40	3.85	GOOD_DELIVERY	2026-05-15 09:48:36.073
1405	4	6	1	27.33	-4.33	16.67	18.42	4.33	REGULAR	2026-05-15 09:48:36.073
672	2	2	0	5	-8	0.00	18.28	5	FAST_RELIABLE	2026-05-15 09:48:36.073
2341	2	4	1	25.25	3.75	25.00	19.24	4.5	REGULAR	2026-05-15 09:48:36.073
2673	2	2	0	8.5	-19	0.00	14.53	5	FAST_RELIABLE	2026-05-15 09:48:36.073
1654	179	207	6	11.8	-14.87	2.87	18.93	4	GOOD_DELIVERY	2026-05-15 09:48:36.073
363	115	129	6	7.67	-10.71	4.62	19.14	4.2	FAST_RELIABLE	2026-05-15 09:48:36.073
1691	54	60	4	10.25	-10.47	6.67	13.39	4.35	GOOD_DELIVERY	2026-05-15 09:48:36.073
1359	13	14	2	9.43	-9	14.29	23.85	4.43	REGULAR	2026-05-15 09:48:36.073
1986	9	8	0	9.75	-23.13	0.00	19.69	2.56	GOOD_DELIVERY	2026-05-15 09:48:36.073
2982	32	32	4	13.88	-9.69	12.50	66.42	4.38	REGULAR	2026-05-15 09:48:36.073
31	4	4	0	12.5	-9	0.00	56.50	4.75	FAST_RELIABLE	2026-05-15 09:48:36.073
658	1	0	0	NULL	NULL	0.00	10.96	0	GOOD_DELIVERY	2026-05-15 09:48:36.073
217	135	133	2	15.02	-21.24	1.48	26.43	4.49	FAST_RELIABLE	2026-05-15 09:48:36.073
466	6	17	0	11.24	-9.06	0.00	13.04	2.22	GOOD_DELIVERY	2026-05-15 09:48:36.073
1551	40	49	2	8.67	-13.41	4.08	20.83	4.24	FAST_RELIABLE	2026-05-15 09:48:36.073
2879	1	1	0	15	-15	0.00	37.35	5	FAST_RELIABLE	2026-05-15 09:48:36.073
1800	1	1	0	7	-24	0.00	30.41	3	GOOD_DELIVERY	2026-05-15 09:48:36.073
864	33	34	0	10.76	-24.35	0.00	9.42	5	FAST_RELIABLE	2026-05-15 09:48:36.073
2192	7	8	0	7.88	-9.38	0.00	13.02	4.88	FAST_RELIABLE	2026-05-15 09:48:36.073
2487	3	3	0	10	-22.67	0.00	19.72	3.67	GOOD_DELIVERY	2026-05-15 09:48:36.073
3028	1	1	0	7	-58	0.00	32.86	5	FAST_RELIABLE	2026-05-15 09:48:36.073
1153	1	0	0	NULL	NULL	0.00	34.50	1	GOOD_DELIVERY	2026-05-15 09:48:36.073
2925	14	14	0	9.64	-12.71	0.00	53.87	4.64	FAST_RELIABLE	2026-05-15 09:48:36.073
2092	3	9	0	8.78	-18.78	0.00	12.87	3.22	GOOD_DELIVERY	2026-05-15 09:48:36.073
2238	38	38	2	9.97	-12	5.26	34.50	4.42	GOOD_DELIVERY	2026-05-15 09:48:36.073
2779	1	0	0	NULL	NULL	0.00	58.90	1	GOOD_DELIVERY	2026-05-15 09:48:36.073
2716	8	8	0	11.38	-17.13	0.00	17.35	4.63	FAST_RELIABLE	2026-05-15 09:48:36.073
2218	5	5	0	10.2	-15.2	0.00	17.77	4.2	FAST_RELIABLE	2026-05-15 09:48:36.073
297	3	3	0	5.67	-5.67	0.00	12.36	3.75	GOOD_DELIVERY	2026-05-15 09:48:36.073
2882	1	1	0	12	-23	0.00	227.66	5	FAST_RELIABLE	2026-05-15 09:48:36.073
2739	7	8	2	13.25	-7.25	25.00	15.82	3.38	REGULAR	2026-05-15 09:48:36.073
3071	6	6	1	6	-3	16.67	21.69	4.5	REGULAR	2026-05-15 09:48:36.073
844	518	520	33	11.73	-12.14	6.12	21.78	4.13	GOOD_DELIVERY	2026-05-15 09:48:36.073
177	3	4	0	9	-6.5	0.00	14.01	5	FAST_RELIABLE	2026-05-15 09:48:36.073
1840	73	66	2	10.05	-15.53	2.74	21.99	3.88	GOOD_DELIVERY	2026-05-15 09:48:36.073
2504	131	147	3	9.92	-13.61	1.88	14.20	3.27	GOOD_DELIVERY	2026-05-15 09:48:36.073
1508	5	4	1	43.5	16	20.00	16.51	3.8	REGULAR	2026-05-15 09:48:36.073
509	3	4	0	5	-20.25	0.00	14.98	5	FAST_RELIABLE	2026-05-15 09:48:36.073
1173	1	1	0	14	-8	0.00	53.04	5	FAST_RELIABLE	2026-05-15 09:48:36.073
1199	735	772	74	12.92	-13.62	9.34	17.72	4.14	GOOD_DELIVERY	2026-05-15 09:48:36.073
154	38	61	12	14.18	-7.15	19.67	17.81	3.51	REGULAR	2026-05-15 09:48:36.073
1863	90	184	9	8.59	-11.31	4.76	12.36	3.8	GOOD_DELIVERY	2026-05-15 09:48:36.073
2859	12	12	2	12.92	-10.42	16.67	15.69	3.67	REGULAR	2026-05-15 09:48:36.073
818	1	1	0	6	-11	0.00	17.17	1	GOOD_DELIVERY	2026-05-15 09:48:36.073
1150	1	1	0	7	-17	0.00	47.77	5	FAST_RELIABLE	2026-05-15 09:48:36.073
2547	88	99	18	16.77	-5.73	17.48	14.88	3.56	REGULAR	2026-05-15 09:48:36.073
1385	35	38	10	13.34	-7.26	26.32	16.35	3.68	REGULAR	2026-05-15 09:48:36.073
1883	43	43	1	12.23	-13.6	2.22	25.73	4.11	FAST_RELIABLE	2026-05-15 09:48:36.073
134	2	2	0	6.5	-21	0.00	21.20	5	FAST_RELIABLE	2026-05-15 09:48:36.073
2049	1	1	0	16	-8	0.00	47.24	5	FAST_RELIABLE	2026-05-15 09:48:36.073
632	1	1	0	6	-22	0.00	17.03	5	FAST_RELIABLE	2026-05-15 09:48:36.073
2198	31	38	6	11.47	-11.76	15.38	21.32	4.21	REGULAR	2026-05-15 09:48:36.073
2690	332	370	15	12.79	-16	4.03	25.55	4.14	FAST_RELIABLE	2026-05-15 09:48:36.073
2149	10	11	1	12.09	-9.45	9.09	25.40	4.64	GOOD_DELIVERY	2026-05-15 09:48:36.073
2026	6	6	2	21.5	-4.33	33.33	29.67	3.67	DELIVERY_RISK	2026-05-15 09:48:36.073
2696	14	16	0	14.31	-9.56	0.00	18.28	4.06	FAST_RELIABLE	2026-05-15 09:48:36.073
2524	11	12	0	6.08	-12.25	0.00	53.84	4.5	FAST_RELIABLE	2026-05-15 09:48:36.073
1485	7	7	1	15.43	-11.43	14.29	31.91	4.29	REGULAR	2026-05-15 09:48:36.073
1983	1	1	0	21	-8	0.00	17.09	5	FAST_RELIABLE	2026-05-15 09:48:36.073
532	1	1	0	10	-8	0.00	19.89	5	FAST_RELIABLE	2026-05-15 09:48:36.073
11	103	135	6	15.7	-15.53	4.44	16.93	3.76	GOOD_DELIVERY	2026-05-15 09:48:36.073
2006	6	7	1	19.86	-10	7.69	22.12	2.38	GOOD_DELIVERY	2026-05-15 09:48:36.073
2175	142	162	4	9.71	-15.08	2.45	15.33	4.01	FAST_RELIABLE	2026-05-15 09:48:36.073
1342	40	55	0	8.22	-15.29	0.00	13.99	4.52	FAST_RELIABLE	2026-05-15 09:48:36.073
675	12	13	0	9.69	-11.54	0.00	17.45	4	FAST_RELIABLE	2026-05-15 09:48:36.073
2839	9	9	0	7.22	-19.44	0.00	12.91	4.5	FAST_RELIABLE	2026-05-15 09:48:36.073
1365	67	84	9	21.12	-11.23	10.71	13.55	3.42	REGULAR	2026-05-15 09:48:36.073
652	21	24	0	11.25	-19.25	0.00	20.05	4.75	FAST_RELIABLE	2026-05-15 09:48:36.073
111	5	5	0	5.4	-8.6	0.00	10.50	3	GOOD_DELIVERY	2026-05-15 09:48:36.073
2816	22	30	0	9.5	-13.63	0.00	24.22	4.47	FAST_RELIABLE	2026-05-15 09:48:36.073
1193	2	1	0	25	-10	0.00	43.12	3	GOOD_DELIVERY	2026-05-15 09:48:36.073
824	3	3	0	4	-24.67	0.00	18.06	4.67	FAST_RELIABLE	2026-05-15 09:48:36.073
1906	1	1	1	37	14	100.00	15.43	1	DELIVERY_RISK	2026-05-15 09:48:36.073
1963	64	77	5	11.55	-10.61	6.33	14.08	3.87	GOOD_DELIVERY	2026-05-15 09:48:36.073
54	16	15	1	11.53	-13.93	6.25	21.65	4.31	GOOD_DELIVERY	2026-05-15 09:48:36.073
303	10	9	0	11.67	-18.78	0.00	23.99	3.9	GOOD_DELIVERY	2026-05-15 09:48:36.073
2212	26	28	2	10.29	-11.14	7.14	20.82	4.07	GOOD_DELIVERY	2026-05-15 09:48:36.073
1465	15	15	1	8.6	-11.2	6.67	14.93	4.27	GOOD_DELIVERY	2026-05-15 09:48:36.073
1714	77	88	2	11.36	-13.09	2.27	19.47	4.41	FAST_RELIABLE	2026-05-15 09:48:36.073
2461	10	10	0	7.3	-12.7	0.00	14.06	4.8	FAST_RELIABLE	2026-05-15 09:48:36.073
552	7	7	1	7.14	-5.29	14.29	16.89	3.86	REGULAR	2026-05-15 09:48:36.073
446	107	114	6	9.96	-14.57	5.17	14.56	4.38	GOOD_DELIVERY	2026-05-15 09:48:36.073
944	3	3	0	6	-12.67	0.00	18.83	3.67	GOOD_DELIVERY	2026-05-15 09:48:36.073
2567	34	37	5	12	-12.3	13.16	14.67	3.37	REGULAR	2026-05-15 09:48:36.073
1073	29	29	4	15.45	-9.45	13.33	15.67	4.03	REGULAR	2026-05-15 09:48:36.073
1571	3	9	0	5.11	-8.89	0.00	8.60	5	FAST_RELIABLE	2026-05-15 09:48:36.073
2069	5	4	0	11.5	-19.5	0.00	25.15	4.2	FAST_RELIABLE	2026-05-15 09:48:36.073
1926	19	22	2	14.55	-8.95	9.09	23.03	4.23	GOOD_DELIVERY	2026-05-15 09:48:36.073
1677	2	2	0	6	-18	0.00	20.90	2	GOOD_DELIVERY	2026-05-15 09:48:36.073
91	3	7	0	14.14	-8.14	0.00	12.31	4.29	FAST_RELIABLE	2026-05-15 09:48:36.073
340	5	5	0	7.6	-10.2	0.00	20.34	5	FAST_RELIABLE	2026-05-15 09:48:36.073
2759	1	1	0	5	-16	0.00	12.97	5	FAST_RELIABLE	2026-05-15 09:48:36.073
3008	1	1	0	10	-14	0.00	16.39	5	FAST_RELIABLE	2026-05-15 09:48:36.073
2945	6	6	0	7.83	-13.83	0.00	13.04	4	FAST_RELIABLE	2026-05-15 09:48:36.073
2404	6	6	0	6.83	-11.17	0.00	15.82	4.67	FAST_RELIABLE	2026-05-15 09:48:36.073
2318	1	1	0	11	-7	0.00	37.72	4	FAST_RELIABLE	2026-05-15 09:48:36.073
1322	1	1	0	9	-17	0.00	148.71	5	FAST_RELIABLE	2026-05-15 09:48:36.073
695	1	1	0	7	-6	0.00	7.39	5	FAST_RELIABLE	2026-05-15 09:48:36.073
1379	76	97	9	10.8	-11.8	9.28	14.77	4.2	GOOD_DELIVERY	2026-05-15 09:48:36.073
1130	17	21	4	12.86	-9.62	19.05	19.87	2.33	REGULAR	2026-05-15 09:48:36.073
887	29	28	4	16.64	-13.25	13.33	27.98	3.9	REGULAR	2026-05-15 09:48:36.073
1136	2	0	0	NULL	NULL	0.00	22.41	1	GOOD_DELIVERY	2026-05-15 09:48:36.073
881	2	2	0	7.5	-12.5	0.00	13.60	4.5	FAST_RELIABLE	2026-05-15 09:48:36.073
3045	2	1	0	14	-19	0.00	13.68	2.5	GOOD_DELIVERY	2026-05-15 09:48:36.073
3051	3	3	0	18.67	-7.67	0.00	17.91	4.67	FAST_RELIABLE	2026-05-15 09:48:36.073
489	2	1	0	10	-5	0.00	49.88	2	GOOD_DELIVERY	2026-05-15 09:48:36.073
1030	1	0	0	NULL	NULL	0.00	9.56	4	FAST_RELIABLE	2026-05-15 09:48:36.073
1528	11	8	1	14.38	-12.5	9.09	17.72	3.64	GOOD_DELIVERY	2026-05-15 09:48:36.073
987	1	0	0	NULL	NULL	0.00	10.96	1	GOOD_DELIVERY	2026-05-15 09:48:36.073
2653	1	1	0	3	-19	0.00	12.16	5	FAST_RELIABLE	2026-05-15 09:48:36.073
1920	13	16	1	12.88	-12.25	6.25	17.32	3.75	GOOD_DELIVERY	2026-05-15 09:48:36.073
589	30	29	5	17.03	-5.66	16.67	13.38	4.17	REGULAR	2026-05-15 09:48:36.073
2510	77	83	7	14.25	-12.7	8.43	36.74	4.13	GOOD_DELIVERY	2026-05-15 09:48:36.073
3002	90	97	10	11.2	-10.81	10.10	20.22	3.67	REGULAR	2026-05-15 09:48:36.073
838	33	33	2	7.18	-12.24	5.56	21.65	3.69	GOOD_DELIVERY	2026-05-15 09:48:36.073
1671	19	23	0	8.26	-15.91	0.00	22.90	3.87	GOOD_DELIVERY	2026-05-15 09:48:36.073
2753	2	2	0	5.5	-12.5	0.00	16.22	4	FAST_RELIABLE	2026-05-15 09:48:36.073
1428	7	6	0	4.83	-5.5	0.00	13.93	4.29	FAST_RELIABLE	2026-05-15 09:48:36.073
2361	245	241	27	15.14	-9.93	10.42	19.47	3.81	REGULAR	2026-05-15 09:48:36.073
197	9	8	0	9.88	-14.13	0.00	18.28	3.89	GOOD_DELIVERY	2026-05-15 09:48:36.073
1279	6	5	0	4.8	-16.8	0.00	23.90	3.83	GOOD_DELIVERY	2026-05-15 09:48:36.073
738	1	1	0	5	-17	0.00	12.48	5	FAST_RELIABLE	2026-05-15 09:48:36.073
1820	1	1	0	22	-17	0.00	21.30	1	GOOD_DELIVERY	2026-05-15 09:48:36.073
2902	1	0	0	NULL	NULL	0.00	28.78	1	GOOD_DELIVERY	2026-05-15 09:48:36.073
214	531	552	35	14.34	-12.26	6.27	17.48	4.13	GOOD_DELIVERY	2026-05-15 09:48:36.073
2467	2	2	0	19.5	-9	0.00	15.76	3	GOOD_DELIVERY	2026-05-15 09:48:36.073
2135	15	17	0	8.24	-19.41	0.00	23.10	4.47	FAST_RELIABLE	2026-05-15 09:48:36.073
2799	7	7	1	35.71	12.29	14.29	12.60	3.71	REGULAR	2026-05-15 09:48:36.073
2112	6	6	1	15	-7.67	16.67	25.08	3.67	REGULAR	2026-05-15 09:48:36.073
569	5	5	0	8.4	-19	0.00	15.64	4.8	FAST_RELIABLE	2026-05-15 09:48:36.073
1448	5	9	0	9.89	-18.22	0.00	23.35	4.78	FAST_RELIABLE	2026-05-15 09:48:36.073
901	11	12	1	7.42	-12	8.33	15.19	3.83	GOOD_DELIVERY	2026-05-15 09:48:36.073
237	10	11	0	7.09	-21.27	0.00	23.91	4.09	FAST_RELIABLE	2026-05-15 09:48:36.073
2776	14	15	0	6.93	-16	0.00	12.96	3.8	GOOD_DELIVERY	2026-05-15 09:48:36.073
1780	1	1	0	13	-8	0.00	19.22	1	GOOD_DELIVERY	2026-05-15 09:48:36.073
2444	1	1	0	6	-15	0.00	19.32	5	FAST_RELIABLE	2026-05-15 09:48:36.073
2822	1	1	0	12	-1	0.00	21.49	4	FAST_RELIABLE	2026-05-15 09:48:36.073
2962	110	115	8	10.97	-15.57	6.84	13.23	3.83	GOOD_DELIVERY	2026-05-15 09:48:36.073
383	11	11	0	9.45	-13.18	0.00	15.21	4.55	FAST_RELIABLE	2026-05-15 09:48:36.073
970	50	68	7	15.15	-8.74	10.29	42.93	3.93	REGULAR	2026-05-15 09:48:36.073
2298	7	5	0	14.8	-17.4	0.00	35.50	3.57	GOOD_DELIVERY	2026-05-15 09:48:36.073
2968	2	0	0	NULL	NULL	0.00	16.20	1	GOOD_DELIVERY	2026-05-15 09:48:36.073
1634	1	1	0	3	-26	0.00	39.72	5	FAST_RELIABLE	2026-05-15 09:48:36.073
1047	4	4	0	10.5	-7.75	0.00	30.37	4.5	FAST_RELIABLE	2026-05-15 09:48:36.073
1657	300	334	18	10.78	-15	5.39	21.30	4.34	GOOD_DELIVERY	2026-05-15 09:48:36.073
2321	28	28	3	10.75	-9.11	10.71	14.20	4.36	REGULAR	2026-05-15 09:48:36.073
2985	1	1	0	3	-9	0.00	7.78	5	FAST_RELIABLE	2026-05-15 09:48:36.073
360	1	1	0	35	-11	0.00	16.81	1	GOOD_DELIVERY	2026-05-15 09:48:36.073
924	365	386	18	13.03	-13.01	4.60	19.99	4.16	FAST_RELIABLE	2026-05-15 09:48:36.073
1757	152	171	25	14.33	-9.63	14.37	21.83	4.03	REGULAR	2026-05-15 09:48:36.073
429	4	4	0	9.5	-23.75	0.00	17.67	4.75	FAST_RELIABLE	2026-05-15 09:48:36.073
2421	10	11	2	17.82	-6.18	16.67	14.63	3.33	REGULAR	2026-05-15 09:48:36.073
1588	2	1	0	17	-16	0.00	13.68	2.33	GOOD_DELIVERY	2026-05-15 09:48:36.073
1093	2	2	0	5.5	-12.5	0.00	11.48	5	FAST_RELIABLE	2026-05-15 09:48:36.073
260	1	1	0	13	-19	0.00	62.77	5	FAST_RELIABLE	2026-05-15 09:48:36.073
283	56	61	5	22.82	-12.23	8.20	160.55	4.34	GOOD_DELIVERY	2026-05-15 09:48:36.073
1070	6	6	0	12.17	-15.83	0.00	26.02	3.83	GOOD_DELIVERY	2026-05-15 09:48:36.073
1734	4	10	6	7.5	-3.8	60.00	15.10	2.5	DELIVERY_RISK	2026-05-15 09:48:36.073
947	10	9	2	13.78	-12.56	13.33	14.41	2.47	REGULAR	2026-05-15 09:48:36.073
406	2	2	0	8.5	-18.5	0.00	37.20	4.5	FAST_RELIABLE	2026-05-15 09:48:36.073
1611	1	2	0	9	-21	0.00	60.08	5	FAST_RELIABLE	2026-05-15 09:48:36.073
2275	1	1	1	33	4	100.00	15.56	0	DELIVERY_RISK	2026-05-15 09:48:36.073
2129	55	51	9	19.2	-11.35	15.79	18.88	3.61	REGULAR	2026-05-15 09:48:36.073
469	26	39	0	9.36	-15.95	0.00	13.40	3.79	GOOD_DELIVERY	2026-05-15 09:48:36.073
801	3	2	0	6	-14	0.00	12.15	3.67	GOOD_DELIVERY	2026-05-15 09:48:36.073
1797	3	2	1	13.5	-3.5	33.33	13.29	2.33	DELIVERY_RISK	2026-05-15 09:48:36.073
220	4	4	0	4	-8	0.00	9.15	4	FAST_RELIABLE	2026-05-15 09:48:36.073
1216	1	1	1	18	7	100.00	7.39	1	DELIVERY_RISK	2026-05-15 09:48:36.073
1548	1	1	0	2	-6	0.00	7.49	4	FAST_RELIABLE	2026-05-15 09:48:36.073
907	62	66	5	9.06	-11.56	7.58	16.72	3.88	GOOD_DELIVERY	2026-05-15 09:48:36.073
1110	13	13	3	19.62	-7.15	23.08	57.40	3.92	REGULAR	2026-05-15 09:48:36.073
1442	5	4	0	11.5	-9	0.00	12.24	3.6	GOOD_DELIVERY	2026-05-15 09:48:36.073
1903	6	6	0	10.5	-24.17	0.00	18.94	4.5	FAST_RELIABLE	2026-05-15 09:48:36.073
2235	6	7	1	12	-4.43	14.29	18.59	3.71	REGULAR	2026-05-15 09:48:36.073
114	1	1	0	10	-13	0.00	67.57	5	FAST_RELIABLE	2026-05-15 09:48:36.073
423	53	52	6	13.17	-10.96	10.91	25.08	3.61	REGULAR	2026-05-15 09:48:36.073
1594	11	11	0	18.09	-25.55	0.00	21.06	4.55	FAST_RELIABLE	2026-05-15 09:48:36.073
2427	15	14	0	12.64	-13.29	0.00	14.95	4.2	FAST_RELIABLE	2026-05-15 09:48:36.073
2922	4	9	0	12.22	-13.11	0.00	21.63	3.57	GOOD_DELIVERY	2026-05-15 09:48:36.073
755	7	7	0	9.86	-19.14	0.00	18.91	4.43	FAST_RELIABLE	2026-05-15 09:48:36.073
2676	1	1	0	7	-32	0.00	22.34	5	FAST_RELIABLE	2026-05-15 09:48:36.073
2590	1	1	0	4	-13	0.00	39.17	3	GOOD_DELIVERY	2026-05-15 09:48:36.073
609	100	121	2	8.6	-13.49	1.65	14.71	4.4	FAST_RELIABLE	2026-05-15 09:48:36.073
2281	12	12	2	14.42	-14.25	16.67	18.28	4	REGULAR	2026-05-15 09:48:36.073
2736	16	17	3	10.53	-10.88	17.65	14.90	4.24	REGULAR	2026-05-15 09:48:36.073
277	17	17	3	8.59	-7.82	17.65	18.92	4.47	REGULAR	2026-05-15 09:48:36.073
3068	3	3	0	14.33	-10	0.00	18.13	4	FAST_RELIABLE	2026-05-15 09:48:36.073
68	2	2	1	6	-2.5	50.00	22.95	5	DELIVERY_RISK	2026-05-15 09:48:36.073
1740	2	2	0	2.5	-9.5	0.00	16.82	5	FAST_RELIABLE	2026-05-15 09:48:36.073
2381	15	16	2	15.69	-11.19	12.50	34.92	3.5	REGULAR	2026-05-15 09:48:36.073
1053	252	255	9	11.14	-13.04	3.46	15.90	4.23	FAST_RELIABLE	2026-05-15 09:48:36.073
2630	50	57	7	8.07	-8.49	12.28	12.81	4.81	REGULAR	2026-05-15 09:48:36.073
964	13	15	0	12.27	-10.33	0.00	19.47	2.87	GOOD_DELIVERY	2026-05-15 09:48:36.073
1302	12	13	1	10.23	-8.77	7.69	43.38	4.38	GOOD_DELIVERY	2026-05-15 09:48:36.073
715	14	13	0	10.31	-14.38	0.00	33.30	4.43	FAST_RELIABLE	2026-05-15 09:48:36.073
1989	250	256	12	12.51	-14.67	4.63	19.87	4.33	FAST_RELIABLE	2026-05-15 09:48:36.073
323	81	83	6	12.25	-13.27	7.06	13.49	4.53	GOOD_DELIVERY	2026-05-15 09:48:36.073
2530	13	16	1	13.88	-21.31	6.25	16.26	3.81	GOOD_DELIVERY	2026-05-15 09:48:36.073
1694	18	18	0	9.11	-15.94	0.00	18.83	4.33	FAST_RELIABLE	2026-05-15 09:48:36.073
366	55	72	10	12.11	-7.28	13.89	12.98	4.28	REGULAR	2026-05-15 09:48:36.073
1651	5	6	0	12	-13.33	0.00	58.56	4.67	FAST_RELIABLE	2026-05-15 09:48:36.073
28	2	8	0	18.25	-40.5	0.00	26.50	4.75	FAST_RELIABLE	2026-05-15 09:48:36.073
2089	10	11	0	12	-12.73	0.00	16.80	3.82	GOOD_DELIVERY	2026-05-15 09:48:36.073
174	233	261	4	11.05	-16.7	1.51	16.23	4.25	FAST_RELIABLE	2026-05-15 09:48:36.073
761	2	2	0	9.5	-16	0.00	14.14	3.5	GOOD_DELIVERY	2026-05-15 09:48:36.073
1256	1	0	0	NULL	NULL	0.00	12.79	1	GOOD_DELIVERY	2026-05-15 09:48:36.073
1007	21	21	3	13.95	-7.43	13.04	20.72	3.3	REGULAR	2026-05-15 09:48:36.073
1010	21	20	0	10.15	-15.25	0.00	15.86	4.1	FAST_RELIABLE	2026-05-15 09:48:36.073
1843	12	12	0	9.25	-11.83	0.00	16.96	3.5	GOOD_DELIVERY	2026-05-15 09:48:36.073
2338	3	1	1	27	5	33.33	14.22	2.33	DELIVERY_RISK	2026-05-15 09:48:36.073
1402	50	50	3	13.62	-11.82	5.77	21.51	3.75	GOOD_DELIVERY	2026-05-15 09:48:36.073
3025	581	575	59	13.32	-10.27	10.14	17.10	4.31	REGULAR	2026-05-15 09:48:36.073
320	56	60	1	10.27	-14.28	1.64	16.18	4.08	FAST_RELIABLE	2026-05-15 09:48:36.073
1156	25	33	0	10.09	-17.42	0.00	15.28	4.27	FAST_RELIABLE	2026-05-15 09:48:36.073
74	58	59	3	12.36	-17.75	4.92	29.43	4.2	FAST_RELIABLE	2026-05-15 09:48:36.073
2484	55	63	0	8.94	-12.32	0.00	22.22	4.05	FAST_RELIABLE	2026-05-15 09:48:36.073
615	9	10	0	9.2	-19.9	0.00	17.35	4.6	FAST_RELIABLE	2026-05-15 09:48:36.073
1697	3	4	0	6.5	-22	0.00	16.97	2	GOOD_DELIVERY	2026-05-15 09:48:36.073
861	3	3	1	22	-14.67	33.33	25.83	4	DELIVERY_RISK	2026-05-15 09:48:36.073
1943	1	1	0	18	-17	0.00	34.71	5	FAST_RELIABLE	2026-05-15 09:48:36.073
2384	6	5	2	16.8	-5	33.33	15.01	3.33	DELIVERY_RISK	2026-05-15 09:48:36.073
131	13	14	1	12.29	-12.36	7.14	16.71	4.29	GOOD_DELIVERY	2026-05-15 09:48:36.073
2550	1	1	0	10	-21	0.00	26.69	5	FAST_RELIABLE	2026-05-15 09:48:36.073
3048	4	4	0	8.5	-11.25	0.00	13.17	5	FAST_RELIABLE	2026-05-15 09:48:36.073
2052	2	2	0	16.5	-9.5	0.00	17.10	4.5	FAST_RELIABLE	2026-05-15 09:48:36.073
2905	22	21	3	19	-6.81	13.04	18.39	2.96	REGULAR	2026-05-15 09:48:36.073
1837	71	76	6	12.61	-12.87	7.69	15.49	4.26	GOOD_DELIVERY	2026-05-15 09:48:36.073
1176	13	14	4	22.07	-1.86	28.57	14.89	3.57	REGULAR	2026-05-15 09:48:36.073
2172	33	35	3	11.97	-11.26	7.89	26.63	3.66	GOOD_DELIVERY	2026-05-15 09:48:36.073
1505	18	18	1	11.78	-12.11	5.56	15.93	4.11	GOOD_DELIVERY	2026-05-15 09:48:36.073
841	3	3	0	6.33	-16	0.00	19.58	3.67	GOOD_DELIVERY	2026-05-15 09:48:36.073
2836	2	3	0	11	-8	0.00	18.42	5	FAST_RELIABLE	2026-05-15 09:48:36.073
512	1	1	0	6	-25	0.00	63.90	5	FAST_RELIABLE	2026-05-15 09:48:36.073
2527	78	80	7	11.13	-11.21	8.64	14.31	3.74	GOOD_DELIVERY	2026-05-15 09:48:36.073
486	14	15	4	7.87	-4.87	26.67	10.75	4.67	REGULAR	2026-05-15 09:48:36.073
2195	11	10	1	17.7	-11.2	7.69	17.59	3.85	GOOD_DELIVERY	2026-05-15 09:48:36.073
1531	12	12	2	11	-7.08	16.67	12.54	4	REGULAR	2026-05-15 09:48:36.073
1296	124	130	11	14.34	-10.12	8.33	16.12	4.13	GOOD_DELIVERY	2026-05-15 09:48:36.073
1462	129	151	13	11.6	-12.46	8.39	25.97	4.05	GOOD_DELIVERY	2026-05-15 09:48:36.073
2713	42	50	2	7.48	-11.68	4.00	14.72	4.32	FAST_RELIABLE	2026-05-15 09:48:36.073
1219	37	38	2	13.13	-14.84	5.13	22.60	3.69	GOOD_DELIVERY	2026-05-15 09:48:36.073
798	1	3	0	22	-2	0.00	17.06	1	GOOD_DELIVERY	2026-05-15 09:48:36.073
698	104	118	8	14.31	-11.82	6.61	20.26	3.86	GOOD_DELIVERY	2026-05-15 09:48:36.073
1362	44	50	4	16.72	-10.14	7.55	17.06	3.66	GOOD_DELIVERY	2026-05-15 09:48:36.073
821	94	92	12	16.57	-11.38	12.63	22.07	3.81	REGULAR	2026-05-15 09:48:36.073
1319	55	54	2	14.28	-14.74	3.57	18.48	4.04	FAST_RELIABLE	2026-05-15 09:48:36.073
157	5	5	0	8.6	-16.8	0.00	17.52	5	FAST_RELIABLE	2026-05-15 09:48:36.073
1860	5	4	1	18.25	-13.25	20.00	18.00	3.8	REGULAR	2026-05-15 09:48:36.073
2862	8	8	0	9.5	-13.25	0.00	28.86	5	FAST_RELIABLE	2026-05-15 09:48:36.073
655	7	8	1	18.88	-9.63	12.50	59.93	4	REGULAR	2026-05-15 09:48:36.073
1196	1	0	0	NULL	NULL	0.00	13.10	1	GOOD_DELIVERY	2026-05-15 09:48:36.073
1511	5	5	0	8.8	-11.6	0.00	20.38	4.4	FAST_RELIABLE	2026-05-15 09:48:36.073
1339	2	1	0	22	-44	0.00	53.92	1.5	GOOD_DELIVERY	2026-05-15 09:48:36.073
2593	2	0	0	NULL	NULL	0.00	23.72	1	GOOD_DELIVERY	2026-05-15 09:48:36.073
2670	3	3	0	13	-14.33	0.00	29.78	2.67	GOOD_DELIVERY	2026-05-15 09:48:36.073
506	12	12	0	10.42	-15.08	0.00	27.14	5	FAST_RELIABLE	2026-05-15 09:48:36.073
678	1	1	0	6	-12	0.00	15.28	5	FAST_RELIABLE	2026-05-15 09:48:36.073
2152	45	45	2	12.24	-13.78	4.35	64.28	4	FAST_RELIABLE	2026-05-15 09:48:36.073
2029	51	51	8	14.75	-9.53	15.38	14.28	3.92	REGULAR	2026-05-15 09:48:36.073
1488	3	3	0	8.67	-20	0.00	21.81	4.67	FAST_RELIABLE	2026-05-15 09:48:36.073
2693	5	5	0	11.8	-14	0.00	19.11	4.6	FAST_RELIABLE	2026-05-15 09:48:36.073
2570	2	6	0	12.83	-13.67	0.00	14.10	1.67	GOOD_DELIVERY	2026-05-15 09:48:36.073
529	2	2	0	16.5	-29	0.00	14.46	2	GOOD_DELIVERY	2026-05-15 09:48:36.073
1880	6	7	0	7.57	-16.29	0.00	26.21	3.86	GOOD_DELIVERY	2026-05-15 09:48:36.073
1382	106	110	8	13.38	-12.05	7.14	23.79	4.26	GOOD_DELIVERY	2026-05-15 09:48:36.073
386	2	2	0	4.5	-6.5	0.00	19.64	5	FAST_RELIABLE	2026-05-15 09:48:36.073
635	36	43	2	13.98	-17	4.65	19.25	4.44	FAST_RELIABLE	2026-05-15 09:48:36.073
1133	6	9	0	5	-15.33	0.00	95.15	4.89	FAST_RELIABLE	2026-05-15 09:48:36.073
137	2	2	0	2	-8.5	0.00	9.74	4.5	FAST_RELIABLE	2026-05-15 09:48:36.073
1631	2	2	0	7.5	-11.5	0.00	11.61	5	FAST_RELIABLE	2026-05-15 09:48:36.073
884	1	1	0	4	-8	0.00	16.07	5	FAST_RELIABLE	2026-05-15 09:48:36.073
2401	42	45	1	11.44	-12.58	2.22	18.56	4.38	FAST_RELIABLE	2026-05-15 09:48:36.073
1239	7	11	3	14.36	-5.55	27.27	29.02	4.64	REGULAR	2026-05-15 09:48:36.073
2899	1	1	0	12	-21	0.00	14.43	4	FAST_RELIABLE	2026-05-15 09:48:36.073
778	1	1	0	9	-4	0.00	18.40	5	FAST_RELIABLE	2026-05-15 09:48:36.073
1276	1	1	0	3	-14	0.00	13.62	5	FAST_RELIABLE	2026-05-15 09:48:36.073
741	1	2	0	8	-10	0.00	14.44	5	FAST_RELIABLE	2026-05-15 09:48:36.073
2258	68	83	19	15.24	-6.9	22.62	15.75	2.99	REGULAR	2026-05-15 09:48:36.073
3005	6	6	0	12.67	-16	0.00	16.74	5	FAST_RELIABLE	2026-05-15 09:48:36.073
2009	2	0	0	NULL	NULL	0.00	22.82	2	GOOD_DELIVERY	2026-05-15 09:48:36.073
3091	1	0	0	NULL	NULL	0.00	9.62	1	GOOD_DELIVERY	2026-05-15 09:48:36.073
8	1	1	0	9	-10	0.00	12.08	5	FAST_RELIABLE	2026-05-15 09:48:36.073
990	173	177	18	15.29	-13.97	10.06	25.88	3.81	REGULAR	2026-05-15 09:48:36.073
2650	46	45	5	14.47	-11.87	10.64	20.54	3.72	REGULAR	2026-05-15 09:48:36.073
2613	22	22	0	8.09	-18.55	0.00	27.16	4.5	FAST_RELIABLE	2026-05-15 09:48:36.073
2072	11	12	0	11.33	-15.42	0.00	17.64	4.33	FAST_RELIABLE	2026-05-15 09:48:36.073
1027	1	1	0	16	-23	0.00	23.45	3	GOOD_DELIVERY	2026-05-15 09:48:36.073
300	14	16	1	15.69	-14.19	6.25	16.10	4.25	GOOD_DELIVERY	2026-05-15 09:48:36.073
1717	9	8	1	10.88	-11.63	11.11	16.78	4.44	REGULAR	2026-05-15 09:48:36.073
51	1	2	2	15	0	100.00	37.38	5	DELIVERY_RISK	2026-05-15 09:48:36.073
1966	1	0	0	NULL	NULL	0.00	11.85	3	GOOD_DELIVERY	2026-05-15 09:48:36.073
2464	2	1	0	3	-11	0.00	13.49	3	GOOD_DELIVERY	2026-05-15 09:48:36.073
2215	1	1	0	14	-14	0.00	19.85	3	GOOD_DELIVERY	2026-05-15 09:48:36.073
2364	6	6	0	7.33	-13.83	0.00	21.73	4.67	FAST_RELIABLE	2026-05-15 09:48:36.073
2358	9	8	1	17.13	-7.13	11.11	79.33	4	REGULAR	2026-05-15 09:48:36.073
200	35	40	5	14.03	-12.68	12.50	36.11	4.35	REGULAR	2026-05-15 09:48:36.073
151	29	29	1	11.79	-14.1	3.33	20.57	4.57	FAST_RELIABLE	2026-05-15 09:48:36.073
194	4	4	0	4	-8.75	0.00	10.47	5	FAST_RELIABLE	2026-05-15 09:48:36.073
692	1	1	0	14	-8	0.00	31.71	1	GOOD_DELIVERY	2026-05-15 09:48:36.073
1823	3	4	0	10.75	-14.5	0.00	29.80	4.75	FAST_RELIABLE	2026-05-15 09:48:36.073
1817	1	1	0	7	-7	0.00	68.56	5	FAST_RELIABLE	2026-05-15 09:48:36.073
1425	12	12	1	9.83	-9.08	8.33	18.15	4.33	GOOD_DELIVERY	2026-05-15 09:48:36.073
2756	4	5	0	6.6	-16.8	0.00	26.65	4.8	FAST_RELIABLE	2026-05-15 09:48:36.073
592	3	3	2	48	9	66.67	27.27	2.33	DELIVERY_RISK	2026-05-15 09:48:36.073
1674	1	0	0	NULL	NULL	0.00	11.52	1	GOOD_DELIVERY	2026-05-15 09:48:36.073
343	3	3	1	17	-19.33	33.33	42.19	3.67	DELIVERY_RISK	2026-05-15 09:48:36.073
2507	1	1	0	6	-11	0.00	12.79	5	FAST_RELIABLE	2026-05-15 09:48:36.073
984	15	15	0	8.07	-16.6	0.00	19.06	4.73	FAST_RELIABLE	2026-05-15 09:48:36.073
443	49	49	2	9.45	-12.57	4.08	14.10	4.24	FAST_RELIABLE	2026-05-15 09:48:36.073
2607	4	3	1	19.67	-2.33	25.00	12.99	3.25	REGULAR	2026-05-15 09:48:36.073
1525	8	8	0	10.38	-12.5	0.00	18.05	4.63	FAST_RELIABLE	2026-05-15 09:48:36.073
2066	7	7	2	20	-9	20.00	17.23	3.2	REGULAR	2026-05-15 09:48:36.073
1637	10	10	2	16.6	-8.5	20.00	25.18	4.2	REGULAR	2026-05-15 09:48:36.073
1305	7	12	0	4.83	-8.33	0.00	10.30	4.83	FAST_RELIABLE	2026-05-15 09:48:36.073
309	1	1	0	16	-15	0.00	17.00	5	FAST_RELIABLE	2026-05-15 09:48:36.073
641	6	7	0	11.57	-12.43	0.00	14.09	4.71	FAST_RELIABLE	2026-05-15 09:48:36.073
973	2	2	0	3	-5.5	0.00	7.43	4.5	FAST_RELIABLE	2026-05-15 09:48:36.073
286	64	65	3	12.46	-11.09	4.48	18.74	4.24	FAST_RELIABLE	2026-05-15 09:48:36.073
618	78	77	9	12.83	-10.92	11.54	22.75	4	REGULAR	2026-05-15 09:48:36.073
950	4	6	0	8.33	-11.33	0.00	11.68	4.83	FAST_RELIABLE	2026-05-15 09:48:36.073
2848	1	1	0	8	-10	0.00	26.37	5	FAST_RELIABLE	2026-05-15 09:48:36.073
263	12	13	1	8.77	-10.69	7.69	19.10	4.62	GOOD_DELIVERY	2026-05-15 09:48:36.073
2516	5	5	1	8.4	-11.2	20.00	16.26	5	REGULAR	2026-05-15 09:48:36.073
1852	3	4	0	8.5	-13.5	0.00	11.72	5	FAST_RELIABLE	2026-05-15 09:48:36.073
2184	1	1	0	6	-3	0.00	8.91	5	FAST_RELIABLE	2026-05-15 09:48:36.073
2871	3	9	0	10.22	-19.22	0.00	15.92	4.56	FAST_RELIABLE	2026-05-15 09:48:36.073
478	105	119	2	6.59	-10.54	1.67	16.60	4.57	FAST_RELIABLE	2026-05-15 09:48:36.073
2393	41	39	8	16	-10.67	19.51	18.03	3.32	REGULAR	2026-05-15 09:48:36.073
804	11	9	0	9.56	-13.67	0.00	20.48	4.27	FAST_RELIABLE	2026-05-15 09:48:36.073
140	3	3	0	12	-18	0.00	44.63	4.67	FAST_RELIABLE	2026-05-15 09:48:36.073
1142	3	2	0	21.5	-9	0.00	14.37	3.67	GOOD_DELIVERY	2026-05-15 09:48:36.073
1806	1	1	0	10	-21	0.00	14.56	5	FAST_RELIABLE	2026-05-15 09:48:36.073
2470	1	2	0	25	-2	0.00	41.28	1	GOOD_DELIVERY	2026-05-15 09:48:36.073
3057	1	1	0	9	-14	0.00	133.87	5	FAST_RELIABLE	2026-05-15 09:48:36.073
163	4	8	4	25	-0.5	50.00	15.54	2.75	DELIVERY_RISK	2026-05-15 09:48:36.073
2493	43	51	2	12.16	-11.59	3.85	14.21	3.67	GOOD_DELIVERY	2026-05-15 09:48:36.073
3034	30	30	1	11.03	-11.23	3.33	15.75	4.23	FAST_RELIABLE	2026-05-15 09:48:36.073
1706	28	44	5	15.11	-6.25	11.36	15.06	3.86	REGULAR	2026-05-15 09:48:36.073
1491	8	7	2	13.43	-11	25.00	13.63	4	REGULAR	2026-05-15 09:48:36.073
1829	9	9	4	21.11	2.67	44.44	10.90	3.56	DELIVERY_RISK	2026-05-15 09:48:36.073
827	2	3	0	8	-7.33	0.00	18.67	4.67	FAST_RELIABLE	2026-05-15 09:48:36.073
2370	3	3	0	12	-5.33	0.00	35.71	5	FAST_RELIABLE	2026-05-15 09:48:36.073
1165	9	9	2	16.33	-9.33	22.22	27.53	4.22	REGULAR	2026-05-15 09:48:36.073
3011	21	20	0	15.15	-24.25	0.00	41.71	4.29	FAST_RELIABLE	2026-05-15 09:48:36.073
2178	5	5	1	13	-8.8	20.00	44.04	3.2	REGULAR	2026-05-15 09:48:36.073
1683	8	9	0	6.67	-12.78	0.00	15.98	4.67	FAST_RELIABLE	2026-05-15 09:48:36.073
2347	14	14	1	10.64	-12.36	7.14	18.23	3.79	GOOD_DELIVERY	2026-05-15 09:48:36.073
186	2	2	0	10.5	-12.5	0.00	45.21	4.5	FAST_RELIABLE	2026-05-15 09:48:36.073
432	1	1	0	13	-23	0.00	57.12	5	FAST_RELIABLE	2026-05-15 09:48:36.073
1514	2	2	0	11.5	-15	0.00	28.80	5	FAST_RELIABLE	2026-05-15 09:48:36.073
850	2	1	0	17	-11	0.00	17.95	2.5	GOOD_DELIVERY	2026-05-15 09:48:36.073
1096	1	1	0	19	-5	0.00	21.75	5	FAST_RELIABLE	2026-05-15 09:48:36.073
1019	1	1	1	4	0	100.00	7.77	4	DELIVERY_RISK	2026-05-15 09:48:36.073
996	83	85	9	13.47	-11.04	10.59	22.43	4.45	REGULAR	2026-05-15 09:48:36.073
2865	24	25	2	7.92	-8.68	8.00	27.56	4.28	GOOD_DELIVERY	2026-05-15 09:48:36.073
1119	12	12	4	20.25	-4.33	30.77	45.05	3.31	DELIVERY_RISK	2026-05-15 09:48:36.073
1783	4	6	0	10.83	-18.67	0.00	44.43	4.33	FAST_RELIABLE	2026-05-15 09:48:36.073
455	3	4	0	3.25	-8.25	0.00	16.91	5	FAST_RELIABLE	2026-05-15 09:48:36.073
1660	1	1	0	7	-24	0.00	18.99	5	FAST_RELIABLE	2026-05-15 09:48:36.073
2324	1	1	0	5	-13	0.00	7.68	5	FAST_RELIABLE	2026-05-15 09:48:36.073
332	1	1	0	10	-23	0.00	14.52	5	FAST_RELIABLE	2026-05-15 09:48:36.073
1537	3	4	0	7	-16.25	0.00	16.79	3.75	GOOD_DELIVERY	2026-05-15 09:48:36.073
2201	1	1	0	3	-6	0.00	19.30	5	FAST_RELIABLE	2026-05-15 09:48:36.073
873	1	1	0	11	-34	0.00	17.33	4	FAST_RELIABLE	2026-05-15 09:48:36.073
2888	129	139	11	12.5	-11.68	7.86	16.54	4.34	GOOD_DELIVERY	2026-05-15 09:48:36.073
2971	112	112	12	11.96	-10.93	10.34	33.10	4.23	REGULAR	2026-05-15 09:48:36.073
2639	1	1	1	32	13	100.00	14.37	1	DELIVERY_RISK	2026-05-15 09:48:36.073
1892	1	2	0	4	-11	0.00	23.95	5	FAST_RELIABLE	2026-05-15 09:48:36.073
1560	4	4	0	8.5	-14.75	0.00	15.52	4.5	FAST_RELIABLE	2026-05-15 09:48:36.073
1643	2	2	1	15.5	-0.5	50.00	21.95	4.5	DELIVERY_RISK	2026-05-15 09:48:36.073
1311	4	6	0	4.83	-7.33	0.00	17.65	4.5	FAST_RELIABLE	2026-05-15 09:48:36.073
77	8	8	0	16.75	-12.88	0.00	77.58	4.22	FAST_RELIABLE	2026-05-15 09:48:36.073
409	10	11	0	9.82	-13.73	0.00	17.15	4.18	FAST_RELIABLE	2026-05-15 09:48:36.073
2284	1	1	0	13	-8	0.00	18.27	5	FAST_RELIABLE	2026-05-15 09:48:36.073
956	2	2	0	20.5	-14	0.00	62.71	5	FAST_RELIABLE	2026-05-15 09:48:36.073
2247	9	9	1	13.11	-12.33	11.11	16.66	3.78	REGULAR	2026-05-15 09:48:36.073
624	1	1	0	6	-16	0.00	15.10	4	FAST_RELIABLE	2026-05-15 09:48:36.073
2579	2	4	0	10	-21.5	0.00	15.95	5	FAST_RELIABLE	2026-05-15 09:48:36.073
1952	3	4	0	17.5	-11.75	0.00	59.05	2	GOOD_DELIVERY	2026-05-15 09:48:36.073
1013	93	97	1	10.82	-16.92	1.00	25.49	4.26	FAST_RELIABLE	2026-05-15 09:48:36.073
17	14	15	2	19.07	-11.67	13.33	41.89	3.67	REGULAR	2026-05-15 09:48:36.073
3017	4	5	2	18.8	-5.4	40.00	27.63	3	DELIVERY_RISK	2026-05-15 09:48:36.073
2934	2	2	0	12	-9	0.00	14.07	4.5	FAST_RELIABLE	2026-05-15 09:48:36.073
1345	8	12	0	3.5	-19.92	0.00	10.53	4	FAST_RELIABLE	2026-05-15 09:48:36.073
326	201	219	11	11.54	-10.27	5.00	13.80	4.15	FAST_RELIABLE	2026-05-15 09:48:36.073
2330	1	1	0	11	-42	0.00	8.72	4	FAST_RELIABLE	2026-05-15 09:48:36.073
2138	107	121	14	15.6	-9.78	11.57	17.74	3.72	REGULAR	2026-05-15 09:48:36.073
472	1	0	0	NULL	NULL	0.00	37.31	1	GOOD_DELIVERY	2026-05-15 09:48:36.073
2725	21	23	0	16.48	-11.17	0.00	19.68	3.67	GOOD_DELIVERY	2026-05-15 09:48:36.073
223	9	9	0	9.33	-10.89	0.00	14.06	4.78	FAST_RELIABLE	2026-05-15 09:48:36.073
810	20	2	1	15.5	-6.5	5.00	14.81	1.2	GOOD_DELIVERY	2026-05-15 09:48:36.073
1059	2	2	0	10	-21.5	0.00	28.58	3	GOOD_DELIVERY	2026-05-15 09:48:36.073
2387	1	0	0	NULL	NULL	0.00	17.31	1	GOOD_DELIVERY	2026-05-15 09:48:36.073
2825	9	9	0	8.67	-18.78	0.00	22.15	4.78	FAST_RELIABLE	2026-05-15 09:48:36.073
1159	8	8	1	9.13	-6.88	12.50	34.23	4.5	REGULAR	2026-05-15 09:48:36.073
1700	2	3	0	6.67	-4	0.00	11.40	4.33	FAST_RELIABLE	2026-05-15 09:48:36.073
2038	2	3	0	5.67	-6.33	0.00	12.15	3.67	GOOD_DELIVERY	2026-05-15 09:48:36.073
372	7	13	0	10.08	-17.77	0.00	16.14	4.54	FAST_RELIABLE	2026-05-15 09:48:36.073
1497	1	1	0	22	-3	0.00	16.14	5	FAST_RELIABLE	2026-05-15 09:48:36.073
2679	120	140	21	14.89	-8.02	14.89	20.08	3.77	REGULAR	2026-05-15 09:48:36.073
1351	13	13	1	9.85	-11.46	7.69	14.75	4.46	GOOD_DELIVERY	2026-05-15 09:48:36.073
1597	73	72	4	12.79	-13.71	5.48	24.85	4.15	GOOD_DELIVERY	2026-05-15 09:48:36.073
518	6	7	2	13.29	-7.29	28.57	21.82	3.86	REGULAR	2026-05-15 09:48:36.073
2433	1	1	0	4	-24	0.00	14.14	5	FAST_RELIABLE	2026-05-15 09:48:36.073
269	2	2	0	6	-9	0.00	18.83	5	FAST_RELIABLE	2026-05-15 09:48:36.073
1846	1	3	0	2	-14	0.00	12.79	1	GOOD_DELIVERY	2026-05-15 09:48:36.073
764	1	1	0	17	-5	0.00	16.74	1	GOOD_DELIVERY	2026-05-15 09:48:36.073
3074	107	124	5	8.19	-11.56	3.94	23.41	4.28	FAST_RELIABLE	2026-05-15 09:48:36.073
664	28	28	1	11.21	-16.86	3.33	24.12	3.8	GOOD_DELIVERY	2026-05-15 09:48:36.073
910	46	45	6	11.02	-8.89	13.04	11.79	4.26	REGULAR	2026-05-15 09:48:36.073
123	17	19	3	10.26	-11.32	15.00	35.77	2.95	REGULAR	2026-05-15 09:48:36.073
1992	33	36	1	12.39	-11.69	2.78	21.76	4.58	FAST_RELIABLE	2026-05-15 09:48:36.073
1451	1	1	0	10	-18	0.00	16.18	5	FAST_RELIABLE	2026-05-15 09:48:36.073
1205	3	3	1	19.67	-14.33	33.33	17.70	3.67	DELIVERY_RISK	2026-05-15 09:48:36.073
2533	3	3	0	5	-6.33	0.00	11.22	5	FAST_RELIABLE	2026-05-15 09:48:36.073
1746	1	1	1	86	35	100.00	108.96	1	DELIVERY_RISK	2026-05-15 09:48:36.073
1056	48	56	9	14.25	-10.93	16.07	14.54	3.77	REGULAR	2026-05-15 09:48:36.073
60	21	21	6	30.29	-1.95	27.27	32.76	3.36	REGULAR	2026-05-15 09:48:36.073
724	9	9	2	9	-16.89	20.00	17.35	3.9	REGULAR	2026-05-15 09:48:36.073
1222	16	16	1	13.31	-11.13	6.25	15.74	3.13	GOOD_DELIVERY	2026-05-15 09:48:36.073
226	4	2	2	34.5	2.5	50.00	17.31	1.75	DELIVERY_RISK	2026-05-15 09:48:36.073
1720	2	2	0	10	-14.5	0.00	17.88	5	FAST_RELIABLE	2026-05-15 09:48:36.073
558	3	3	0	12.33	-27.33	0.00	13.33	4.33	FAST_RELIABLE	2026-05-15 09:48:36.073
581	42	41	2	15.95	-10.22	4.76	54.63	4.43	FAST_RELIABLE	2026-05-15 09:48:36.073
2573	12	11	0	13.18	-16.09	0.00	17.52	4.17	FAST_RELIABLE	2026-05-15 09:48:36.073
2075	50	49	8	14.29	-9.35	16.00	19.98	3.84	REGULAR	2026-05-15 09:48:36.073
415	32	34	2	13.5	-14.47	5.71	34.00	3.94	GOOD_DELIVERY	2026-05-15 09:48:36.073
83	16	17	0	8.94	-13.12	0.00	18.26	4.59	FAST_RELIABLE	2026-05-15 09:48:36.073
2788	7	7	0	13.29	-9.86	0.00	19.08	4.29	FAST_RELIABLE	2026-05-15 09:48:36.073
1577	4	3	0	11.67	-15	0.00	15.44	5	FAST_RELIABLE	2026-05-15 09:48:36.073
2622	1	1	0	6	-19	0.00	14.10	5	FAST_RELIABLE	2026-05-15 09:48:36.073
1079	1	1	0	8	-15	0.00	53.47	5	FAST_RELIABLE	2026-05-15 09:48:36.073
2098	85	89	14	17.28	-7.75	15.73	20.13	4.03	REGULAR	2026-05-15 09:48:36.073
3094	59	57	8	13.84	-11.28	13.33	47.02	3.78	REGULAR	2026-05-15 09:48:36.073
2430	1	0	0	NULL	NULL	0.00	16.11	1	GOOD_DELIVERY	2026-05-15 09:48:36.073
1434	4	4	1	13	-4.75	25.00	68.15	4	REGULAR	2026-05-15 09:48:36.073
2931	3	2	0	6.5	-33	0.00	30.55	3.67	GOOD_DELIVERY	2026-05-15 09:48:36.073
2267	3	3	0	12	-20.33	0.00	30.16	4.67	FAST_RELIABLE	2026-05-15 09:48:36.073
1789	11	11	3	25.91	-5.73	27.27	32.22	3.55	REGULAR	2026-05-15 09:48:36.073
2908	67	84	8	10.38	-12.75	9.41	15.62	4.22	GOOD_DELIVERY	2026-05-15 09:48:36.073
867	33	31	1	18.06	-9.94	3.03	36.35	4.03	FAST_RELIABLE	2026-05-15 09:48:36.073
203	2	2	0	9	-5	0.00	24.56	5	FAST_RELIABLE	2026-05-15 09:48:36.073
2453	14	15	3	7.53	-3.07	20.00	13.41	4.47	REGULAR	2026-05-15 09:48:36.073
1912	2	3	0	6.33	-12.33	0.00	24.37	5	FAST_RELIABLE	2026-05-15 09:48:36.073
1248	1	1	0	5	-16	0.00	12.69	1	GOOD_DELIVERY	2026-05-15 09:48:36.073
2055	3	3	1	22.67	-9.33	33.33	20.82	3.33	DELIVERY_RISK	2026-05-15 09:48:36.073
1557	23	27	0	9.44	-14.04	0.00	14.40	4.41	FAST_RELIABLE	2026-05-15 09:48:36.073
1391	4	4	0	10	-20	0.00	21.76	4.75	FAST_RELIABLE	2026-05-15 09:48:36.073
893	1	1	0	12	-39	0.00	18.11	4	FAST_RELIABLE	2026-05-15 09:48:36.073
34	14	15	5	17.27	-5.93	29.41	18.36	3.59	REGULAR	2026-05-15 09:48:36.073
40	8	8	0	8.5	-15.38	0.00	18.03	4.5	FAST_RELIABLE	2026-05-15 09:48:36.073
1534	4	4	0	9.75	-16	0.00	37.41	4.5	FAST_RELIABLE	2026-05-15 09:48:36.073
2032	1	1	0	5	-14	0.00	18.73	4	FAST_RELIABLE	2026-05-15 09:48:36.073
1265	6	6	0	9.5	-16.83	0.00	18.75	4.17	FAST_RELIABLE	2026-05-15 09:48:36.073
1932	9	11	1	7.82	-6.64	9.09	12.48	3.64	GOOD_DELIVERY	2026-05-15 09:48:36.073
2596	77	82	8	13.94	-11.98	9.76	18.91	3.95	GOOD_DELIVERY	2026-05-15 09:48:36.073
601	1	0	0	NULL	NULL	0.00	20.43	1	GOOD_DELIVERY	2026-05-15 09:48:36.073
2765	3	5	0	14.8	-9.4	0.00	17.35	2.2	GOOD_DELIVERY	2026-05-15 09:48:36.073
183	3	3	0	8.33	-20	0.00	14.77	4	FAST_RELIABLE	2026-05-15 09:48:36.073
1955	699	732	40	13.6	-12.43	5.33	41.33	4.17	GOOD_DELIVERY	2026-05-15 09:48:36.073
1414	49	60	4	12.22	-13	6.56	15.52	4.52	GOOD_DELIVERY	2026-05-15 09:48:36.073
160	39	39	4	12.92	-14.95	9.76	19.93	3.85	GOOD_DELIVERY	2026-05-15 09:48:36.073
701	2	3	0	6.33	-10.33	0.00	19.62	4.67	FAST_RELIABLE	2026-05-15 09:48:36.073
1242	11	14	0	9.64	-19.93	0.00	28.09	4.5	FAST_RELIABLE	2026-05-15 09:48:36.073
1975	16	16	2	8.56	-8.06	12.50	45.17	4.75	REGULAR	2026-05-15 09:48:36.073
2224	39	39	3	10.46	-12.72	7.69	26.22	4.08	GOOD_DELIVERY	2026-05-15 09:48:36.073
1726	3	4	0	5.25	-11.5	0.00	11.02	4.75	FAST_RELIABLE	2026-05-15 09:48:36.073
1477	1	1	0	11	-14	0.00	22.76	4	FAST_RELIABLE	2026-05-15 09:48:36.073
1122	38	40	6	13.13	-9.25	14.63	26.28	4.2	REGULAR	2026-05-15 09:48:36.073
1620	3	3	0	5.33	-21.67	0.00	16.35	5	FAST_RELIABLE	2026-05-15 09:48:36.073
2118	1	1	0	10	-15	0.00	15.10	5	FAST_RELIABLE	2026-05-15 09:48:36.073
2616	2	2	2	30	10	100.00	15.95	1.5	DELIVERY_RISK	2026-05-15 09:48:36.073
2745	6	7	1	12	-8.86	14.29	16.27	4.14	REGULAR	2026-05-15 09:48:36.073
2012	8	8	0	19.38	-23.38	0.00	54.86	3.88	GOOD_DELIVERY	2026-05-15 09:48:36.073
103	12	12	0	8.33	-15.75	0.00	19.52	4.08	FAST_RELIABLE	2026-05-15 09:48:36.073
352	42	47	6	17.7	-8.28	12.50	36.27	3.92	REGULAR	2026-05-15 09:48:36.073
681	11	11	2	13.55	-6.82	18.18	20.29	3.82	REGULAR	2026-05-15 09:48:36.073
1763	5	7	0	8.71	-21.29	0.00	23.99	4.57	FAST_RELIABLE	2026-05-15 09:48:36.073
930	6	4	0	12	-16.75	0.00	31.56	3.5	GOOD_DELIVERY	2026-05-15 09:48:36.073
1371	1	1	0	2	-23	0.00	10.96	5	FAST_RELIABLE	2026-05-15 09:48:36.073
2994	43	48	2	11	-14.58	4.17	17.95	4.17	FAST_RELIABLE	2026-05-15 09:48:36.073
744	9	9	4	15	-7.56	40.00	20.80	3.8	DELIVERY_RISK	2026-05-15 09:48:36.073
2367	10	10	0	4.2	-10.7	0.00	11.57	4.3	FAST_RELIABLE	2026-05-15 09:48:36.073
289	6	6	0	9	-28.17	0.00	44.71	5	FAST_RELIABLE	2026-05-15 09:48:36.073
1285	1	1	0	7	-11	0.00	15.23	5	FAST_RELIABLE	2026-05-15 09:48:36.073
638	7	7	1	16.86	-10.57	14.29	24.61	3.57	REGULAR	2026-05-15 09:48:36.073
2808	8	14	2	10.29	-5.57	14.29	15.93	4.71	REGULAR	2026-05-15 09:48:36.073
2559	10	11	3	21.91	-10.64	27.27	22.82	3.64	REGULAR	2026-05-15 09:48:36.073
2553	2	2	0	4.5	-12	0.00	12.26	4.5	FAST_RELIABLE	2026-05-15 09:48:36.073
644	2	2	0	6.5	-13.5	0.00	19.61	4	FAST_RELIABLE	2026-05-15 09:48:36.073
2802	2	2	1	9	0	50.00	20.61	3	DELIVERY_RISK	2026-05-15 09:48:36.073
389	3	6	0	15.17	-16.33	0.00	15.90	5	FAST_RELIABLE	2026-05-15 09:48:36.073
395	1	1	1	45	13	100.00	14.52	0	DELIVERY_RISK	2026-05-15 09:48:36.073
2659	83	97	6	8.93	-12.66	6.19	15.56	4.51	GOOD_DELIVERY	2026-05-15 09:48:36.073
495	49	78	18	14.87	-8.65	23.08	24.90	3.42	REGULAR	2026-05-15 09:48:36.073
2702	69	77	3	9.75	-15.39	3.90	21.13	3.96	GOOD_DELIVERY	2026-05-15 09:48:36.073
1036	17	18	2	15.94	-10	11.11	25.51	4.28	REGULAR	2026-05-15 09:48:36.073
538	10	11	0	9.55	-14.55	0.00	25.68	4	FAST_RELIABLE	2026-05-15 09:48:36.073
2161	7	13	2	17.15	-8.62	15.38	36.57	4.85	REGULAR	2026-05-15 09:48:36.073
2018	53	53	1	13.09	-14.89	1.85	25.37	4.52	FAST_RELIABLE	2026-05-15 09:48:36.073
936	29	42	2	10.17	-14.95	4.76	12.54	4.1	FAST_RELIABLE	2026-05-15 09:48:36.073
1179	48	53	13	16.15	-7.79	23.64	16.45	2.87	REGULAR	2026-05-15 09:48:36.073
97	2	2	0	11.5	-11.5	0.00	18.60	2.5	GOOD_DELIVERY	2026-05-15 09:48:36.073
346	4	5	1	11.2	-6.8	20.00	16.04	3.2	REGULAR	2026-05-15 09:48:36.073
2851	1	1	0	6	-22	0.00	16.33	5	FAST_RELIABLE	2026-05-15 09:48:36.073
2261	2	2	0	6	-17	0.00	34.20	5	FAST_RELIABLE	2026-05-15 09:48:36.073
1328	149	157	3	10.41	-14.32	1.91	16.11	4.45	FAST_RELIABLE	2026-05-15 09:48:36.073
1869	49	55	4	13.47	-8.51	7.02	13.61	4.28	GOOD_DELIVERY	2026-05-15 09:48:36.073
787	20	23	0	4.48	-16.04	0.00	8.26	4.96	FAST_RELIABLE	2026-05-15 09:48:36.073
2410	24	26	0	7.65	-16.96	0.00	23.49	3.81	GOOD_DELIVERY	2026-05-15 09:48:36.073
2951	2	2	0	7.5	-7.5	0.00	18.65	5	FAST_RELIABLE	2026-05-15 09:48:36.073
475	97	107	5	11.13	-12.14	4.63	17.12	4.34	FAST_RELIABLE	2026-05-15 09:48:36.073
143	51	77	9	17.35	-14.84	11.54	18.91	3.45	REGULAR	2026-05-15 09:48:36.073
807	46	55	8	15.67	-11.33	14.04	17.01	4.18	REGULAR	2026-05-15 09:48:36.073
1139	2	1	1	18	5	50.00	12.00	1	DELIVERY_RISK	2026-05-15 09:48:36.073
1803	4	4	0	5.25	-7	0.00	15.81	4.25	FAST_RELIABLE	2026-05-15 09:48:36.073
1471	3	3	0	10.33	-7.33	0.00	17.48	4.33	FAST_RELIABLE	2026-05-15 09:48:36.073
120	18	18	0	11.67	-15.72	0.00	23.44	4.06	FAST_RELIABLE	2026-05-15 09:48:36.073
1116	16	17	1	12.71	-13.94	5.88	21.50	4.12	GOOD_DELIVERY	2026-05-15 09:48:36.073
784	7	9	0	7.33	-15.56	0.00	12.24	4	FAST_RELIABLE	2026-05-15 09:48:36.073
452	3	6	2	4.67	-2.67	33.33	7.52	5	DELIVERY_RISK	2026-05-15 09:48:36.073
1849	31	28	1	11.61	-13.79	3.23	17.41	4.1	FAST_RELIABLE	2026-05-15 09:48:36.073
1517	93	96	4	9.44	-11.01	4.08	13.70	4.34	FAST_RELIABLE	2026-05-15 09:48:36.073
1185	82	125	3	10.34	-17.16	2.40	20.73	3.34	GOOD_DELIVERY	2026-05-15 09:48:36.073
2845	11	11	3	12.64	-10.55	27.27	16.87	3.91	REGULAR	2026-05-15 09:48:36.073
853	1	1	0	21	-7	0.00	97.78	2	GOOD_DELIVERY	2026-05-15 09:48:36.073
2513	1	0	0	NULL	NULL	0.00	16.55	3	GOOD_DELIVERY	2026-05-15 09:48:36.073
2181	1	0	0	NULL	NULL	0.00	42.07	2	GOOD_DELIVERY	2026-05-15 09:48:36.073
166	131	135	5	11.62	-13	3.70	14.59	4.19	FAST_RELIABLE	2026-05-15 09:48:36.073
2490	185	187	13	15.49	-17.2	6.84	27.12	4.27	GOOD_DELIVERY	2026-05-15 09:48:36.073
498	18	22	3	19.59	-7.32	13.04	21.58	3.65	REGULAR	2026-05-15 09:48:36.073
2158	4	15	1	17	-6.27	6.67	27.51	1.4	GOOD_DELIVERY	2026-05-15 09:48:36.073
830	42	39	3	12.87	-12.46	7.14	18.53	4.05	GOOD_DELIVERY	2026-05-15 09:48:36.073
1494	2	1	0	13	-20	0.00	14.94	1.67	GOOD_DELIVERY	2026-05-15 09:48:36.073
1162	3	3	1	16.67	-10.67	33.33	17.59	4.67	DELIVERY_RISK	2026-05-15 09:48:36.073
1826	1	0	0	NULL	NULL	0.00	14.31	1	GOOD_DELIVERY	2026-05-15 09:48:36.073
2891	324	332	29	13.33	-11.18	8.53	15.29	3.86	GOOD_DELIVERY	2026-05-15 09:48:36.073
1640	8	8	2	13.63	-7.88	25.00	20.82	4.38	REGULAR	2026-05-15 09:48:36.073
306	4	4	0	5.75	-13	0.00	10.41	5	FAST_RELIABLE	2026-05-15 09:48:36.073
976	5	5	0	9.2	-26	0.00	25.28	4.2	FAST_RELIABLE	2026-05-15 09:48:36.073
312	2	2	0	9.5	-9.5	0.00	11.69	5	FAST_RELIABLE	2026-05-15 09:48:36.073
2304	2	2	0	14.5	-21.5	0.00	17.73	4	FAST_RELIABLE	2026-05-15 09:48:36.073
993	14	14	0	13.43	-18.43	0.00	31.72	4.79	FAST_RELIABLE	2026-05-15 09:48:36.073
2868	30	38	1	9.05	-11.97	2.63	15.14	3.76	GOOD_DELIVERY	2026-05-15 09:48:36.073
2991	24	24	9	16.88	-5.54	37.50	24.51	3.46	DELIVERY_RISK	2026-05-15 09:48:36.073
1663	12	12	1	6.58	-8	8.33	13.90	3.25	GOOD_DELIVERY	2026-05-15 09:48:36.073
2327	6	6	0	13.17	-13.17	0.00	14.56	3	GOOD_DELIVERY	2026-05-15 09:48:36.073
329	12	12	0	8.67	-12.25	0.00	74.13	4.33	FAST_RELIABLE	2026-05-15 09:48:36.073
2204	6	5	0	12.8	-14.6	0.00	36.75	4.17	FAST_RELIABLE	2026-05-15 09:48:36.073
3014	10	15	0	13.27	-18.07	0.00	27.78	2.93	GOOD_DELIVERY	2026-05-15 09:48:36.073
2350	12	14	0	8.07	-12.5	0.00	15.26	4.64	FAST_RELIABLE	2026-05-15 09:48:36.073
2496	11	11	1	11.27	-8.55	9.09	16.16	4.36	GOOD_DELIVERY	2026-05-15 09:48:36.073
3037	1	1	0	6	-18	0.00	17.92	5	FAST_RELIABLE	2026-05-15 09:48:36.073
1394	6	7	0	11.57	-11.43	0.00	24.77	4.43	FAST_RELIABLE	2026-05-15 09:48:36.073
2473	11	11	1	9.91	-11.18	9.09	20.83	3.82	GOOD_DELIVERY	2026-05-15 09:48:36.073
2141	7	9	2	6.22	-8	22.22	17.09	3.78	REGULAR	2026-05-15 09:48:36.073
2722	1	1	0	9	-26	0.00	18.00	5	FAST_RELIABLE	2026-05-15 09:48:36.073
2390	3	3	0	5	-19	0.00	13.39	4.67	FAST_RELIABLE	2026-05-15 09:48:36.073
575	18	31	1	10.35	-18.65	3.23	20.58	3.58	GOOD_DELIVERY	2026-05-15 09:48:36.073
2081	1	1	0	10	-30	0.00	23.54	3	GOOD_DELIVERY	2026-05-15 09:48:36.073
2782	7	8	0	6.5	-9.5	0.00	17.90	3.67	GOOD_DELIVERY	2026-05-15 09:48:36.073
1454	5	5	0	4	-13.2	0.00	10.83	5	FAST_RELIABLE	2026-05-15 09:48:36.073
1786	4	4	0	8.25	-13.25	0.00	10.88	5	FAST_RELIABLE	2026-05-15 09:48:36.073
3077	4	4	0	10.5	-11.25	0.00	24.24	3.75	GOOD_DELIVERY	2026-05-15 09:48:36.073
266	11	10	1	7.2	-14.2	9.09	22.94	4.55	GOOD_DELIVERY	2026-05-15 09:48:36.073
1262	26	26	0	5.62	-13.27	0.00	16.55	4.69	FAST_RELIABLE	2026-05-15 09:48:36.073
20	11	10	0	12.7	-18.3	0.00	25.24	4	FAST_RELIABLE	2026-05-15 09:48:36.073
1348	7	8	2	6.5	-5.13	25.00	13.64	4.25	REGULAR	2026-05-15 09:48:36.073
767	11	11	0	10.82	-12	0.00	18.60	3.64	GOOD_DELIVERY	2026-05-15 09:48:36.073
2095	1	0	0	NULL	NULL	0.00	28.18	1	GOOD_DELIVERY	2026-05-15 09:48:36.073
2344	9	9	1	15.67	-6	11.11	13.03	3.56	REGULAR	2026-05-15 09:48:36.073
1016	2	2	0	17	-10	0.00	16.32	4.5	FAST_RELIABLE	2026-05-15 09:48:36.073
1099	2	1	0	12	-7	0.00	11.59	3	GOOD_DELIVERY	2026-05-15 09:48:36.073
80	46	52	2	13.06	-12.69	3.85	28.39	3.97	GOOD_DELIVERY	2026-05-15 09:48:36.073
1703	61	61	1	11.21	-16.3	1.64	21.58	4.44	FAST_RELIABLE	2026-05-15 09:48:36.073
1949	6	17	0	10.82	-9.18	0.00	13.41	5	FAST_RELIABLE	2026-05-15 09:48:36.073
707	4	4	0	9.25	-8.75	0.00	30.67	5	FAST_RELIABLE	2026-05-15 09:48:36.073
621	1	1	0	4	-3	0.00	8.39	5	FAST_RELIABLE	2026-05-15 09:48:36.073
3031	1	1	0	22	-11	0.00	34.78	4	FAST_RELIABLE	2026-05-15 09:48:36.073
412	1	1	0	11	-16	0.00	14.42	3	GOOD_DELIVERY	2026-05-15 09:48:36.073
1408	1	1	0	8	-30	0.00	23.40	4	FAST_RELIABLE	2026-05-15 09:48:36.073
953	1	1	0	8	-16	0.00	21.61	5	FAST_RELIABLE	2026-05-15 09:48:36.073
2035	1	1	0	7	-10	0.00	11.30	4	FAST_RELIABLE	2026-05-15 09:48:36.073
2974	12	11	1	13	-8.55	7.69	15.67	3.08	GOOD_DELIVERY	2026-05-15 09:48:36.073
2636	9	12	0	10.83	-7.92	0.00	15.16	4.17	FAST_RELIABLE	2026-05-15 09:48:36.073
1308	10	9	0	12.11	-15.11	0.00	17.30	3.9	GOOD_DELIVERY	2026-05-15 09:48:36.073
561	1	1	0	8	-10	0.00	12.66	5	FAST_RELIABLE	2026-05-15 09:48:36.073
1889	2	2	0	10.5	-16.5	0.00	16.00	4	FAST_RELIABLE	2026-05-15 09:48:36.073
661	6	6	1	20	-11.67	16.67	63.08	4	REGULAR	2026-05-15 09:48:36.073
1995	1	2	0	14	-3	0.00	18.23	5	FAST_RELIABLE	2026-05-15 09:48:36.073
1202	1	1	0	24	-1	0.00	38.96	4	FAST_RELIABLE	2026-05-15 09:48:36.073
2536	1	1	0	8	-16	0.00	14.16	3	GOOD_DELIVERY	2026-05-15 09:48:36.073
2928	54	57	4	10.18	-13.11	6.78	13.71	3.95	GOOD_DELIVERY	2026-05-15 09:48:36.073
515	6	7	0	9.29	-18.43	0.00	28.36	5	FAST_RELIABLE	2026-05-15 09:48:36.073
1600	1	1	0	18	-21	0.00	18.00	4	FAST_RELIABLE	2026-05-15 09:48:36.073
2682	1	1	0	18	-11	0.00	16.98	5	FAST_RELIABLE	2026-05-15 09:48:36.073
369	1396	1918	182	15.5	-10.84	9.46	18.23	3.97	GOOD_DELIVERY	2026-05-15 09:48:36.073
2828	19	18	2	5.33	-6.28	10.53	9.67	4.11	REGULAR	2026-05-15 09:48:36.073
2287	4	4	1	22	-23.75	25.00	12.54	3.5	REGULAR	2026-05-15 09:48:36.073
1886	171	217	12	7.92	-10.1	5.41	11.58	3.88	GOOD_DELIVERY	2026-05-15 09:48:36.073
1388	79	85	18	23.68	-9.81	20.69	79.19	3.41	REGULAR	2026-05-15 09:48:36.073
890	8	5	1	22.6	-15.8	12.50	14.13	2	REGULAR	2026-05-15 09:48:36.073
392	32	50	5	12.2	-12.82	9.80	15.65	3.84	GOOD_DELIVERY	2026-05-15 09:48:36.073
1554	2	2	0	5.5	-11.5	0.00	28.09	4	FAST_RELIABLE	2026-05-15 09:48:36.073
1743	11	11	1	10.64	-10.73	9.09	13.45	4.27	GOOD_DELIVERY	2026-05-15 09:48:36.073
1909	5	7	1	16.14	-9.71	14.29	16.29	3.43	REGULAR	2026-05-15 09:48:36.073
249	3	3	0	19.67	-9	0.00	15.33	3	GOOD_DELIVERY	2026-05-15 09:48:36.073
2954	10	12	0	10.42	-21.67	0.00	19.24	4.33	FAST_RELIABLE	2026-05-15 09:48:36.073
1411	7	5	0	13.6	-26.8	0.00	23.12	3.13	GOOD_DELIVERY	2026-05-15 09:48:36.073
913	7	8	3	16.63	-2.88	37.50	14.98	3	DELIVERY_RISK	2026-05-15 09:48:36.073
1245	2	2	0	7	-12.5	0.00	10.94	4.5	FAST_RELIABLE	2026-05-15 09:48:36.073
747	2	2	0	14.5	-8	0.00	20.49	4.5	FAST_RELIABLE	2026-05-15 09:48:36.073
2407	1	1	0	8	-9	0.00	15.23	5	FAST_RELIABLE	2026-05-15 09:48:36.073
1766	22	29	1	10.38	-12.34	3.45	13.13	4.21	FAST_RELIABLE	2026-05-15 09:48:36.073
180	46	52	1	9.94	-14.06	1.92	19.01	4.21	FAST_RELIABLE	2026-05-15 09:48:36.073
2762	7	7	0	7.71	-19.57	0.00	20.66	4.86	FAST_RELIABLE	2026-05-15 09:48:36.073
1102	14	13	1	6.62	-10.38	7.14	17.86	3.86	GOOD_DELIVERY	2026-05-15 09:48:36.073
2599	6	6	1	17.5	-15.33	16.67	54.06	4.83	REGULAR	2026-05-15 09:48:36.073
1935	3	3	1	24.33	-3	33.33	24.16	3.67	DELIVERY_RISK	2026-05-15 09:48:36.073
2244	42	38	1	9.76	-13.34	2.38	21.26	3.88	GOOD_DELIVERY	2026-05-15 09:48:36.073
535	16	16	2	10.19	-9.31	12.50	30.09	4.13	REGULAR	2026-05-15 09:48:36.073
2576	10	11	0	8.73	-12.91	0.00	25.56	3.64	GOOD_DELIVERY	2026-05-15 09:48:36.073
1580	4	4	0	8	-18	0.00	18.31	4.75	FAST_RELIABLE	2026-05-15 09:48:36.073
2121	11	11	0	10.45	-10.36	0.00	13.04	4.82	FAST_RELIABLE	2026-05-15 09:48:36.073
2785	1	1	0	6	-7	0.00	7.39	5	FAST_RELIABLE	2026-05-15 09:48:36.073
555	202	197	28	17.88	-10.12	13.21	15.24	2.66	REGULAR	2026-05-15 09:48:36.073
2885	7	4	2	52.5	27	25.00	14.93	2	REGULAR	2026-05-15 09:48:36.073
2476	10	10	0	9.2	-11.7	0.00	17.34	4	FAST_RELIABLE	2026-05-15 09:48:36.073
2642	12	13	0	7.54	-14.08	0.00	19.68	4.77	FAST_RELIABLE	2026-05-15 09:48:36.073
57	10	8	1	17.88	-10.25	10.00	20.70	3.2	GOOD_DELIVERY	2026-05-15 09:48:36.073
727	21	20	3	8.1	-13.55	13.64	16.31	4.27	REGULAR	2026-05-15 09:48:36.073
2221	2	2	0	7	-19	0.00	17.88	4	FAST_RELIABLE	2026-05-15 09:48:36.073
721	3	3	0	7.67	-12.67	0.00	11.69	4.33	FAST_RELIABLE	2026-05-15 09:48:36.073
2719	1	0	0	NULL	NULL	0.00	14.10	1	GOOD_DELIVERY	2026-05-15 09:48:36.073
1368	5	8	4	10.25	-3.38	50.00	32.30	4.63	DELIVERY_RISK	2026-05-15 09:48:36.073
704	4	4	0	8.25	-25.75	0.00	22.09	4.75	FAST_RELIABLE	2026-05-15 09:48:36.073
206	2	2	0	6	-6.5	0.00	8.51	4.5	FAST_RELIABLE	2026-05-15 09:48:36.073
870	1	1	0	6	-13	0.00	7.87	5	FAST_RELIABLE	2026-05-15 09:48:36.073
1268	16	20	2	11.8	-10.2	9.09	64.53	4	GOOD_DELIVERY	2026-05-15 09:48:36.073
847	3	3	1	13.67	-6	33.33	22.67	3.67	DELIVERY_RISK	2026-05-15 09:48:36.073
2101	10	10	0	8.3	-25.2	0.00	28.36	4.5	FAST_RELIABLE	2026-05-15 09:48:36.073
14	1	2	0	25	-30	0.00	14.59	4	FAST_RELIABLE	2026-05-15 09:48:36.073
1929	2	0	0	NULL	NULL	0.00	12.66	1	GOOD_DELIVERY	2026-05-15 09:48:36.073
2619	73	73	1	9.79	-16.08	1.37	22.79	4.55	FAST_RELIABLE	2026-05-15 09:48:36.073
2078	103	101	3	9.35	-18.11	2.88	29.00	4.48	FAST_RELIABLE	2026-05-15 09:48:36.073
37	42	42	4	8.12	-10.74	9.52	18.37	4.43	GOOD_DELIVERY	2026-05-15 09:48:36.073
578	16	19	0	4	-7.42	0.00	8.45	4.84	FAST_RELIABLE	2026-05-15 09:48:36.073
2742	2	0	0	NULL	NULL	0.00	20.37	2	GOOD_DELIVERY	2026-05-15 09:48:36.073
2805	8	9	0	8.33	-17.67	0.00	15.79	4.78	FAST_RELIABLE	2026-05-15 09:48:36.073
2307	35	43	1	10.51	-12	2.33	16.08	4.42	FAST_RELIABLE	2026-05-15 09:48:36.073
1809	3	4	0	7.75	-23.5	0.00	14.67	4.5	FAST_RELIABLE	2026-05-15 09:48:36.073
2058	10	13	0	4.92	-7.62	0.00	10.10	4.77	FAST_RELIABLE	2026-05-15 09:48:36.073
3054	3	7	4	15.86	-1.86	57.14	71.40	3.14	DELIVERY_RISK	2026-05-15 09:48:36.073
2556	2	2	0	22	-16.5	0.00	20.25	3	GOOD_DELIVERY	2026-05-15 09:48:36.073
243	6	6	1	17.17	-7.83	16.67	19.01	4.33	REGULAR	2026-05-15 09:48:36.073
2948	85	89	0	10.57	-12.97	0.00	23.85	4.11	FAST_RELIABLE	2026-05-15 09:48:36.073
1288	2	3	0	14.67	-24.33	0.00	33.64	4	FAST_RELIABLE	2026-05-15 09:48:36.073
2911	2	2	0	9	-10	0.00	11.83	4	FAST_RELIABLE	2026-05-15 09:48:36.073
790	4	4	0	12.5	-21	0.00	14.86	5	FAST_RELIABLE	2026-05-15 09:48:36.073
2413	2	2	0	10.5	-15.5	0.00	32.27	3.5	GOOD_DELIVERY	2026-05-15 09:48:36.073
2450	1	1	0	8	-20	0.00	14.52	5	FAST_RELIABLE	2026-05-15 09:48:36.073
435	3	4	0	14.75	-16.5	0.00	15.14	3.75	GOOD_DELIVERY	2026-05-15 09:48:36.073
598	5	5	2	6.2	-5.4	33.33	9.30	2.83	DELIVERY_RISK	2026-05-15 09:48:36.073
349	12	17	1	9	-9.41	5.88	12.03	4.24	GOOD_DELIVERY	2026-05-15 09:48:36.073
1431	4	3	0	10	-11	0.00	32.80	3.5	GOOD_DELIVERY	2026-05-15 09:48:36.073
684	3	4	0	15.25	-21.75	0.00	22.59	4	FAST_RELIABLE	2026-05-15 09:48:36.073
1680	1	1	0	13	-10	0.00	22.22	5	FAST_RELIABLE	2026-05-15 09:48:36.073
2699	22	25	1	12.08	-12.04	4.00	18.41	3.88	GOOD_DELIVERY	2026-05-15 09:48:36.073
1076	61	64	0	10.73	-16.78	0.00	18.53	4.44	FAST_RELIABLE	2026-05-15 09:48:36.073
1617	7	13	3	20	-11.08	23.08	18.61	3.77	REGULAR	2026-05-15 09:48:36.073
2662	1	1	0	15	-6	0.00	14.44	1	GOOD_DELIVERY	2026-05-15 09:48:36.073
1039	2	3	0	10.67	-11	0.00	12.53	4.67	FAST_RELIABLE	2026-05-15 09:48:36.073
1225	65	65	9	9.49	-10.8	13.43	13.76	4.42	REGULAR	2026-05-15 09:48:36.073
1474	18	18	0	10.06	-15.5	0.00	19.73	4.78	FAST_RELIABLE	2026-05-15 09:48:36.073
1972	2	0	0	NULL	NULL	0.00	71.54	1	GOOD_DELIVERY	2026-05-15 09:48:36.073
1723	2	2	0	12.5	-18	0.00	23.38	2.5	GOOD_DELIVERY	2026-05-15 09:48:36.073
1325	114	126	2	12.06	-11.91	1.56	21.65	4.35	FAST_RELIABLE	2026-05-15 09:48:36.073
1331	4	4	0	9.5	-15.5	0.00	16.93	4.5	FAST_RELIABLE	2026-05-15 09:48:36.073
1866	1	1	0	9	-13	0.00	15.10	4	FAST_RELIABLE	2026-05-15 09:48:36.073
1872	1	6	0	2	-10	0.00	7.46	5	FAST_RELIABLE	2026-05-15 09:48:36.073
100	120	124	5	9.63	-11.81	3.97	16.99	4.48	FAST_RELIABLE	2026-05-15 09:48:36.073
1182	16	16	0	10.25	-14.25	0.00	17.74	4.75	FAST_RELIABLE	2026-05-15 09:48:36.073
933	1	1	0	8	-11	0.00	12.45	5	FAST_RELIABLE	2026-05-15 09:48:36.073
2264	12	12	2	12.67	-10.75	15.38	16.39	4.15	REGULAR	2026-05-15 09:48:36.073
2015	3	4	1	9.5	-8.25	25.00	16.27	4.25	REGULAR	2026-05-15 09:48:36.073
2164	42	40	1	9.13	-15.5	2.38	23.17	4.67	FAST_RELIABLE	2026-05-15 09:48:36.073
1033	75	79	26	27.06	-1.89	31.33	25.61	2.73	DELIVERY_RISK	2026-05-15 09:48:36.073
1574	9	10	1	17.4	-15.3	10.00	48.43	2.4	GOOD_DELIVERY	2026-05-15 09:48:36.073
2115	46	45	2	15.42	-11.4	4.35	24.47	4.11	FAST_RELIABLE	2026-05-15 09:48:36.073
1623	2	0	0	NULL	NULL	0.00	63.82	1	GOOD_DELIVERY	2026-05-15 09:48:36.073
492	5	5	0	10.6	-16	0.00	22.83	4	FAST_RELIABLE	2026-05-15 09:48:36.073
2656	4	4	0	8	-16	0.00	13.60	4	FAST_RELIABLE	2026-05-15 09:48:36.073
2705	2	0	0	NULL	NULL	0.00	22.72	2.5	GOOD_DELIVERY	2026-05-15 09:48:36.073
1082	1	0	0	NULL	NULL	0.00	58.90	2	GOOD_DELIVERY	2026-05-15 09:48:36.073
541	1	1	0	5	-14	0.00	10.96	5	FAST_RELIABLE	2026-05-15 09:48:36.073