seller_sk	seller_id	seller_zip_code_prefix	seller_city	seller_state	first_sale_date	last_sale_date	total_orders	total_items_sold	total_sales_amount	avg_item_price	is_top_seller	dwh_create_date
1	0015a82c2db000af6aaaf3ae2ecb0532	9080	santo andre	SP	2017-09-26	2017-10-18	3	3	2685.00	895.00	0	2026-05-13 13:24:56.700
2	001cca7ae9ae17fb1caed9dfb1094831	29156	cariacica	ES	2017-02-04	2018-07-12	200	239	25080.03	104.94	0	2026-05-13 13:24:56.700
3	001e6ad469a905060d959994f1b41e4f	24754	sao goncalo	RJ	2018-08-07	2018-08-07	1	1	250.00	250.00	0	2026-05-13 13:24:56.700
4	002100f778ceb8431b7a1020ff7ab48f	14405	franca	SP	2017-09-14	2018-04-12	51	55	1234.50	22.45	0	2026-05-13 13:24:56.700
5	003554e2dce176b5555353e4f3555ac8	74565	goiania	GO	2017-12-15	2017-12-15	1	1	120.00	120.00	0	2026-05-13 13:24:56.700
6	004c9cd9d87a3c30c522c48c4fc07416	14940	ibitinga	SP	2017-01-27	2018-05-03	158	170	19712.71	115.96	0	2026-05-13 13:24:56.700
7	00720abe85ba0859807595bbf045a33b	7070	guarulhos	SP	2018-01-27	2018-08-03	13	26	1007.50	38.75	0	2026-05-13 13:24:56.700
8	00ab3eff1b5192e5f1a63bcecfee11c8	4164	sao paulo	SP	2017-03-18	2017-03-18	1	1	98.00	98.00	0	2026-05-13 13:24:56.700
9	00d8b143d12632bad99c0ad66ad52825	30170	belo horizonte	MG	2018-03-21	2018-03-21	1	1	86.00	86.00	0	2026-05-13 13:24:56.700
10	00ee68308b45bc5e2660cd833c3f81cc	3333	sao paulo	SP	2017-09-19	2018-07-30	135	172	20260.00	117.79	0	2026-05-13 13:24:56.700
11	00fc707aaaad2d31347cf883cd2dfe10	87025	maringa	PR	2018-01-31	2018-06-13	103	135	12684.90	93.96	0	2026-05-13 13:24:56.700
12	010543a62bd80aa422851e79a3bc7540	1212	sao paulo	SP	2017-07-04	2017-08-02	2	2	1416.00	708.00	0	2026-05-13 13:24:56.700
13	010da0602d7774602cd1b3f5fb7b709e	9710	sao bernardo do campo	SP	2018-06-06	2018-06-06	1	5	849.50	169.90	0	2026-05-13 13:24:56.700
14	011b0eaba87386a2ae96a7d32bb531d1	17580	pompeia	SP	2016-10-06	2016-10-06	1	2	99.98	49.99	0	2026-05-13 13:24:56.700
15	01266d4c46afa519678d16a8b683d325	80250	curitiba	PR	2018-08-02	2018-08-20	3	3	90.25	30.08	0	2026-05-13 13:24:56.700
16	013900e863eace745d3ec7614cab5b1a	80740	curitiba	PR	2017-03-04	2018-04-13	23	26	1619.70	62.30	0	2026-05-13 13:24:56.700
17	014c0679dd340a0e338872e7ec85666a	35180	timoteo	MG	2017-01-26	2018-07-04	14	15	7058.00	470.53	0	2026-05-13 13:24:56.700
18	014d9a685fd57276679edd00e07089e5	87015	maringa	PR	2017-11-21	2018-08-17	11	12	729.88	60.82	0	2026-05-13 13:24:56.700
19	0176f73cc1195f367f7b32db1e5b3aa8	14940	ibitinga	SP	2017-11-16	2018-08-13	38	39	4733.10	121.36	0	2026-05-13 13:24:56.700
20	01bcc9d254a0143f0ce9791b960b2a47	76400	uruacu	GO	2017-08-12	2018-02-02	11	11	1521.21	138.29	0	2026-05-13 13:24:56.700
21	01c97ebb5cdac52891c0ed1c37ba0012	15804	catanduva	SP	2017-04-13	2018-07-31	9	12	577.50	48.12	0	2026-05-13 13:24:56.700
22	01cf7e3d21494c41fb86034f2e714fa1	85603	francisco beltrao	PR	2016-10-06	2018-02-26	61	67	9729.36	145.21	0	2026-05-13 13:24:56.700
23	01ed254b9ff8407dfb9d99ba1e17d923	8710	mogi das cruzes	SP	2017-08-04	2017-11-08	5	5	1465.99	293.20	0	2026-05-13 13:24:56.700
24	01fd077212124329bac32490e8ef80d9	14079	ribeirao preto / sao paulo	SP	2018-04-16	2018-08-24	31	39	1208.00	30.97	0	2026-05-13 13:24:56.700
25	01fdefa7697d26ad920e9e0346d4bd1b	86050	londrina	PR	2017-04-26	2018-08-20	129	131	14921.43	113.90	0	2026-05-13 13:24:56.700
26	0241d4d5d36f10f80c644447315af0bd	80330	curitiba	PR	2017-10-08	2018-08-28	238	246	31397.70	127.63	0	2026-05-13 13:24:56.700
27	0249d282d911d23cb8b869ab49c99f53	5676	sao paulo	SP	2017-09-18	2018-03-22	11	11	393.00	35.73	0	2026-05-13 13:24:56.700
28	024b564ae893ce8e9bfa02c10a401ece	3280	sao paulo	SP	2016-10-05	2017-02-12	2	8	706.40	88.30	0	2026-05-13 13:24:56.700
29	028872bfa080090a9d0abd4f1af168f8	33940	ribeirao das neves	MG	2017-08-19	2017-08-19	1	3	70.50	23.50	0	2026-05-13 13:24:56.700
30	02a2272692e13558373c66db98f05e2e	20040	rio de janeiro	RJ	2017-02-06	2017-03-08	2	2	54.98	27.49	0	2026-05-13 13:24:56.700
31	02b72cdeb9cfcc429f1af6f4e3f3b737	14940	ibitinga	SP	2018-07-25	2018-08-22	4	4	522.65	130.66	0	2026-05-13 13:24:56.700
32	02c988090b766852e088c69d7fb3b551	13473	americana	SP	2017-07-16	2018-08-15	13	17	1618.65	95.21	0	2026-05-13 13:24:56.700
33	02d35243ea2e497335cd0f076b45675d	59077	natal	RN	2017-04-29	2018-08-02	14	16	5794.00	362.13	0	2026-05-13 13:24:56.700
34	02dcd3e8e25bee036e32512bcf175493	32310	contagem	MG	2017-10-28	2018-08-22	14	17	1491.90	87.76	0	2026-05-13 13:24:56.700
35	02ecc2a19303f05e59ce133fd923fff7	9121	santo andre	SP	2017-06-18	2018-08-21	21	24	5264.19	219.34	0	2026-05-13 13:24:56.700
36	02f5837340d7eb4f653d676c7256523a	80620	curitiba	PR	2017-11-01	2018-08-08	30	30	3883.05	129.43	0	2026-05-13 13:24:56.700
37	02f623a8eb246f3c5f7c2f96462654e6	18611	botucatu	SP	2018-04-25	2018-08-22	44	44	6378.00	144.95	0	2026-05-13 13:24:56.700
38	0307f7565ff85b299b6e5ef162b1b1a9	15085	sao jose do rio preto	SP	2016-10-10	2017-05-25	7	7	4728.80	675.54	0	2026-05-13 13:24:56.700
39	0336182e1b3e92f029d5354832045fdf	14940	ibitinga	SP	2016-10-05	2016-10-05	1	2	29.80	14.90	0	2026-05-13 13:24:56.700
40	034b9387752bfa309f350a70cd45ffa3	89036	blumenau	SC	2018-04-11	2018-08-22	8	8	96.00	12.00	0	2026-05-13 13:24:56.700
41	038b75b729c8a9a04b0d07cba7eabe86	12231	sao jose dos campos	SP	2018-04-20	2018-04-22	2	2	467.00	233.50	0	2026-05-13 13:24:56.700
42	039b29ff3b3473435d0cd59040575de9	9443	ribeirao pires	SP	2018-04-26	2018-08-23	9	9	114.90	12.77	0	2026-05-13 13:24:56.700
43	039e6ad9dae79614493083e241147386	3560	sao paulo	SP	2018-04-03	2018-07-10	5	5	12925.00	2585.00	0	2026-05-13 13:24:56.700
44	03a2a6dcbe45d639c4dc2a0d24769c40	9340	maua	SP	2018-03-13	2018-08-15	9	9	1078.41	119.82	0	2026-05-13 13:24:56.700
45	03bd479e1d9484cdb14104d3023f7321	38401	uberlandia	MG	2018-05-09	2018-07-24	3	3	359.70	119.90	0	2026-05-13 13:24:56.700
46	0417b067eeab773d2f7061a726dc477f	89288	sao bento do sul	SC	2018-03-01	2018-08-20	13	13	1859.18	143.01	0	2026-05-13 13:24:56.700
47	042573af89b6d931f672efaf789d8358	18015	sorocaba	SP	2018-01-21	2018-02-11	3	3	413.48	137.83	0	2026-05-13 13:24:56.700
48	04308b1ee57b6625f47df1d56f00eedf	88215	bombinhas	SC	2017-11-14	2018-08-12	94	94	60130.60	639.69	0	2026-05-13 13:24:56.700
49	0432ead42b6c8a0bdf68154add917fdf	9320	maua	SP	2017-04-02	2018-07-27	85	90	7792.10	86.58	0	2026-05-13 13:24:56.700
50	044668ccd5316b12a7cf0d54a156e3e9	6016	osasco	SP	2018-08-08	2018-08-20	3	4	137.80	34.45	0	2026-05-13 13:24:56.700
51	04843805947f0fc584fc1969b6e50fe7	93900	ivoti	RS	2018-08-05	2018-08-05	1	2	1400.00	700.00	0	2026-05-13 13:24:56.700
52	048c2757535328e0d7dac690ad3c0aae	14406	franca	SP	2017-03-04	2018-08-21	51	51	9264.78	181.66	0	2026-05-13 13:24:56.700
53	04aa0a1c5ce6b222003403a3e11c3cc0	13150	cosmopolis	SP	2017-03-22	2018-01-24	11	17	5518.00	324.59	0	2026-05-13 13:24:56.700
54	04aba03279157f6d4e0fe8ccaf21963c	28470	santo antonio de padua	RJ	2017-05-10	2018-08-26	16	16	2575.90	160.99	0	2026-05-13 13:24:56.700
55	04e38a233f726ef161074ab1c9b0399a	1239	sao paulo	SP	2017-09-15	2018-05-05	23	28	1352.20	48.29	0	2026-05-13 13:24:56.700
56	04ee0ec01589969663ba5967c0e0bdc0	95910	lajeado	RS	2018-08-21	2018-08-21	1	1	289.49	289.49	0	2026-05-13 13:24:56.700
57	04fdea0c111866e6cf812f1570d6b5bd	8411	sao paulo	SP	2017-10-14	2018-01-31	10	10	1055.00	105.50	0	2026-05-13 13:24:56.700
58	0509040ea3fe50071181bbc359eb7738	31710	belo horizonte	MG	2017-05-03	2018-08-02	89	98	3737.95	38.14	0	2026-05-13 13:24:56.700
59	052577151711aec5c744fe12e66db3e1	89136	rodeio	SC	2017-10-26	2017-12-20	4	4	2748.00	687.00	0	2026-05-13 13:24:56.700
60	054694fa03fe82cec4b7551487331d74	15840	itajobi	SP	2017-01-07	2018-04-09	21	22	9983.10	453.78	0	2026-05-13 13:24:56.700
61	056b4ada5bbc2c50cc7842547dda6b51	26379	queimados	RJ	2017-12-01	2018-08-23	65	66	12333.39	186.87	0	2026-05-13 13:24:56.700
62	0570350b23eda5444f8d1d9544932058	5104	sao paulo	SP	2018-04-12	2018-05-22	6	11	626.90	56.99	0	2026-05-13 13:24:56.700
63	05730013efda596306417c3b09302475	88813	criciuma	SC	2018-07-06	2018-08-22	4	4	952.00	238.00	0	2026-05-13 13:24:56.700
64	058cb5aeb36d7c0fcae20fc85d5e0a59	21635	rio de janeiro	RJ	2017-09-25	2018-08-14	12	13	1328.00	102.15	0	2026-05-13 13:24:56.700
65	058fd0aa2bfdb2274e05e1ae971dabb6	9020	santo andre	SP	2017-08-03	2018-06-07	61	64	7667.90	119.81	0	2026-05-13 13:24:56.700
66	05a48cc8859962767935ab9087417fbb	5372	sao paulo	SP	2018-08-02	2018-08-02	1	1	42.90	42.90	0	2026-05-13 13:24:56.700
67	05a940b4ecae36cadfd8e93bd9c43257	74305	goiania	GO	2017-07-16	2018-02-19	10	10	952.00	95.20	0	2026-05-13 13:24:56.700
68	05aebce0b5c8f0d41b29b686f2d05fd3	3962	sao paulo	SP	2018-03-05	2018-08-10	2	2	74.99	37.50	0	2026-05-13 13:24:56.700
69	05ca864204d09595ae591b93ea9cf93d	6465	barueri	SP	2018-08-16	2018-08-16	1	1	179.90	179.90	0	2026-05-13 13:24:56.700
70	05d2173d43ea568aa0540eba70d2ca76	37135	alfenas	MG	2017-09-27	2018-08-12	62	66	5759.66	87.27	0	2026-05-13 13:24:56.700
71	05e107217c7266362fd44b75b2cd4cc4	5353	sao paulo - sp	SP	2018-06-29	2018-08-21	5	8	193.38	24.17	0	2026-05-13 13:24:56.700
72	05f51e13da97139648b8125c31e5f51b	31910	belo horizonte	MG	2017-07-10	2018-03-23	60	63	13769.01	218.56	0	2026-05-13 13:24:56.700
73	05feb94f19d094d4b0f9281f0b1d4c99	8752	mogi das cruzes	SP	2017-08-14	2018-02-18	6	6	9353.00	1558.83	0	2026-05-13 13:24:56.700
74	05ff92fedb5be47920fea08e501238b9	98803	santo angelo	RS	2016-10-04	2018-08-07	59	62	21992.78	354.72	0	2026-05-13 13:24:56.700
75	062c325cd6a2b87845fab56b4ec2eeae	8150	sao paulo	SP	2018-05-07	2018-08-01	2	2	133.22	66.61	0	2026-05-13 13:24:56.700
76	062ce95fa2ad4dfaedfc79260130565f	95913	lajeado	RS	2017-01-26	2017-09-10	55	60	7521.00	125.35	0	2026-05-13 13:24:56.700
77	06532f10282704ef4c69168b914b77be	87140	paincandu	PR	2017-03-03	2017-08-18	8	9	10220.50	1135.61	0	2026-05-13 13:24:56.700
78	06579cb253ecd5a3a12a9e6eb6bf8f47	4007	sao paulo - sp	SP	2017-08-03	2018-08-11	62	72	4727.20	65.66	0	2026-05-13 13:24:56.700
79	066a6914e1ebf3ea95a216c73a986b91	85863	foz do iguacu	PR	2016-10-06	2018-08-10	68	74	9410.38	127.17	0	2026-05-13 13:24:56.700
80	0691148aee60ca47977c187804f935ae	86010	londrina	PR	2017-11-24	2018-08-27	47	53	5868.51	110.73	0	2026-05-13 13:24:56.700
81	0692610d8abe24f287e9fae90ea0bbee	2310	sao paulo	SP	2018-06-02	2018-08-22	4	4	173.99	43.50	0	2026-05-13 13:24:56.700
82	06a2c3af7b3aee5d69171b0e14f0ee87	65072	sao luis	MA	2018-01-19	2018-08-22	392	405	36408.95	89.90	0	2026-05-13 13:24:56.700
83	06bb3a2fe5e7b7a845b13e8fb91bd944	31844	belo horizonte	MG	2017-09-11	2018-06-24	17	18	1536.19	85.34	0	2026-05-13 13:24:56.700
84	06df0c10d34e459d9672bc77388742eb	87045	maringa	PR	2018-03-16	2018-08-06	26	30	9070.00	302.33	0	2026-05-13 13:24:56.700
85	06e5eefc71ec47ae763c5c6f8db7064f	91350	porto alegre	RS	2017-04-25	2018-08-22	92	95	22188.56	233.56	0	2026-05-13 13:24:56.700
86	07017df32dc5f2f1d2801e579548d620	58030	joao pessoa	PB	2017-03-08	2018-07-29	8	9	946.49	105.17	0	2026-05-13 13:24:56.700
87	070d165398b553f3b4b851c216b8a358	3916	sao paulo	SP	2017-08-24	2018-08-16	32	39	3393.16	87.00	0	2026-05-13 13:24:56.700
88	0725b8c0f3f906e58f70cbe76b7c748c	7023	guarulhos	SP	2017-01-20	2018-08-07	17	37	2190.30	59.20	0	2026-05-13 13:24:56.700
89	0743a0239d764b9a0f959a57d07e36ab	3138	sao paulo	SP	2018-07-24	2018-08-04	4	4	336.96	84.24	0	2026-05-13 13:24:56.700
90	0747d5bb69f0586cc869d8af4c50f93e	28990	saquarema	RJ	2016-10-06	2017-06-25	14	15	346.60	23.11	0	2026-05-13 13:24:56.700
91	0761743cbffb25d7148189e9f1a5f03a	14096	ribeirao preto	SP	2017-11-30	2018-02-02	3	7	241.20	34.46	0	2026-05-13 13:24:56.700
92	077c5fae4bea9500e3737b16f71b9d3a	18052	sorocaba	SP	2017-09-19	2018-06-22	4	6	106.80	17.80	0	2026-05-13 13:24:56.700
93	0791d9fc1e30678ecf03d3e55fa108d3	30775	belo horizonte	MG	2018-05-15	2018-07-24	5	11	842.00	76.55	0	2026-05-13 13:24:56.700
94	079d295dcbf06ee8bb1b65ba964eb2b6	2124	sao paulo	SP	2018-06-25	2018-08-09	5	10	349.30	34.93	0	2026-05-13 13:24:56.700
95	07a9bc7f61396b658ddf3ac534efe44c	2925	sao paulo	SP	2017-06-26	2017-06-26	1	1	119.90	119.90	0	2026-05-13 13:24:56.700
96	07bf9669d84d1f11be443a9dd938f698	4761	sao paulo	SP	2017-03-08	2018-06-27	18	24	1776.00	74.00	0	2026-05-13 13:24:56.700
97	07d75e33f2750d97d467fb57e4dfdd8a	2117	sao paulo	SP	2018-03-06	2018-05-07	2	2	722.40	361.20	0	2026-05-13 13:24:56.700
98	07de60b03d150fb3ea09eab5da5e4c8b	14940	ibitinga	SP	2018-01-31	2018-08-18	9	9	719.10	79.90	0	2026-05-13 13:24:56.700
99	07e8e8fc5222bb358e6f259da3197074	4216	sao paulo	SP	2018-02-21	2018-08-08	2	2	51.80	25.90	0	2026-05-13 13:24:56.700
100	080102cd0a76b09e0dcf55fcacc60e05	31140	belo horizonte	MG	2017-07-23	2018-08-26	124	130	5716.78	43.98	0	2026-05-13 13:24:56.700
101	080199a181c46c657dc5aa235411be3b	6097	osasco	SP	2017-09-20	2018-08-24	79	83	14504.20	174.75	0	2026-05-13 13:24:56.700
102	08061dc0fc165ed41288cc7acde738ee	6036	osasco	SP	2017-03-23	2017-11-14	4	4	123.80	30.95	0	2026-05-13 13:24:56.700
103	08084d990eb3f53af056ccbc1730c8a7	3612	sao paulo	SP	2018-02-08	2018-08-14	12	12	372.50	31.04	0	2026-05-13 13:24:56.700
104	081acf3de680d554796c9cf041be7bc2	33200	vespasiano	MG	2017-11-27	2018-05-23	4	8	1597.30	199.66	0	2026-05-13 13:24:56.700
105	082e0bf4cb865a6533b1e8e498cc0255	18608	botucatu	SP	2017-10-29	2018-08-17	11	23	2073.30	90.14	0	2026-05-13 13:24:56.700
106	085f6f7e049c996695fb2074fe38d45e	12020	taubate	SP	2018-02-26	2018-05-02	6	8	305.40	38.17	0	2026-05-13 13:24:56.700
107	08633c14ef2db992c11f840f04fad4cd	9416	ribeirao pires	SP	2017-12-13	2018-08-24	74	97	7644.30	78.81	0	2026-05-13 13:24:56.700
108	0873d9f8f36123f8d910f4760e788cfb	6465	barueri	SP	2018-05-07	2018-08-14	6	6	7265.59	1210.93	0	2026-05-13 13:24:56.700
109	0885aaf116795758dfeb5f1032487bcd	8541	ferraz de vasconcelos	SP	2017-12-14	2018-08-19	28	30	2648.00	88.27	0	2026-05-13 13:24:56.700
110	0887a9f087bcd5d9f6642b52f897fc6c	11990	cananeia	SP	2017-02-02	2017-08-05	12	12	1642.00	136.83	0	2026-05-13 13:24:56.700
111	08ad4ac1388e4420ca531c3edfc46198	6663	itapevi	SP	2018-06-11	2018-08-18	6	7	221.62	31.66	0	2026-05-13 13:24:56.700
112	08cdbae123ff67ca4e36d9d641ce0119	36504	uba	MG	2018-02-20	2018-07-29	4	6	3098.99	516.50	0	2026-05-13 13:24:56.700
113	08d0949a9a17c027262db1f3c450c26c	85804	cascavel	PR	2017-08-21	2018-08-23	12	12	324.80	27.07	0	2026-05-13 13:24:56.700
114	08d1c9478fb0d7d7fcac9c0da4e82fc7	31110	belo horizonte	MG	2018-06-12	2018-06-12	1	1	538.00	538.00	0	2026-05-13 13:24:56.700
115	08d2d642cf72b622b14dde1d2f5eb2f5	17512	marilia	SP	2017-02-12	2017-12-06	17	21	914.00	43.52	0	2026-05-13 13:24:56.700
116	08f5819815f3d06545011850bd70f0a8	11075	santos	SP	2018-06-21	2018-08-12	3	3	452.00	150.67	0	2026-05-13 13:24:56.700
117	091065b789659bc3cd9af9cb3a6253ff	92120	canoas	RS	2017-10-15	2018-01-18	2	2	1359.00	679.50	0	2026-05-13 13:24:56.700
118	0936e1837d0c79253456bbb2ffaaef10	2050	sao paulo	SP	2017-04-11	2017-04-11	1	2	38.90	19.45	0	2026-05-13 13:24:56.700
119	093805f8f2aeb63881444571e1f48f30	6236	osasco	SP	2017-08-31	2018-01-30	22	27	1215.79	45.03	0	2026-05-13 13:24:56.700
120	094ced053e257ae8cae57205592d6712	14095	ribeirao preto	SP	2018-04-04	2018-07-30	19	19	1519.20	79.96	0	2026-05-13 13:24:56.700
121	0951a6e282947e09cd47969f4ed0b47f	6763	taboao da serra	SP	2018-07-26	2018-08-27	7	7	492.30	70.33	0	2026-05-13 13:24:56.700
122	09883d9ab71c8fe8a9bfc7fc3075b07e	8180	sao paulo	SP	2017-04-25	2017-11-24	5	5	329.50	65.90	0	2026-05-13 13:24:56.700
123	099095b050cfe8eb1ddff5317587e96e	3322	sao paulo	SP	2017-12-16	2018-08-13	17	20	5193.83	259.69	0	2026-05-13 13:24:56.700
124	09bad886111255c5b5030314fc7f1a4a	1022	sao paulo	SP	2018-08-08	2018-08-27	5	5	487.50	97.50	0	2026-05-13 13:24:56.700
125	09f952a5f58d2285b0372551ae8f9b01	9725	sao bernardo do campo	SP	2017-09-15	2018-08-24	50	56	11821.50	211.10	0	2026-05-13 13:24:56.700
126	0a198e95d32b1be2da9424c962a6ebfa	32260	contagem	MG	2018-06-13	2018-06-13	1	1	69.99	69.99	0	2026-05-13 13:24:56.700
127	0a82f5fb06a4fe4ac2cf7cb412ec71b8	5524	sao paulo	SP	2018-02-03	2018-03-31	2	2	462.00	231.00	0	2026-05-13 13:24:56.700
128	0a85ebe4e328db81ac9109781205e2f7	13205	jundiai	SP	2018-05-11	2018-08-24	12	12	667.90	55.66	0	2026-05-13 13:24:56.700
129	0aa124728afc1131dff5655f4c6f487b	37135	alfenas	MG	2018-07-16	2018-08-13	2	2	850.92	425.46	0	2026-05-13 13:24:56.700
130	0aa2205ca24f113f4658a5c536667426	4281	sao paulo	SP	2018-04-18	2018-08-14	4	11	815.62	74.15	0	2026-05-13 13:24:56.700
131	0ac4201fda2c68ebc0e47cb9423cf3c9	3345	sao paulo	SP	2017-06-19	2018-06-17	13	14	1676.88	119.78	0	2026-05-13 13:24:56.700
132	0ad80de75c811326389cfb1daba7d45e	20261	rio de janeiro	RJ	2017-10-19	2018-01-05	6	6	1449.40	241.57	0	2026-05-13 13:24:56.700
133	0adac9fbd9a2b63cccaac4f8756c1ca8	13290	louveira	SP	2017-01-22	2018-08-16	110	142	15960.95	112.40	0	2026-05-13 13:24:56.700
134	0ade5cc4a305ed7093a23f68ca47519c	81030	curitiba	PR	2017-11-24	2018-01-21	2	2	158.88	79.44	0	2026-05-13 13:24:56.700
135	0aea4c6ae1505b3228ddf3dd7822ee5b	18080	sorocaba	SP	2017-10-09	2018-04-30	8	8	1427.91	178.49	0	2026-05-13 13:24:56.700
136	0af2ab31141893d26aca5a404a537dab	3431	sao paulo	SP	2018-08-23	2018-08-23	1	1	59.00	59.00	0	2026-05-13 13:24:56.700
137	0af977692321d895349eded183341d28	11070	santos	SP	2018-04-01	2018-08-20	2	2	257.75	128.88	0	2026-05-13 13:24:56.700
138	0afccdb8a34ee5c79f7c06faf2b4d56e	38400	uberlandia	MG	2017-04-05	2018-04-07	25	25	1225.50	49.02	0	2026-05-13 13:24:56.700
139	0b09101900100c0e9d312861fad5a1b9	3168	sao paulo	SP	NULL	NULL	1	1	153.75	153.75	0	2026-05-13 13:24:56.700
140	0b0ddbc7b9d9584f442c7ac92b0ff6c9	7052	guarulhos	SP	2018-03-30	2018-06-04	3	3	1416.76	472.25	0	2026-05-13 13:24:56.700
141	0b18d63d0cd1d723567903fd34a07df2	5141	sp	SP	2017-04-11	2018-06-12	9	14	1678.14	119.87	0	2026-05-13 13:24:56.700
142	0b1ca3ef18a63d7eb0c8897fa0849c08	18131	sao roque	SP	2018-04-12	2018-04-12	1	1	55.00	55.00	0	2026-05-13 13:24:56.700
143	0b35c634521043bf4b47e21547b99ab5	84530	teixeira soares	PR	2017-12-07	2018-08-12	51	78	13533.65	173.51	0	2026-05-13 13:24:56.700
144	0b36063d5818f81ccb94b54adfaebbf5	89255	jaragua do sul	SC	2017-01-30	2017-01-30	1	15	765.00	51.00	0	2026-05-13 13:24:56.700
145	0b3f27369a4d8df98f7eb91077e438ac	7412	aruja	SP	2017-11-13	2017-11-22	2	2	146.51	73.25	0	2026-05-13 13:24:56.700
146	0b46f784306be7200ca1700aa55d819f	31210	belo horizonte	MG	2017-03-19	2017-03-19	1	1	19.90	19.90	0	2026-05-13 13:24:56.700
147	0b64bcdb0784abc139af04077d49a20e	92420	canoas	RS	2018-04-06	2018-07-13	4	4	137.60	34.40	0	2026-05-13 13:24:56.700
148	0b90b6df587eb83608a64ea8b390cf07	87025	maringa	PR	2017-10-24	2018-08-16	164	210	28592.32	136.15	0	2026-05-13 13:24:56.700
149	0bae85eb84b9fb3bd773911e89288d54	88301	itajai	SP	2017-03-24	2018-08-21	137	146	7482.21	51.25	0	2026-05-13 13:24:56.700
150	0bb27263628258b8111a0262769fa9db	3077	sao paulo	SP	2017-04-01	2017-04-01	1	1	22.20	22.20	0	2026-05-13 13:24:56.700
151	0bb738e4d789e63e2267697c42d35a2d	18130	sao roque	SP	2017-02-01	2018-05-13	30	31	2388.30	77.04	0	2026-05-13 13:24:56.700
152	0be8ff43f22e456b4e0371b2245e4d01	4461	sao paulo	SP	2017-05-09	2018-08-29	161	180	11805.50	65.59	0	2026-05-13 13:24:56.700
153	0bebbb2cea103a4a020c95d43fd7d754	2515	sao paulo	SP	2018-06-30	2018-08-28	9	9	1367.20	151.91	0	2026-05-13 13:24:56.700
154	0bf0150d5b9d60d9cd2906003332f085	1547	sao paulo	SP	2017-02-16	2018-07-14	39	62	5774.60	93.14	0	2026-05-13 13:24:56.700
155	0bfd0b434243adc5c2e1aa6baf19c6aa	22745	rio de janeiro	RJ	2017-10-23	2018-02-03	6	6	371.20	61.87	0	2026-05-13 13:24:56.700
156	0c7533c71df861ec58ad7ff999ed0e8d	13270	valinhos	SP	2017-07-11	2018-07-28	61	73	2989.30	40.95	0	2026-05-13 13:24:56.700
157	0c7f30ae9b147eca07affbef92832a6a	84020	ponta grossa	PR	2017-03-03	2017-04-17	5	5	479.50	95.90	0	2026-05-13 13:24:56.700
158	0c8380b62e38e8a1e6adbeba7eb9688c	37410	tres coracoes	MG	2016-10-04	2018-08-21	182	220	17348.79	78.86	0	2026-05-13 13:24:56.700
159	0cab2da43793a6f3c5ed8514c5f54627	80060	curitiba	PR	2018-05-11	2018-06-15	3	3	309.70	103.23	0	2026-05-13 13:24:56.700
160	0cbcee27c791afa0cdcb08587a2013a8	37410	tres coracoes	MG	2016-10-09	2018-07-14	39	41	5324.15	129.86	0	2026-05-13 13:24:56.700
161	0d33a55da925bbf1ff02af5f6059fc7f	5632	sao paulo	SP	2017-11-09	2018-08-01	22	24	547.30	22.80	0	2026-05-13 13:24:56.700
162	0d4c8269e7f0401201794deef160edd6	14076	ribeirao preto	SP	2017-10-17	2017-11-07	3	4	792.64	198.16	0	2026-05-13 13:24:56.700
163	0d83f8e03188682112cc0d93523705cc	91150	porto alegre	RS	2017-11-14	2018-01-22	4	8	696.26	87.03	0	2026-05-13 13:24:56.700
164	0d85bbda9889ce1f7e63778d24f346eb	38414	uberlandia	MG	2017-03-22	2018-03-27	51	58	4845.20	83.54	0	2026-05-13 13:24:56.700
165	0daf5180aa44356f60f8effa533b55a2	74043	goiania	GO	2018-07-30	2018-08-20	2	2	144.80	72.40	0	2026-05-13 13:24:56.700
166	0db783cfcd3b73998abc6e10e59a102f	11010	santos	SP	2016-10-08	2018-04-07	132	137	9077.40	66.26	0	2026-05-13 13:24:56.700
167	0dd184061fb0eaa7ca37932c68ab91c5	7031	guarulhos	SP	2017-12-04	2018-08-16	161	193	18446.92	95.58	0	2026-05-13 13:24:56.700
168	0ddefe3c7a032b91f4e25b9c3a08fca1	9721	sao bernardo do campo	SP	2018-04-12	2018-08-24	9	10	402.90	40.29	0	2026-05-13 13:24:56.700
169	0df3984f9dfb3d49ac6366acbd3bbb85	32604	betim	MG	2017-03-12	2018-06-17	87	89	10021.49	112.60	0	2026-05-13 13:24:56.700
170	0dfbed20065e425d2eaefb101f9816c0	13660	porto ferreira	SP	2018-05-12	2018-06-04	3	3	84.35	28.12	0	2026-05-13 13:24:56.700
171	0e44d110fa6a54e121cb2c095a77762f	7901	francisco morato	SP	2017-08-04	2018-06-13	6	6	223.32	37.22	0	2026-05-13 13:24:56.700
172	0e72c1a751b496722a6cb1f10653b62a	6280	sao paulo	SP	2018-05-11	2018-07-30	3	3	140.80	46.93	0	2026-05-13 13:24:56.700
173	0e982cff76cc0579f632cea8a0e38c9d	88316	itajai	SC	2017-09-26	2018-04-03	7	12	1307.34	108.94	0	2026-05-13 13:24:56.700
174	0ea22c1cfbdc755f86b9b54b39c16043	35700	sete lagoas	MG	2016-10-06	2018-08-22	237	269	10711.70	39.82	0	2026-05-13 13:24:56.700
175	0eaa7e33d73809f1f925f7d07c506cbd	9111	santo andre	SP	2017-04-10	2018-08-27	15	15	1552.00	103.47	0	2026-05-13 13:24:56.700
176	0ebd97a106433a45a4aebe57c1799778	32240	contagem	MG	2017-05-16	2018-07-13	31	32	3046.80	95.21	0	2026-05-13 13:24:56.700
177	0ec28cec4046a4a199b6de9b4c891d97	74110	goiania	GO	2018-04-22	2018-05-17	3	4	296.60	74.15	0	2026-05-13 13:24:56.700
178	0ed6ce5d87fd9c69eaacaeb778d67235	13473	americana	SP	2017-10-05	2018-08-21	43	43	2141.42	49.80	0	2026-05-13 13:24:56.700
179	0ee4fb99ac55ffbbc98795aa01b7f8fa	6539	santana de parnaiba	SP	2017-05-01	2017-05-01	1	1	59.90	59.90	0	2026-05-13 13:24:56.700
180	0ef83d7d83ed97cd2a0049ac8be5f88a	80230	curitiba	PR	2017-11-24	2018-08-28	48	55	4421.01	80.38	0	2026-05-13 13:24:56.700
181	0f0c984a4a955310903b6b6008660bad	14403	franca	SP	2018-04-24	2018-05-27	4	4	369.81	92.45	0	2026-05-13 13:24:56.700
182	0f519b0d2e5eb2227c93dd25038bfc01	14940	ibitinga	SP	2017-01-27	2017-01-27	1	1	79.90	79.90	0	2026-05-13 13:24:56.700
183	0f7eea709efdf942b5f95c7516dbacd7	19865	pedrinhas paulista	SP	2018-04-05	2018-05-13	3	3	195.74	65.25	0	2026-05-13 13:24:56.700
184	0f80a40c312b2472dca482cf50f5186f	18681	lencois paulista	SP	2018-08-22	2018-08-22	1	1	129.90	129.90	0	2026-05-13 13:24:56.700
185	0f94588695d71662beec8d883ffacf09	88037	florianopolis	SC	2017-03-01	2017-03-01	1	1	9.00	9.00	0	2026-05-13 13:24:56.700
186	0fe2d9733ed841eb064503920015a8c0	19906	ourinhos	SP	2018-05-14	2018-07-09	3	3	389.64	129.88	0	2026-05-13 13:24:56.700
187	0ff83046c3fa22efee8ecf291888b191	95110	caxias do sul	RS	2017-04-01	2018-04-01	10	11	768.90	69.90	0	2026-05-13 13:24:56.700
188	0ffa40d54288e4f3499b8780dd0f144f	19013	presidente prudente	SP	2018-01-10	2018-05-11	33	35	2162.80	61.79	0	2026-05-13 13:24:56.700
189	10076e5788b8ee532724bcd460baf762	14315	batatais	SP	2017-05-11	2018-07-24	23	26	821.48	31.60	0	2026-05-13 13:24:56.700
190	10089e9f2fd0c668a8fd4e52e1698888	15061	sao jose do rio preto	SP	2017-03-12	2017-11-14	3	3	1139.90	379.97	0	2026-05-13 13:24:56.700
191	101921376b577a4540dc30e9009133ca	13505	rio claro	SP	2017-05-19	2017-05-19	1	1	373.00	373.00	0	2026-05-13 13:24:56.700
192	101a3a003516bc11253298b2fad3cb65	13503	rio claro	SP	2018-06-21	2018-07-26	5	6	450.00	75.00	0	2026-05-13 13:24:56.700
193	1025f0e2d44d7041d6cf58b6550e0bfa	3204	sao paulo	SP	2017-07-09	2018-08-26	915	1428	138968.55	97.32	1	2026-05-13 13:24:56.700
194	10264f60a8f0a4d2f30810f5c661c673	13090	campinas	SP	2018-06-19	2018-08-09	4	4	284.60	71.15	0	2026-05-13 13:24:56.700
195	1099a00e0ee3a50935e6c2447ca090c5	20921	rio de janeiro	RJ	2017-11-09	2018-01-02	3	3	849.70	283.23	0	2026-05-13 13:24:56.700
196	10cdd491d1dbea8fb4ead97b19c334ce	37540	santa rita do sapucai	MG	2018-06-26	2018-07-24	3	3	208.90	69.63	0	2026-05-13 13:24:56.700
197	10ff823eda2b032e2c93d17a7d294736	17280	pederneiras	SP	2017-06-14	2018-04-06	9	9	1294.97	143.89	0	2026-05-13 13:24:56.700
198	112453736dbe3889cfb74e1aaa0ba0c1	3520	sao paulo	SP	2018-06-13	2018-08-18	7	14	1890.00	135.00	0	2026-05-13 13:24:56.700
199	1127b7f2594683f2510f1c2c834a486b	13087	campinas	SP	2017-02-24	2018-08-22	114	132	6851.33	51.90	0	2026-05-13 13:24:56.700
200	11305281b50fff20ae8bb473f8e11876	36500	uba	MG	2016-10-09	2018-08-21	35	40	6528.70	163.22	0	2026-05-13 13:24:56.700
201	113e3a788b935f48aad63e1c41dac1bd	12570	aparecida	SP	2017-07-22	2018-08-17	39	48	847.35	17.65	0	2026-05-13 13:24:56.700
202	116ccb1a1604bc88e4d234a8c23f33de	9850	sao bernardo do campo	SP	2017-11-09	2018-08-21	61	73	2004.89	27.46	0	2026-05-13 13:24:56.700
203	11742f81550ac064cc9a40f67151d9ad	15810	catanduva	SP	2018-08-02	2018-08-17	2	2	781.90	390.95	0	2026-05-13 13:24:56.700
204	117cfc326c6d50da67ca858ff5c0c852	25530	sao joao de meriti	RJ	2018-05-02	2018-05-19	5	5	454.60	90.92	0	2026-05-13 13:24:56.700
205	11938fcc75f6902fea1d0a6f72b54a57	89900	sao miguel d'oeste	SC	2018-01-11	2018-05-27	2	2	594.98	297.49	0	2026-05-13 13:24:56.700
206	119c7f1a00ef43fad0e57604e76a747c	2614	sao paulo	SP	2017-10-15	2018-02-27	2	2	189.80	94.90	0	2026-05-13 13:24:56.700
207	119d1aef1b4144adba89163f6cd9f5d4	13920	pedreira	SP	2017-05-26	2017-11-17	4	4	1094.00	273.50	0	2026-05-13 13:24:56.700
208	11bfa66332777660bd0640ee84d47006	14085	ribeirao preto	SP	2017-09-06	2018-08-23	76	102	3925.87	38.49	0	2026-05-13 13:24:56.700
209	11d4c477d09821164bca4f70a2eae031	14075	ribeirao preto	SP	2017-07-18	2017-08-28	3	4	83.04	20.76	0	2026-05-13 13:24:56.700
210	11eac105f3f90a9b87b19c89d91e24f3	7411	sao paulo	SP	2017-05-24	2017-07-12	5	5	802.89	160.58	0	2026-05-13 13:24:56.700
211	11fb6f6d341adbe19e81733701704635	4133	sao paulo	SP	2018-08-07	2018-08-25	3	3	1197.00	399.00	0	2026-05-13 13:24:56.700
212	120476eb7a04c149d14772edaf5d9bf2	23954	angra dos reis	RJ	2018-07-14	2018-08-10	4	6	2368.80	394.80	0	2026-05-13 13:24:56.700
213	1284de4ae8aa26997e748c851557cf0e	85301	laranjeiras do sul	SP	2017-05-11	2017-10-18	3	3	1459.97	486.66	0	2026-05-13 13:24:56.700
214	128639473a139ac0f3e5f5ade55873a5	87050	maringa	PR	2017-05-12	2018-08-18	533	560	11908.85	21.27	0	2026-05-13 13:24:56.700
215	128f9bfbe4c7d5185033914b1de3d39a	12940	atibaia	SP	2017-09-13	2018-06-17	14	16	1277.29	79.83	0	2026-05-13 13:24:56.700
216	12a8eb0f8d1cd3270695bf2a99f55966	4607	sao paulo	SP	2017-10-12	2017-12-13	2	2	397.00	198.50	0	2026-05-13 13:24:56.700
217	12b9676b00f60f3b700e83af21824c0e	95780	montenegro	RS	2017-03-07	2018-08-26	135	135	26774.00	198.33	0	2026-05-13 13:24:56.700
218	12c2ed9cded6138cf0c75f525f565fc7	11709	praia grande	SP	2017-11-09	2018-08-03	4	4	314.96	78.74	0	2026-05-13 13:24:56.700
219	13074f016982ff2bd6c58ced8682f000	95705	bento goncalves	RS	2017-11-02	2018-07-28	14	15	2116.00	141.07	0	2026-05-13 13:24:56.700
220	131fcb0a0c9a47bba4474aacff0f14b7	1201	sao paulo	SP	2018-06-03	2018-08-09	4	4	369.80	92.45	0	2026-05-13 13:24:56.700
221	1336efc61c316ddf92c899eb817f7cae	19800	assis	SP	2017-01-22	2018-08-16	74	85	4837.31	56.91	0	2026-05-13 13:24:56.700
222	134285d1f41da5c13a756ee8142c8a4e	2523	sao paulo	SP	2018-06-10	2018-08-16	3	4	1572.70	393.17	0	2026-05-13 13:24:56.700
223	134a288e7de827ec5ec62e3ec9c3a295	3168	sao paulo	SP	2017-05-01	2017-09-17	9	9	877.45	97.49	0	2026-05-13 13:24:56.700
224	134b867a0f7f8bbe6abf10f91874891e	13272	valinhos	SP	2018-04-19	2018-04-19	1	1	789.89	789.89	0	2026-05-13 13:24:56.700
225	13511db12ac61e2f89c53b72a944a60b	95020	caxias do sul	RS	2018-04-23	2018-08-18	6	6	798.00	133.00	0	2026-05-13 13:24:56.700
226	1352e06ae67b410cdae0b2a22361167b	26051	rio de janeiro	RJ	2017-04-07	2017-06-23	4	4	696.00	174.00	0	2026-05-13 13:24:56.700
227	1354d51653f645349064725ed204e85e	1230	sao paulo	SP	2017-06-05	2018-08-21	18	20	2410.00	120.50	0	2026-05-13 13:24:56.700
228	138dbe45fc62f1e244378131a6801526	2215	sao paulo	SP	2018-05-07	2018-08-24	49	58	1125.56	19.41	0	2026-05-13 13:24:56.700
229	139157dd4daa45c25b0807ffff348363	3064	sao paulo	SP	2017-08-31	2017-08-31	1	1	29.90	29.90	0	2026-05-13 13:24:56.700
230	13c2ed7698b3ca92dad49e849219da59	84010	ponta grossa	PR	2018-01-03	2018-08-02	8	9	498.61	55.40	0	2026-05-13 13:24:56.700
231	13d058e4eeac2ce8217660b2f8a05812	6080	osasco	SP	2017-05-11	2018-07-20	23	23	3829.77	166.51	0	2026-05-13 13:24:56.700
232	13d95f0f6f73943d4ceffad0fc2cd32c	74473	goiania	GO	2018-03-13	2018-03-13	1	1	249.99	249.99	0	2026-05-13 13:24:56.700
233	13dd308f81fea30cc670c656b2b46cc3	13454	santa barbara d'oeste	SP	2018-07-30	2018-08-27	3	3	117.70	39.23	0	2026-05-13 13:24:56.700
234	13e85aac53340018b40c2af68001b7e0	13920	pedreira	SP	2016-10-08	2016-10-08	1	1	17.80	17.80	0	2026-05-13 13:24:56.700
235	13f57c12a00ed4610db646b913a7f5c6	11015	santos	SP	2017-09-25	2018-05-04	7	13	645.20	49.63	0	2026-05-13 13:24:56.700
236	13fa2a6c6b9d0f43cb588d7c82117a12	3567	sao paulo	SP	2017-06-09	2017-09-27	9	10	4528.00	452.80	0	2026-05-13 13:24:56.700
237	141440cad9341e553f8401c574a2aa38	85200	pitanga	PR	2018-05-01	2018-08-14	11	12	1288.20	107.35	0	2026-05-13 13:24:56.700
238	1430239a858e7682bbc43b20758af153	4087	sao paulo	SP	2017-08-22	2018-08-21	18	23	660.79	28.73	0	2026-05-13 13:24:56.700
239	1444c08e64d55fb3c25f0f09c07ffcf2	42738	lauro de freitas	BA	2018-04-28	2018-04-28	1	1	2749.00	2749.00	0	2026-05-13 13:24:56.700
240	1464afc72f696af775557a821c2e253f	28630	nova friburgo	RJ	2017-04-12	2018-08-19	29	30	1059.36	35.31	0	2026-05-13 13:24:56.700
241	14a08204d03bb6b6bde8029f801ae0eb	1026	sao paulo	SP	2018-03-15	2018-08-20	28	38	2185.40	57.51	0	2026-05-13 13:24:56.700
242	14d7985702e72162bbf13b6beb74ab2b	9131	santo andre	SP	2017-03-31	2018-08-17	37	38	3887.00	102.29	0	2026-05-13 13:24:56.700
243	14ee35374a7876217954b5fa08e50463	15015	sao jose do rio preto	SP	2017-10-04	2018-01-17	6	6	809.00	134.83	0	2026-05-13 13:24:56.700
244	14f2b3587172b9db894c9bad8dab520b	95240	ipe	RS	2018-03-21	2018-07-14	2	2	244.00	122.00	0	2026-05-13 13:24:56.700
245	152ee17e4c8aaf53dac99f3462e4999b	89248	garuva	SC	2017-07-14	2017-10-14	6	6	308.96	51.49	0	2026-05-13 13:24:56.700
246	154bdf805377afea75a3bd158e9eab10	14940	ibitinga	SP	NULL	NULL	1	1	89.90	89.90	0	2026-05-13 13:24:56.700
247	1554a68530182680ad5c8b042c3ab563	37580	monte siao	MG	2016-09-04	2018-08-15	247	269	29052.53	108.00	0	2026-05-13 13:24:56.700
248	157c3e4b42f81ac4a44e8b1ca2fe9876	3211	sao paulo	SP	2017-10-19	2018-08-16	23	31	2548.50	82.21	0	2026-05-13 13:24:56.700
249	1588ac4010787100dddef64568f0ae35	87045	maringa	PR	2017-12-22	2018-01-18	3	3	599.97	199.99	0	2026-05-13 13:24:56.700
250	15aac934c58d886785ac1b17953ea898	29480	muqui	ES	2017-10-19	2018-06-26	25	26	4353.90	167.46	0	2026-05-13 13:24:56.700
251	15ac3c501e2599e4917316fde5c5669a	4911	sao paulo	SP	2017-02-26	2017-02-26	1	1	144.20	144.20	0	2026-05-13 13:24:56.700
252	15aec03fe4cf30dfa574cf550f5ff5ff	21862	rio de janeiro	RJ	2017-02-09	2017-02-09	1	1	28.90	28.90	0	2026-05-13 13:24:56.700
253	15b3b1b81484422eb41df68ac87f1f50	17047	bauru	SP	2017-11-24	2018-01-22	2	2	78.35	39.17	0	2026-05-13 13:24:56.700
254	15cd6eefe58588619aaed41dfa6621b1	35400	ouro preto	MG	2017-07-17	2018-05-12	16	18	1622.74	90.15	0	2026-05-13 13:24:56.700
255	15ead3a5037a918ddb520dfe39a3d2b9	36401	conselheiro lafaiete	MG	2018-01-22	2018-04-24	7	8	275.50	34.44	0	2026-05-13 13:24:56.700
256	15fa791d5e017f66402dc28c44480657	3307	sao paulo	SP	2018-02-16	2018-06-12	8	8	1802.00	225.25	0	2026-05-13 13:24:56.700
257	160851d3ece7aa1a510f8d1a4bb8a8af	17400	garca	SP	2018-07-29	2018-08-20	2	2	102.05	51.02	0	2026-05-13 13:24:56.700
258	16090f2ca825584b5a147ab24aa30c86	12940	atibaia	SP	2017-01-31	2018-08-27	402	410	25716.44	62.72	0	2026-05-13 13:24:56.700
259	160e4f13fd3a64b1b86807be88b5ffb0	83409	colombo	PR	2017-11-15	2018-02-13	4	4	886.00	221.50	0	2026-05-13 13:24:56.700
260	164a5a8794e6d42e14f55e447b12a3bc	85980	guaira	PR	2018-07-27	2018-07-27	1	1	73.99	73.99	0	2026-05-13 13:24:56.700
261	165b1235e9e9942cb5fae67103576fb0	14020	ribeirao preto	SP	2018-05-20	2018-08-19	11	16	2085.15	130.32	0	2026-05-13 13:24:56.700
262	165fc07beebdcb6190fba8a06db2a449	87015	maringa	PR	2017-08-07	2018-08-14	50	64	17481.40	273.15	0	2026-05-13 13:24:56.700
263	1660ad786c27fd935378b6192a90b417	9891	sao bernardo do campo	SP	2017-08-17	2018-07-22	12	13	1570.00	120.77	0	2026-05-13 13:24:56.700
264	166e8f1381e09651983c38b1f6f91c11	88780	imbituba	SC	2017-07-25	2017-08-21	2	2	78.80	39.40	0	2026-05-13 13:24:56.700
265	167fd940acebc789debd6eb418c46e38	14405	franca	SP	2017-11-30	2018-06-04	5	5	1077.58	215.52	0	2026-05-13 13:24:56.700
266	1690cada046eb7e92c12f98b1f8a8167	1303	sao paulo	SP	2018-04-16	2018-08-10	11	11	1959.00	178.09	0	2026-05-13 13:24:56.700
267	16bdc8cefd0e32a6f0824d296c5ad14a	12903	sp	SP	2018-04-11	2018-04-11	1	1	41.76	41.76	0	2026-05-13 13:24:56.700
268	1703bc09972dab9782e7a9194943b69f	37165	minas gerais	MG	2018-07-14	2018-07-14	1	1	249.90	249.90	0	2026-05-13 13:24:56.700
269	1710c3aaa9c6b44ec3883ee0fe300e21	9551	sao caetano do sul	SP	2018-04-25	2018-05-02	2	2	1188.90	594.45	0	2026-05-13 13:24:56.700
270	17306570e772e7718c92a562d33f5f1d	17250	bariri	SP	2017-02-28	2018-04-18	29	32	9669.80	302.18	0	2026-05-13 13:24:56.700
271	173d56ffbd4c56cb80fc3615487d712b	11370	sao vicente	SP	2018-08-18	2018-08-20	2	2	358.00	179.00	0	2026-05-13 13:24:56.700
272	1746c1ae87ac63d530c7c943d0ac42e2	6501	santana de parnaiba	SP	2017-12-12	2017-12-12	1	1	229.90	229.90	0	2026-05-13 13:24:56.700
273	1771297ac436903d1dd6b0e9279aa505	7025	guarulhos	SP	2017-01-19	2018-03-13	28	36	2881.27	80.04	0	2026-05-13 13:24:56.700
274	1782ce2db72c3dda627d5e7c898104e1	6766	taboao da serra	SP	2017-02-06	2018-05-05	9	10	2010.80	201.08	0	2026-05-13 13:24:56.700
275	17908cf9b444ee34047cadd5c0f4a516	75124	anapolis	GO	2017-09-21	2018-08-11	11	11	1993.99	181.27	0	2026-05-13 13:24:56.700
276	17998cf586426bf0f2c3726cb0a4b211	30710	belo horizonte	MG	2017-07-28	2018-01-01	2	2	69.80	34.90	0	2026-05-13 13:24:56.700
277	179d859f51292aac5c10806a356f7af9	9411	ribeirao pires	SP	2018-06-29	2018-08-10	18	19	404.47	21.29	0	2026-05-13 13:24:56.700
278	17a053fcb14bd219540cbde0df490be0	13843	mogi guacu	SP	2017-07-06	2018-08-13	125	149	40703.14	273.18	0	2026-05-13 13:24:56.700
279	17adeba047385fb0c67d8e90b4296d21	7052	guarulhos	SP	2017-03-08	2017-03-08	1	3	809.70	269.90	0	2026-05-13 13:24:56.700
280	17ca9b9e9b9ef8fdb529001b49ebb50f	32677	betim	MG	2017-07-11	2018-08-21	116	129	9754.83	75.62	0	2026-05-13 13:24:56.700
281	17e34d8224d27a541263c4c64b11a56b	14085	riberao preto	SP	2017-02-16	2018-08-20	255	268	56363.24	210.31	0	2026-05-13 13:24:56.700
282	17eea220a40cc0d2c0c5346379682398	3565	sao paulo	SP	2017-09-14	2017-10-26	4	4	1414.98	353.75	0	2026-05-13 13:24:56.700
283	17f51e7198701186712e53a39c564617	3908	sao paulo	SP	2017-02-04	2018-08-05	56	61	48019.00	787.20	0	2026-05-13 13:24:56.700
284	180c3376aff0e43dd5788709df48a843	9911	sao paulo	SP	2017-08-11	2018-01-03	5	10	4513.00	451.30	0	2026-05-13 13:24:56.700
285	1835b56ce799e6a4dc4eddc053f04066	14940	ibitinga	SP	2017-09-05	2018-08-25	423	558	33344.21	59.76	0	2026-05-13 13:24:56.700
286	1838dd9b8977065acf51d95e0053ea7a	30882	belo horizonte	MG	2017-07-28	2018-08-01	64	67	2820.30	42.09	0	2026-05-13 13:24:56.700
287	184725737946a1a938bbbd1a9e978103	9370	maua	SP	2018-08-12	2018-08-21	3	3	359.70	119.90	0	2026-05-13 13:24:56.700
288	184a67a8f9f63234d3a92340bbdb727f	89220	joinville	SC	2016-10-04	2017-11-08	8	11	268.66	24.42	0	2026-05-13 13:24:56.700
289	186cdd1b2df32caa72cfb410bba768d3	89295	rio negrinho	SC	2018-05-11	2018-08-06	6	6	1341.45	223.58	0	2026-05-13 13:24:56.700
290	189ca3538ce9f920cacf0f982cbe223b	3589	sao paulo	SP	2018-06-21	2018-08-07	4	5	419.00	83.80	0	2026-05-13 13:24:56.700
291	18a349e75d307f4b4cc646a691ed4216	1319	sao paulo	SP	2017-08-21	2018-08-26	121	148	8711.53	58.86	0	2026-05-13 13:24:56.700
292	18e694e0e48ed6f7aa3f24aade5fd697	13224	varzea paulista	SP	2018-06-05	2018-08-26	31	34	701.54	20.63	0	2026-05-13 13:24:56.700
293	1900267e848ceeba8fa32d80c1a5f5a8	14940	ibitinga	SP	2017-05-17	2018-08-26	411	529	24982.53	47.23	0	2026-05-13 13:24:56.700
294	191d55f7edb8524d525ed01b20fe32e8	73020	brasilia	DF	2017-11-27	2018-01-18	3	3	747.00	249.00	0	2026-05-13 13:24:56.700
295	1927cdb9fa74f5270097f6250e8e8f34	17511	marilia	SP	NULL	NULL	1	1	120.00	120.00	0	2026-05-13 13:24:56.700
296	19484c79cef6c062cb177aa4ef2fcc3c	13275	valinhos	SP	2018-08-03	2018-08-03	1	1	201.90	201.90	0	2026-05-13 13:24:56.700
297	1961c3e1272bfeceb05d0b78b5bbfdaf	7241	guarulhos	SP	2018-07-28	2018-08-18	3	4	896.00	224.00	0	2026-05-13 13:24:56.700
298	1967a9e2ad6f51802b093147d861df58	1209	sao paulo	SP	2017-03-07	2017-03-15	2	2	380.00	190.00	0	2026-05-13 13:24:56.700
299	1976a05ecf2996d6ffb7b5430e635fe7	19806	assis	SP	2017-02-25	2017-09-12	8	9	1796.20	199.58	0	2026-05-13 13:24:56.700
300	1987cd4be10fe09ee50454f9c354d1c6	37570	ouro fino	MG	2017-10-08	2018-03-02	14	16	2877.70	179.86	0	2026-05-13 13:24:56.700
301	198c7ea11960a9844b544d9bcdca860c	37590	jacutinga	MG	2017-01-26	2017-08-22	25	25	1733.75	69.35	0	2026-05-13 13:24:56.700
302	1992f8fb6b19fcccd97ca819811e7267	1403	sao paulo	SP	2018-07-26	2018-07-26	1	1	28.80	28.80	0	2026-05-13 13:24:56.700
303	1996942dc085d7773ba77a529b163cd0	14850	pradopolis	SP	2018-05-29	2018-08-15	10	10	2943.51	294.35	0	2026-05-13 13:24:56.700
304	19a7c9f66ffa6452ff4b4c0cca71da27	85880	itaipulandia	PR	2017-09-30	2017-09-30	1	1	279.00	279.00	0	2026-05-13 13:24:56.700
305	19d62d484cba71963c93f0f00ab42013	89114	gaspar	SC	2018-04-26	2018-04-26	1	1	139.90	139.90	0	2026-05-13 13:24:56.700
306	19e0f40a907ec568c34bfac15de4f4a1	13478	americana	SP	2017-01-31	2017-10-17	4	4	178.00	44.50	0	2026-05-13 13:24:56.700
307	1a3df491d1c4f1589fc2b934ada68bf2	89224	joinville	SC	2017-04-29	2018-08-15	167	178	23302.70	130.91	0	2026-05-13 13:24:56.700
308	1a6245add4353f18ed55138808906979	9694	sao bernardo do campo	SP	2017-07-22	2017-07-22	1	1	30.00	30.00	0	2026-05-13 13:24:56.700
309	1a8e2d9c38b84a9702ac7922924b0573	89245	araquari	SC	2018-02-06	2018-02-06	1	1	80.00	80.00	0	2026-05-13 13:24:56.700
310	1a932caad4f9d804097d7f8e615baed1	2976	sao paulo	SP	2018-05-10	2018-08-22	20	30	4661.00	155.37	0	2026-05-13 13:24:56.700
311	1acde099eb406aa220b1169b188b42da	2532	sao paulo	SP	2017-09-10	2017-11-06	9	10	311.10	31.11	0	2026-05-13 13:24:56.700
312	1b0b0f4f95e962d6f32fe90c759d0479	2737	sao paulo	SP	2017-12-01	2018-08-16	2	2	139.80	69.90	0	2026-05-13 13:24:56.700
313	1b1ae47a313a825a7ccceb8e2e30fa9d	83450	bocaiuva do sul	PR	2017-10-04	2018-05-07	11	11	2243.90	203.99	0	2026-05-13 13:24:56.700
314	1b45169b635ef59425637e9a33eb5fb3	87050	maringa	PR	2018-02-13	2018-08-15	7	8	308.90	38.61	0	2026-05-13 13:24:56.700
315	1b4b28463457a256e9a784ebe2a8f630	13418	piracicaba	SP	2018-08-07	2018-08-07	1	1	699.42	699.42	0	2026-05-13 13:24:56.700
316	1b4c3a6f53068f0b6944d2d005c9fc89	88730	sao ludgero	SC	2017-02-16	2018-07-26	113	117	14760.30	126.16	0	2026-05-13 13:24:56.700
317	1b61fb1f0f2185d89e9a126c498e9cc7	87015	maringa	PR	2017-06-23	2017-06-23	1	1	49.70	49.70	0	2026-05-13 13:24:56.700
318	1b65c144b17e607c0f37f10bb7dfec8d	89160	rio do sul	SC	2018-05-07	2018-06-29	5	5	1109.50	221.90	0	2026-05-13 13:24:56.700
319	1b7e5006cb25dd23ce8686691013b121	2350	sao paulo	SP	2017-09-30	2018-08-03	11	11	2636.74	239.70	0	2026-05-13 13:24:56.700
320	1b8356dabde1d35e17cef975c3f82730	3477	sao paulo	SP	2017-02-03	2017-11-13	56	61	3426.39	56.17	0	2026-05-13 13:24:56.700
321	1b8b75e227c9a9c100d0c210fb6176ce	5468	sao paulo	SP	2017-01-08	2017-11-30	19	19	1914.83	100.78	0	2026-05-13 13:24:56.700
322	1b938a7ec6ac5061a66a3766e0e75f90	16304	penapolis	SP	2017-09-22	2018-08-18	30	33	3987.60	120.84	0	2026-05-13 13:24:56.700
323	1bb2bdb95f4841f1bba2c0d2cd83d3c9	1257	sao paulo	SP	2017-01-30	2018-08-13	81	85	5002.71	58.86	0	2026-05-13 13:24:56.700
324	1bb3812d5f0747a3ab7348f199001a10	4708	sao paulo	SP	2017-11-06	2018-08-14	9	9	834.40	92.71	0	2026-05-13 13:24:56.700
325	1bc2e21de46adfea6b98cc96b00f3b40	89228	joinville	SC	2017-02-06	2017-05-16	3	5	1039.95	207.99	0	2026-05-13 13:24:56.700
326	1c129092bf23f28a5930387c980c0dfc	2972	sao paulo	SP	2017-10-02	2018-08-11	201	220	9553.62	43.43	0	2026-05-13 13:24:56.700
327	1c40343cc5d18c2d8248ac2f3366de34	13482	limeira	SP	2018-05-28	2018-08-20	21	22	2461.41	111.88	0	2026-05-13 13:24:56.700
328	1c56ffe0e9dea2657fc6e95b53f40b13	13575	sao carlos	SP	2018-07-23	2018-08-22	3	3	183.00	61.00	0	2026-05-13 13:24:56.700
329	1c5e4e49b9079480255b49d50aac1aa9	11030	santos	SP	2017-03-09	2018-08-05	12	12	10173.11	847.76	0	2026-05-13 13:24:56.700
330	1c68394e931a64f90ea236c5ea590300	87114	sarandi	PR	2017-07-15	2018-08-13	142	171	24832.75	145.22	0	2026-05-13 13:24:56.700
331	1c742ac33582852aaf3bcfbf5893abcf	30668	belo horizonte	MG	2018-06-22	2018-06-22	1	1	97.90	97.90	0	2026-05-13 13:24:56.700
332	1c83418358f249c9d6affa52d579db0e	1420	sao paulo	SP	2017-04-29	2017-04-29	1	1	24.90	24.90	0	2026-05-13 13:24:56.700
333	1ca4bdb0cd7fc48e949bac066188ed26	36773	cataguases	MG	2018-03-22	2018-07-30	4	4	1520.00	380.00	0	2026-05-13 13:24:56.700
334	1ca7077d890b907f89be8c954a02686a	6506	santana de parnaiba	SP	2017-09-15	2018-04-09	115	137	13341.57	97.38	0	2026-05-13 13:24:56.700
335	1caf283236cd69af44cbc09a0a1e7d32	26020	nova iguacu	RJ	2017-04-07	2018-07-26	33	37	917.60	24.80	0	2026-05-13 13:24:56.700
336	1cbcd2ee0afb3fc09963b87eb65e7e4f	82640	curitiba	PR	2018-06-18	2018-06-18	1	3	90.00	30.00	0	2026-05-13 13:24:56.700
337	1cbd32d00d01bb8087a5eb088612fd9c	3363	sp / sp	SP	2018-05-10	2018-08-19	11	12	1045.47	87.12	0	2026-05-13 13:24:56.700
338	1cbd50a8c52e6cf8e315c5709fab386f	83830	fazenda rio grande	PR	2018-01-23	2018-07-20	9	9	785.97	87.33	0	2026-05-13 13:24:56.700
339	1cbdc7cf130a41fd13a3c2a7d2fcfda7	37480	lambari	MG	2018-05-06	2018-05-06	2	2	165.80	82.90	0	2026-05-13 13:24:56.700
340	1cd9e0cc1839d55516843def5600816d	3951	sao paulo	SP	2018-06-18	2018-08-19	5	5	825.00	165.00	0	2026-05-13 13:24:56.700
341	1ce3ae5a399804d1a87e706f8a813c3e	88715	jaguaruna	SC	2017-08-03	2018-08-20	40	44	2563.00	58.25	0	2026-05-13 13:24:56.700
342	1d0646a72178a6fb37ee8082140e06ec	89203	joinville	SC	2018-07-16	2018-08-22	2	2	61.00	30.50	0	2026-05-13 13:24:56.700
343	1d0997ff06b524ce9289ffd75114ecd3	52020	recife	PE	2017-01-27	2017-11-24	3	3	3747.00	1249.00	0	2026-05-13 13:24:56.700
344	1d139e3a3b14025640d8df1b230aace0	14860	barrinha	SP	2017-09-13	2017-11-19	2	2	36.49	18.25	0	2026-05-13 13:24:56.700
345	1d1bbb8ac1581824986f582583fff01d	89082	indaial	SC	2018-04-27	2018-08-24	4	4	166.88	41.72	0	2026-05-13 13:24:56.700
346	1d2732ef8321502ee8488e8bed1ab8cd	20031	rio de janeiro	RJ	2017-04-19	2018-05-03	4	5	1148.00	229.60	0	2026-05-13 13:24:56.700
347	1d29dfba02015238dfbe2449a5eaa361	36576	vicosa	MG	2017-02-01	2018-05-10	12	12	612.80	51.07	0	2026-05-13 13:24:56.700
348	1d4587203296c8f4ad134dc286fa6db0	5101	sao paulo	SP	2017-12-15	2018-08-27	42	43	2323.30	54.03	0	2026-05-13 13:24:56.700
349	1d503743d2526f03f0c2c89540ee008c	1035	sao paulo	SP	2018-01-25	2018-07-15	12	17	516.04	30.36	0	2026-05-13 13:24:56.700
350	1d8dbc4f32378d715c717c1c1fc57bae	86706	arapongas	PR	2017-03-20	2018-06-24	92	98	11315.89	115.47	0	2026-05-13 13:24:56.700
351	1d953075c2f0dd990bacf27b83b330f1	30421	belo horizonte	MG	2018-08-13	2018-08-13	1	1	59.00	59.00	0	2026-05-13 13:24:56.700
352	1da366cade6d8276e7d8beea7af5d4bf	36500	uba	MG	2017-02-04	2017-12-21	43	49	6917.59	141.18	0	2026-05-13 13:24:56.700
353	1da3aeb70d7989d1e6d9b0e887f97c23	4265	sao paulo	SP	2017-03-04	2018-08-21	265	328	8823.52	26.90	0	2026-05-13 13:24:56.700
354	1dc2de47ee26a0a5b12dc14fd6dc0dea	14940	ibitinga	SP	2018-02-01	2018-08-22	25	27	1670.30	61.86	0	2026-05-13 13:24:56.700
355	1dcfa3835714681d4ba4a93bc1e0fd41	16200	birigui	SP	2017-07-27	2018-04-02	13	15	1278.50	85.23	0	2026-05-13 13:24:56.700
356	1dd33b8119b3cb1056ed5dc88cd0aaf4	4710	sao paulo	SP	2017-11-09	2018-02-14	8	8	1513.00	189.13	0	2026-05-13 13:24:56.700
357	1de62b6f2fd96227629786db492433db	16021	sp	SP	2018-06-14	2018-08-23	2	2	208.80	104.40	0	2026-05-13 13:24:56.700
358	1dfe5347016252a7884b694d4f10f5c4	14940	ibitinga	SP	2017-10-28	2018-04-08	21	27	1693.50	62.72	0	2026-05-13 13:24:56.700
359	1e26c56af8d48424e1df0140a2401f83	13911	jaguariuna	SP	2018-06-13	2018-08-08	2	2	258.90	129.45	0	2026-05-13 13:24:56.700
360	1e47d8b6546eb3a77b1acddcc9406242	13015	campinas	SP	2017-05-15	2017-05-15	1	1	149.90	149.90	0	2026-05-13 13:24:56.700
361	1e47defeeadeca0e9a18fa5a9311e735	15800	catanduva	SP	2017-06-13	2017-07-19	3	3	234.12	78.04	0	2026-05-13 13:24:56.700
362	1e483cc5c76fef08d3ca05f9a8af7d01	2929	sao paulo	SP	2017-02-09	2017-05-18	10	11	171.99	15.64	0	2026-05-13 13:24:56.700
363	1e8b33f18b4f7598d87f5cbee2282cc2	2066	sao paulo	SP	2017-11-16	2018-08-27	123	140	17309.06	123.64	0	2026-05-13 13:24:56.700
364	1e8c6a4c538f286aee9573239740a4b4	13251	itatiba	SP	2018-04-10	2018-08-13	5	5	359.70	71.94	0	2026-05-13 13:24:56.700
365	1e9d5a33694bddb76316fd1f54734d20	78820	jaciara	MT	2018-07-18	2018-08-17	2	2	318.00	159.00	0	2026-05-13 13:24:56.700
366	1eade46fba20122dc4aefb379f8c636b	2066	sao paulo	SP	2017-02-13	2018-07-19	58	75	3635.37	48.47	0	2026-05-13 13:24:56.700
367	1f1bb1f0859883505541bdd6606193e5	2124	sao paulo	SP	2017-04-05	2018-07-29	27	29	16040.84	553.13	0	2026-05-13 13:24:56.700
368	1f2eebc0e970fd3c463e4f5d9652687a	1311	sao paulo	SP	2018-08-09	2018-08-09	1	1	44.99	44.99	0	2026-05-13 13:24:56.700
369	1f50f920176fa81dab994f9023523100	15025	sao jose do rio preto	SP	2017-04-03	2018-08-25	1404	1931	106939.21	55.38	1	2026-05-13 13:24:56.700
370	1f7dfad2cb384ea4d2d7e1ffbd78c407	1139	sao paulo	SP	2018-05-05	2018-05-05	1	1	49.00	49.00	0	2026-05-13 13:24:56.700
371	1f7fd2a6fcd5a6fa5d8a4dabc72aaae0	95800	venancio aires	RS	2017-04-05	2018-05-07	3	3	531.80	177.27	0	2026-05-13 13:24:56.700
372	1f867308a0ce13133a4e639ff4de0c02	82510	curitiba	PR	2017-09-25	2018-06-02	7	13	875.10	67.32	0	2026-05-13 13:24:56.700
373	1f9ab4708f3056ede07124aad39a2554	17602	tupa	SP	2017-01-27	2018-06-02	78	79	13602.73	172.19	0	2026-05-13 13:24:56.700
374	1fa2d3def6adfa70e58c276bb64fe5bb	4106	sao paulo	SP	NULL	NULL	1	1	6.90	6.90	0	2026-05-13 13:24:56.700
375	1fbe10c70e30765ed1de86d9f7e98409	9320	maua	SP	2018-06-21	2018-07-18	2	6	98.75	16.46	0	2026-05-13 13:24:56.700
376	1fdc574883ef3b33ad41562d93f3a74a	13480	limeira	SP	2017-11-26	2018-07-21	18	18	4251.00	236.17	0	2026-05-13 13:24:56.700
377	1fddcb7b326905d3ad5efe82187db347	2279	sao paulo	SP	2017-03-28	2017-03-28	1	1	92.00	92.00	0	2026-05-13 13:24:56.700
378	1fe5540d7c1c37a595fefbacd5570d9e	25850	paraiba do sul	RJ	2018-08-02	2018-08-16	20	25	4537.60	181.50	0	2026-05-13 13:24:56.700
379	1fe61aa5494bd3ae92a2c13e067c810f	89540	santa cecilia	SC	2017-11-27	2017-11-27	1	2	537.76	268.88	0	2026-05-13 13:24:56.700
380	2009a095de2a2a41626f6c6d7722678d	15025	sao jose do rio preto	SP	2017-03-10	2017-10-29	8	12	388.89	32.41	0	2026-05-13 13:24:56.700
381	2039c5e51785b5dde7cf93ccb3b7be2c	14790	guaira	SP	2018-07-16	2018-07-16	1	1	159.90	159.90	0	2026-05-13 13:24:56.700
382	204b4e07bddef3c9b317f70189135b22	37564	borda da mata	MG	2018-07-27	2018-07-27	1	1	73.40	73.40	0	2026-05-13 13:24:56.700
383	2059c39f76271d4ca3f15b5ffaccc8b8	81930	curitiba	PR	2017-02-01	2017-09-07	12	12	604.90	50.41	0	2026-05-13 13:24:56.700
384	20611af7866c6068fd5ae1f9dbe15c92	13660	porto ferreira	SP	2018-07-14	2018-07-16	2	2	219.80	109.90	0	2026-05-13 13:24:56.700
385	2063dd1b9f568df1c16741ea7d3e6adb	85065	guarapuava	PR	2017-03-05	2017-11-15	3	3	763.10	254.37	0	2026-05-13 13:24:56.700
386	2075d8cd4dd63ff12df0749a5866bb06	80010	curitiba	PR	2018-08-07	2018-08-07	3	3	184.70	61.57	0	2026-05-13 13:24:56.700
387	2078fe5066350e7d220c0ad3a3bbc6c1	86707	arapongas	PR	2018-03-28	2018-03-28	1	1	29.90	29.90	0	2026-05-13 13:24:56.700
388	2089a6d640999f9b9141ac719b2af596	13566	sao carlos	SP	2017-04-17	2018-07-17	44	44	8830.82	200.70	0	2026-05-13 13:24:56.700
389	20a7efa9721046319bdde5d60b6b5365	88790	laguna	SP	2018-01-08	2018-02-08	3	6	501.20	83.53	0	2026-05-13 13:24:56.700
390	20a8b0dc55da94fe74d112082427c84f	13312	itu	SP	2018-07-31	2018-08-23	7	7	407.40	58.20	0	2026-05-13 13:24:56.700
391	20b54c376b794ed028df09a3cd88e8dc	9560	sao caetano do sul	SP	2017-09-16	2018-07-02	11	11	1342.95	122.09	0	2026-05-13 13:24:56.700
392	20cb7c2fde3e5bf10f0bbe7394e1c6a9	86385	andira-pr	PR	2017-03-14	2018-08-21	32	51	861.90	16.90	0	2026-05-13 13:24:56.700
393	20d53aad4fe5ee93a64f8839609d3586	37540	santa rita do sapucai	MG	2017-11-26	2018-05-14	2	2	51.90	25.95	0	2026-05-13 13:24:56.700
394	20d83f3ef0e6925fd74bfd59170babf7	2804	sao paulo	SP	2017-03-28	2018-08-28	40	54	2903.60	53.77	0	2026-05-13 13:24:56.700
395	20f0aeea30bc3b8c4420be8ced4226c0	13456	santa barbara d'oeste	SP	2017-02-05	2017-02-05	1	1	14.90	14.90	0	2026-05-13 13:24:56.700
396	20fd2d2080ed85fa67fad3fcbb2c1813	83405	colombo	PR	2018-04-30	2018-04-30	1	1	85.90	85.90	0	2026-05-13 13:24:56.700
397	2138ccb85b11a4ec1e37afbd1c8eda1f	8250	sao paulo	SP	2016-10-04	2018-08-28	396	429	12357.03	28.80	0	2026-05-13 13:24:56.700
398	213b25e6f54661939f11710a6fddb871	13321	salto	SP	2017-11-21	2018-08-14	155	194	15379.50	79.28	0	2026-05-13 13:24:56.700
399	213fafb0ca06fb3d5886579c2565791b	35700	sete lagoas	MG	2018-06-14	2018-08-23	3	3	189.70	63.23	0	2026-05-13 13:24:56.700
400	2156f2671501a81034d7d07f217609d0	4776	sp	SP	2017-08-28	2018-07-26	22	22	2981.50	135.52	0	2026-05-13 13:24:56.700
401	217f005bb37ff3aeef5b2ae1788e75ba	6038	osasco	SP	2017-04-21	2017-06-13	3	3	74.97	24.99	0	2026-05-13 13:24:56.700
402	218d46b86c1881d022bce9c68a7d4b15	14070	ribeirao preto	SP	2017-01-18	2018-08-22	388	427	55093.28	129.02	0	2026-05-13 13:24:56.700
403	218f991754f360af9c2daa5e0b8e990c	1123	sao paulo	SP	2017-12-18	2018-08-19	14	17	3554.32	209.08	0	2026-05-13 13:24:56.700
404	2199e7fe213c16213bf5d6a7eadc9a5d	11900	registro	SP	2016-10-10	2018-08-20	25	31	4078.29	131.56	0	2026-05-13 13:24:56.700
405	21c62b998a043ebe31161d38f84929fc	60110	fortaleza	CE	2018-07-16	2018-08-08	4	4	750.49	187.62	0	2026-05-13 13:24:56.700
406	21d59342ba150175ca2aa4f8faddeca6	8593	itaquaquecetuba	SP	2018-08-09	2018-08-22	2	2	259.90	129.95	0	2026-05-13 13:24:56.700
407	21e83881401b92b49fb09a16d3852291	38405	uberlandia	MG	2017-03-09	2018-01-29	14	15	3588.05	239.20	0	2026-05-13 13:24:56.700
408	2235cf78d3e2073a88146a9cb60f0dd0	4547	sao paulo	SP	2017-11-30	2017-11-30	1	1	178.99	178.99	0	2026-05-13 13:24:56.700
409	226b05fe067266c59c15dae208213d06	81520	curitiba	PR	2018-03-08	2018-04-12	10	11	1056.90	96.08	0	2026-05-13 13:24:56.700
410	228e4c1a0be164f613d41c24345f9d2c	86360	bandeirantes	PR	2018-05-07	2018-08-10	5	5	539.70	107.94	0	2026-05-13 13:24:56.700
411	229c3efbfb0ea2058de4ccdfbc3d784a	30190	belo horizonte	MG	2016-10-05	2018-08-17	121	148	15744.00	106.38	0	2026-05-13 13:24:56.700
412	22a23e5ac7061fc538cc2a019afaaf16	30310	belo horizonte	MG	2017-05-18	2017-05-18	1	1	95.00	95.00	0	2026-05-13 13:24:56.700
413	22c32ec35d0116ef02c281798a25bf8b	87043	maringa	PR	2018-01-30	2018-02-22	4	6	119.58	19.93	0	2026-05-13 13:24:56.700
414	2305ab43e846518f58dd9d59f3f54e96	8452	sao paulo	SP	2018-04-24	2018-06-18	3	3	788.89	262.96	0	2026-05-13 13:24:56.700
415	232a6014e7b10cba61c6c2b2ea6bb4b0	16500	cafelandia	SP	2017-02-04	2018-07-20	33	36	3919.87	108.89	0	2026-05-13 13:24:56.700
416	23613d49c3ac2bd302259e55c06c050c	13660	porto ferreira	SP	2016-10-08	2018-08-19	70	80	4293.00	53.66	0	2026-05-13 13:24:56.700
417	236585a4ddb5fea9fa40233e2249ed91	95088	caxias do sul	RS	2017-11-05	2018-08-09	11	11	649.53	59.05	0	2026-05-13 13:24:56.700
418	2379bdc3888025689a9deb7b141507d5	13806	mogi mirim	SP	2018-01-31	2018-08-03	9	9	999.50	111.06	0	2026-05-13 13:24:56.700
419	238fac594e170b59c6d228f5a4f4f1d9	17300	dois corregos	SP	2017-10-08	2018-08-19	29	30	3126.00	104.20	0	2026-05-13 13:24:56.700
420	23a0ffca143a15b9b5bbdb7d552f626a	13520	sao pedro	SP	2018-03-14	2018-08-14	23	24	3718.51	154.94	0	2026-05-13 13:24:56.700
421	23c38debaffe4a25a30fdbd9b586a13f	18110	votorantim	SP	2018-04-02	2018-08-07	41	46	5382.18	117.00	0	2026-05-13 13:24:56.700
422	23ca5f678e0b3ea6c630b30fa8bf51ea	2839	sao paulo	SP	2017-03-04	2017-05-04	6	7	183.00	26.14	0	2026-05-13 13:24:56.700
423	23d7c96d4a1160db1c726b248601b25a	13360	capivari	SP	2017-07-20	2018-08-16	53	55	11766.94	213.94	0	2026-05-13 13:24:56.700
424	23ff42c4bf1f8f16cddb19d8b972974a	37975	itau de minas	MG	2017-09-27	2017-11-17	2	3	174.70	58.23	0	2026-05-13 13:24:56.700
425	240b9776d844d37535668549a396af32	24120	niteroi	RJ	2018-07-17	2018-08-21	36	36	13592.08	377.56	0	2026-05-13 13:24:56.700
426	244b04680fdbded0acf5aebd9c92b44a	13211	jundiai	SP	2017-12-12	2018-03-28	3	3	3477.70	1159.23	0	2026-05-13 13:24:56.700
427	244c2f1bff6afe1f2eaf9bfe9b2aed38	8832	mogi das cruzes	SP	2017-02-07	2018-02-06	23	27	2580.00	95.56	0	2026-05-13 13:24:56.700
428	247587846358bb1d2e4c6522020b36fe	15093	sao jose do rio preto	SP	2018-06-17	2018-06-17	1	1	99.00	99.00	0	2026-05-13 13:24:56.700
429	2493dc3f20131696a0ecdb9948051a8d	71065	brasilia	DF	2017-01-24	2017-02-07	4	4	504.38	126.09	0	2026-05-13 13:24:56.700
430	249f0e9905a6e06ad6c6bea7547ab9f6	20950	rio de janeiro	RJ	2018-06-25	2018-08-03	3	3	347.95	115.98	0	2026-05-13 13:24:56.700
431	24a6daf925d9d591870a66660416de31	14078	robeirao preto	SP	2018-01-29	2018-05-06	2	2	60.00	30.00	0	2026-05-13 13:24:56.700
432	24c1de8d9551c0b4fbc53317d53efda8	58385	serra redonda	PB	2017-02-01	2017-02-01	1	1	355.00	355.00	0	2026-05-13 13:24:56.700
433	2528513dd95219a6013d4d05176e391a	6060	osasco	SP	2017-03-22	2018-08-24	161	167	32689.10	195.74	0	2026-05-13 13:24:56.700
434	2528744c5ef5d955adc318720a94d2e7	13202	jundiai	SP	2017-10-28	2018-06-27	5	5	6245.00	1249.00	0	2026-05-13 13:24:56.700
435	252e76235acb79183cfca6e34f13337d	13090	campinas	SP	2017-02-17	2018-06-01	3	4	261.20	65.30	0	2026-05-13 13:24:56.700
436	253c025bab43881055aeecde5e2d8b77	80620	curitiba	PR	2017-11-23	2018-07-10	2	2	94.82	47.41	0	2026-05-13 13:24:56.700
437	253f95b3a0e6983ae18aed49fbc2b845	4141	sao paulo	SP	2018-03-21	2018-06-11	5	5	799.50	159.90	0	2026-05-13 13:24:56.700
438	257e61d3251fb5efb9daadddbc2cf7ca	86804	apucarana	PR	2018-04-06	2018-08-15	12	12	7729.00	644.08	0	2026-05-13 13:24:56.700
439	258447aad3f7b01e2643c89f64dc5647	87210	cianorte	PR	2018-07-24	2018-07-24	1	1	51.90	51.90	0	2026-05-13 13:24:56.700
440	259f7b5e6e482c230e5bfaa670b6bb8f	8550	poa	SP	2017-03-23	2018-08-27	138	165	8526.04	51.67	0	2026-05-13 13:24:56.700
441	25be943a321c8938947bdaabca979a90	9725	sao bernardo do campo	SP	2018-05-09	2018-09-03	5	5	769.00	153.80	0	2026-05-13 13:24:56.700
442	25c5c91f63607446a97b143d2d535d31	35680	itauna	MG	2017-03-08	2018-03-28	158	269	54679.22	203.27	0	2026-05-13 13:24:56.700
443	25cf099de44674fde97473224f9d59ab	6716	cotia	SP	2017-06-06	2018-08-25	50	50	1654.36	33.09	0	2026-05-13 13:24:56.700
444	25debeafbce801fdd479539350185eee	17350	igaracu do tiete	SP	2017-06-05	2018-05-15	6	7	302.84	43.26	0	2026-05-13 13:24:56.700
445	25e47381a6c510ddeb36084e33b89f0c	11720	praia grande	SP	2017-05-16	2017-06-29	16	17	1289.60	75.86	0	2026-05-13 13:24:56.700
446	25e6ffe976bd75618accfe16cefcbd0d	5503	sao paulo	SP	2016-10-02	2018-06-24	108	117	11691.61	99.93	0	2026-05-13 13:24:56.700
447	262237171f48e85819065498cac80d7b	88352	brusque	SC	2018-02-18	2018-08-02	4	10	599.00	59.90	0	2026-05-13 13:24:56.700
448	2646baaf662d4d92ac48f047e35db92d	3303	sao paulo	SP	2018-04-29	2018-08-09	15	18	1263.05	70.17	0	2026-05-13 13:24:56.700
449	26562f211dd1364af2a8596dc945e8ae	9785	sao bernardo do campo	SP	2018-07-10	2018-07-31	2	2	99.00	49.50	0	2026-05-13 13:24:56.700
450	265fdc289dffa9f1ad801c74f7d0de47	15155	jaci	SP	2018-08-13	2018-08-13	1	1	495.00	495.00	0	2026-05-13 13:24:56.700
451	26785a546900236d66f2e4197c211158	8430	sao paulo	SP	2017-11-22	2018-07-24	15	15	1019.20	67.95	0	2026-05-13 13:24:56.700
452	269c5fc9fcadee614364c3620c30a1f9	7140	guarulhos	SP	2018-07-31	2018-08-08	3	6	209.60	34.93	0	2026-05-13 13:24:56.700
453	269cff2d3c8d205c11f37a52402ea93b	15803	catanduva	SP	2018-06-28	2018-08-10	4	5	1281.59	256.32	0	2026-05-13 13:24:56.700
454	26af45f5dfd967225a832838aa4e24a3	81070	curitiba	PR	2018-01-11	2018-08-22	10	11	573.10	52.10	0	2026-05-13 13:24:56.700
455	26b482dccfa29bd2e40703ba45523702	13450	santa barbara d´oeste	SP	2018-07-31	2018-08-20	3	4	344.78	86.19	0	2026-05-13 13:24:56.700
456	26bad72add1f86e08a776ce4ffdaf1ca	14470	pedregulho	SP	2017-09-13	2018-05-21	7	7	622.00	88.86	0	2026-05-13 13:24:56.700
457	26d6bbee02420494d471c9f6436929c0	81530	curitiba	PR	2018-04-05	2018-08-25	12	13	434.51	33.42	0	2026-05-13 13:24:56.700
458	26d8a1c7c75d513045798992ead43aa2	86800	apucarana	PR	2017-08-17	2018-08-12	36	38	8244.12	216.95	0	2026-05-13 13:24:56.700
459	26e13b6ff5b641b329e5524241ee2c93	14401	franca	SP	2018-08-01	2018-08-22	4	4	119.70	29.92	0	2026-05-13 13:24:56.700
460	26e2c91ef821e1ff8985f408788fe35b	14940	ibitinga	SP	2018-02-20	2018-07-24	12	14	1649.40	117.81	0	2026-05-13 13:24:56.700
461	26e2e5033827d2ba53929f43e03d8ffe	2611	sao paulo	SP	2018-08-25	2018-08-25	1	1	139.49	139.49	0	2026-05-13 13:24:56.700
462	26f6b7ab07be3e9e69ce82a6552efc19	21070	rio de janeiro	RJ	2018-08-14	2018-08-15	2	2	54.80	27.40	0	2026-05-13 13:24:56.700
463	270297ead4c65a6cd2593960d2af6b21	4696	sao paulo	SP	2017-03-15	2018-08-13	18	20	9422.40	471.12	0	2026-05-13 13:24:56.700
464	270572bb714b00531be85e16e1550f26	9370	maua	SP	2018-05-24	2018-05-24	1	1	96.99	96.99	0	2026-05-13 13:24:56.700
465	2709af9587499e95e803a6498a5a56e9	3813	sao paulo	SP	2017-02-15	2018-08-26	26	47	1279.56	27.22	0	2026-05-13 13:24:56.700
466	270d3ef21830ad0ecf3a6c53d08a533a	6380	carapicuiba	SP	2017-12-06	2018-04-28	6	18	509.00	28.28	0	2026-05-13 13:24:56.700
467	271b8923c6a549e02d3c9fd1f8c0422b	11704	praia grande	SP	2018-07-30	2018-07-30	1	1	105.19	105.19	0	2026-05-13 13:24:56.700
468	271c58a1d139c45eaf3316107c6d3a3b	3632	sao paulo	SP	2018-05-02	2018-08-14	29	29	3897.52	134.40	0	2026-05-13 13:24:56.700
469	272f092de69afedd4d2969440b37f18f	3265	sao paulo	SP	2017-02-05	2017-11-11	26	40	1935.33	48.38	0	2026-05-13 13:24:56.700
470	2745f798279e0ed033addcc1474776d7	3106	sao paulo	SP	2017-08-20	2018-05-30	32	32	3668.53	114.64	0	2026-05-13 13:24:56.700
471	276677b5d08786d5dce7c2149dcce48b	31730	belo horizonte	MG	2018-02-01	2018-08-13	33	47	3522.00	74.94	0	2026-05-13 13:24:56.700
472	278b6e0b20c4f61fefaa0577943d7a35	88316	itajai	SC	2018-05-10	2018-05-10	1	2	1078.00	539.00	0	2026-05-13 13:24:56.700
473	27a56ff04b34c2ba34ce6ba4d3b9d616	13033	campinas	SP	2017-04-05	2017-10-13	8	8	349.29	43.66	0	2026-05-13 13:24:56.700
474	282c7480173bb9c01dd41cc739fec010	4795	sao paulo	SP	2017-08-07	2017-08-20	5	8	4274.20	534.27	0	2026-05-13 13:24:56.700
475	282f23a9769b2690c5dda22e316f9941	31573	belo horizonte	MG	2017-07-14	2018-08-23	99	110	6505.08	59.14	0	2026-05-13 13:24:56.700
476	28405831a29823802aa22c084cfd0649	3644	sao paulo	SP	2018-06-26	2018-08-18	7	7	245.00	35.00	0	2026-05-13 13:24:56.700
477	28872dc528e978a639754bc8c2ce5a4c	95070	caxias do sul	RS	2018-06-11	2018-06-11	1	1	1009.90	1009.90	0	2026-05-13 13:24:56.700
478	289cdb325fb7e7f891c38608bf9e0962	31570	belo horizonte	SP	2018-02-21	2018-08-25	110	126	13544.95	107.50	0	2026-05-13 13:24:56.700
479	28a26ebce31d5918b181ede016fd693b	31950	belo horizonte	MG	2018-08-13	2018-08-13	1	1	29.90	29.90	0	2026-05-13 13:24:56.700
480	28c7d8743fbc8679f484868cc0fcaefb	18480	itaporanga	SP	2018-05-05	2018-08-10	3	3	201.50	67.17	0	2026-05-13 13:24:56.700
481	28d162ab86bb49d719c32f0ee6186eaa	14079	ribeirao preto	SP	2017-09-19	2017-09-19	1	1	109.99	109.99	0	2026-05-13 13:24:56.700
482	28ea411b354f14b1a494be4e79f0ce02	5685	sao paulo	SP	2017-02-28	2018-01-30	6	6	820.00	136.67	0	2026-05-13 13:24:56.700
483	28f10b1c5e5abb9d4857745bede6147c	4250	sao paulo	SP	2018-04-28	2018-08-17	28	28	835.00	29.82	0	2026-05-13 13:24:56.700
484	28fb0829fd777877cdc350d25cb5bd5b	15051	sao jose do rio pret	SP	2017-10-29	2018-01-09	4	4	499.60	124.90	0	2026-05-13 13:24:56.700
485	293dee954235e4e4e43f129313625ebe	72125	brasilia	DF	2017-10-11	2018-01-16	8	8	1778.92	222.37	0	2026-05-13 13:24:56.700
486	2953ce3a88f5e3c3b696d77fc9e4c8eb	4270	sao paulo	SP	2017-10-01	2018-08-23	14	15	470.00	31.33	0	2026-05-13 13:24:56.700
487	296729ffb9b684050dd24836dac4494a	80240	curitiba	SP	2018-05-10	2018-08-02	2	2	114.00	57.00	0	2026-05-13 13:24:56.700
488	297d5eccd19fa9a83b2630071ff105e4	80710	curitiba	PR	2018-07-19	2018-08-23	8	8	834.97	104.37	0	2026-05-13 13:24:56.700
489	299c89a525fee36c567f4fe72f038100	63540	varzea alegre	CE	2018-07-01	2018-08-08	2	2	658.00	329.00	0	2026-05-13 13:24:56.700
490	29c322e3f09f886f8bacbe91dfbd979e	97110	santa maria	RS	2018-08-22	2018-08-22	1	2	48.98	24.49	0	2026-05-13 13:24:56.700
491	29e6e05b65f93bc224c644319dc52ecf	36010	juiz de fora	MG	2018-06-28	2018-08-17	4	4	475.60	118.90	0	2026-05-13 13:24:56.700
492	29fe9f200d3fa0c668d2aa1ec7e08dfb	88330	balneario camboriu	SC	2017-06-16	2017-09-03	5	5	400.00	80.00	0	2026-05-13 13:24:56.700
493	2a1348e9addc1af5aaa619b1a3679d6b	30494	belo horizonte	MG	2017-01-14	2018-08-02	52	55	2843.00	51.69	0	2026-05-13 13:24:56.700
494	2a167ca73899c85001a837d8fb4962f6	37540	sao paulo	SP	2018-07-17	2018-07-24	2	3	4097.00	1365.67	0	2026-05-13 13:24:56.700
495	2a261b5b644fa05f4f2700eb93544f2c	13660	porto ferreira	SP	2017-10-16	2018-08-01	51	82	5355.00	65.30	0	2026-05-13 13:24:56.700
496	2a50b7ee5aebecc6fd0ff9784a4747d6	72580	brasilia	DF	2017-11-27	2017-11-27	1	2	199.80	99.90	0	2026-05-13 13:24:56.700
497	2a5b78b41cd05baeac8df54c6606b92c	35570	formiga	MG	2017-07-02	2018-08-15	49	60	19025.36	317.09	0	2026-05-13 13:24:56.700
498	2a61c271b1ac763450d846849783e922	9175	santo andre	SP	2017-09-12	2018-02-19	18	23	1516.76	65.95	0	2026-05-13 13:24:56.700
499	2a6fbeaa7ab9e5d59a35841a8da71ce4	89259	jaragua do sul	SC	2017-03-08	2018-07-01	30	30	1632.79	54.43	0	2026-05-13 13:24:56.700
500	2a73cba571d90c694b7caca072ccf6ce	9560	sao caetano do sul	SP	2018-07-26	2018-07-26	1	2	342.78	171.39	0	2026-05-13 13:24:56.700
501	2a7c6c0b0d5efde2bf75ec1e1cec2d41	87015	maringa	PR	2017-11-14	2017-12-11	3	3	147.60	49.20	0	2026-05-13 13:24:56.700
502	2a7dc43cecabf23403078e2188437d1d	4142	sao paulo	SP	2017-11-03	2018-06-03	52	54	4795.91	88.81	0	2026-05-13 13:24:56.700
503	2a84855fd20af891be03bc5924d2b453	30111	belo horizonte	MG	2017-12-28	2018-08-29	164	168	15819.10	94.16	0	2026-05-13 13:24:56.700
504	2aa3443d7bf9d9bb11133f420d75e083	22713	rio de janeiro	RJ	2017-11-14	2018-08-13	10	10	647.00	64.70	0	2026-05-13 13:24:56.700
505	2aafae69bf4c41fbd94053d9413e87ee	91901	porto alegre	RS	2018-05-24	2018-07-24	2	2	94.00	47.00	0	2026-05-13 13:24:56.700
506	2addf05f476d0637864454e93ba673d5	70856	brasilia	DF	2017-08-03	2018-03-18	12	12	4552.00	379.33	0	2026-05-13 13:24:56.700
507	2b03ac196f5ed62ac483960fe0fa3b65	2510	sao paulo	SP	2017-11-10	2018-01-14	7	7	843.10	120.44	0	2026-05-13 13:24:56.700
508	2b1a40c1daabc6ca280c4b815c101841	35500	divinopolis	MG	2016-10-09	2018-06-16	23	35	12732.60	363.79	0	2026-05-13 13:24:56.700
509	2b2fed75b8e5ea3a052fc4c0825da485	36015	juiz de fora	MG	2017-04-23	2017-07-29	3	4	510.90	127.72	0	2026-05-13 13:24:56.700
510	2b3b9ce054da76a7428df143a567b156	3572	sao paulo	SP	2018-06-17	2018-08-19	5	6	301.00	50.17	0	2026-05-13 13:24:56.700
511	2b3e4a2a3ea8e01938cabda2a3e5cc79	4733	sao paulo	SP	2017-05-09	2018-07-27	52	54	23629.15	437.58	0	2026-05-13 13:24:56.700
512	2b402d5dc42554061f8ea98d1916f148	44900	irece	BA	2018-04-28	2018-04-28	1	1	299.89	299.89	0	2026-05-13 13:24:56.700
513	2b5ed0c9139dae8883a200dfcb272ece	4087	sao paulo	SP	2017-04-03	2017-11-06	4	4	85.41	21.35	0	2026-05-13 13:24:56.700
514	2ba91c7ad80ff88b23b7db823b43c233	13310	itu	SP	2018-04-04	2018-08-12	6	6	740.40	123.40	0	2026-05-13 13:24:56.700
515	2bd05d410a8fd26dc4184a15f4f2f588	31130	belo horizonte	MG	2017-01-27	2017-10-21	6	7	1316.73	188.10	0	2026-05-13 13:24:56.700
516	2bdb95a56a36ebbc6640337ac5eac174	4054	sao paulo	SP	2017-01-27	2017-01-27	1	1	89.90	89.90	0	2026-05-13 13:24:56.700
517	2be17df1c49978426251562096c3cc09	88704	tubarao	SC	2017-01-17	2018-06-30	16	16	2165.00	135.31	0	2026-05-13 13:24:56.700
518	2bf28e311bba65237358230cabac3f15	86047	londrina	PR	2018-04-03	2018-08-12	7	8	294.00	36.75	0	2026-05-13 13:24:56.700
519	2bf6a2c1e71bbd29a4ad64e6d3c3629f	28615	nova friburgo	RJ	2017-11-02	2018-08-13	30	31	50628.90	1633.19	0	2026-05-13 13:24:56.700
520	2c00c85d30361cd2ced2969cffbbffa3	31160	belo horizonte	MG	2018-04-16	2018-04-16	1	1	49.80	49.80	0	2026-05-13 13:24:56.700
521	2c2c9832d1bb38c5b0034a3b47d313ee	97050	santa maria	RS	2018-07-27	2018-07-27	1	1	49.90	49.90	0	2026-05-13 13:24:56.700
522	2c3d56f92f360fb89d849b84e8f50eae	6420	barueri	SP	2017-10-06	2018-03-23	8	8	465.60	58.20	0	2026-05-13 13:24:56.700
523	2c43fb513632d29b3b58df74816f1b06	30421	belo horizonte	MG	2018-06-20	2018-07-23	3	3	858.00	286.00	0	2026-05-13 13:24:56.700
524	2c4c47cb51acd5ea5db5e0ae0e26542a	15290	buritama	SP	2017-09-04	2018-07-29	12	15	2575.90	171.73	0	2026-05-13 13:24:56.700
525	2c538755f1ca9540af144f266e70df6c	39801	castro pires	MG	2018-05-12	2018-05-12	1	1	334.99	334.99	0	2026-05-13 13:24:56.700
526	2c54051840f19eca309a5423cf22df36	81830	curitiba	PR	2017-12-04	2018-04-04	2	2	23.70	11.85	0	2026-05-13 13:24:56.700
527	2c9005d8043aff18b8557ffb7b13cda4	29304	cachoeiro de itapemirim	ES	2018-05-07	2018-05-07	1	1	109.90	109.90	0	2026-05-13 13:24:56.700
528	2c9e548be18521d1c43cde1c582c6de8	8752	mogi das cruzes	SP	2017-10-06	2018-08-27	126	174	6109.44	35.11	0	2026-05-13 13:24:56.700
529	2cb4700db635baa1c0d4f90ed27b6669	81070	curitiba	PR	2017-03-15	2017-03-18	2	2	199.80	99.90	0	2026-05-13 13:24:56.700
530	2cb6eb1b7185064167657fa09f541105	34710	sabara	MG	2018-02-20	2018-08-03	6	7	1217.90	173.99	0	2026-05-13 13:24:56.700
531	2cb98e27ce1c18abdb42209b34c382a7	14085	ribeirao preto	SP	2018-06-19	2018-06-19	1	1	62.49	62.49	0	2026-05-13 13:24:56.700
532	2d20f1cd18725c91147da0791d498022	86040	londrina	PR	2018-08-11	2018-08-11	1	1	99.80	99.80	0	2026-05-13 13:24:56.700
533	2d22fc3089eb907b29ebff50581fb472	27972	macae	RJ	2018-04-13	2018-04-29	3	3	317.70	105.90	0	2026-05-13 13:24:56.700
534	2d2322d842118867781fc737e96d59a1	5879	sao paulo	SP	2018-06-08	2018-08-25	8	10	176.40	17.64	0	2026-05-13 13:24:56.700
535	2d2c62bef4c8ba0dd74e0e228e808539	14096	ribeirao preto	SP	2017-11-20	2018-08-23	16	16	3749.00	234.31	0	2026-05-13 13:24:56.700
536	2d34636518ba88f5349b732fcf8ba2e4	1039	sao paulo	SP	2018-04-30	2018-04-30	1	1	150.00	150.00	0	2026-05-13 13:24:56.700
537	2d378dbb39815785238c0139c7647fb7	89240	sao francisco do sul	SC	2017-04-13	2017-05-17	2	2	1154.00	577.00	0	2026-05-13 13:24:56.700
538	2d42ebcda99fd55f6f4bc2f1ca035d50	76400	uruacu	GO	2018-06-24	2018-08-08	10	11	921.50	83.77	0	2026-05-13 13:24:56.700
539	2d50d6282f8aa2257819a77bfaa0efe0	14940	ibitinga	SP	2017-08-31	2018-08-11	44	45	3353.48	74.52	0	2026-05-13 13:24:56.700
540	2d518637f53161b973e01f56ea4bb88e	2992	sao paulo	SP	2018-04-13	2018-07-30	13	13	1219.89	93.84	0	2026-05-13 13:24:56.700
541	2d8cfba3fcd3170555941605edaa196a	6080	osasco	SP	2017-03-15	2017-03-15	1	1	45.00	45.00	0	2026-05-13 13:24:56.700
542	2d9e8987a2ea5cf88dce330249043ff1	15155	jaci	SP	2018-08-02	2018-08-18	2	2	239.80	119.90	0	2026-05-13 13:24:56.700
543	2dcf93836ae3ce0d7c93e2f10876467a	12240	sao jose dos campos	SP	2018-06-23	2018-08-07	9	12	1443.80	120.32	0	2026-05-13 13:24:56.700
544	2dd1fb6f0e42a2243b8a01e40cd41216	80240	curitiba	PR	2017-02-20	2017-04-22	4	5	845.89	169.18	0	2026-05-13 13:24:56.700
545	2dee2ce60de9709b1a24083217181a1f	78552	sinop	MT	2017-07-18	2018-06-28	54	55	7784.50	141.54	0	2026-05-13 13:24:56.700
546	2e0dba2da448400b1c11d7b4b22f32a4	9070	santo andre	SP	2017-02-10	2017-05-21	7	13	235.87	18.14	0	2026-05-13 13:24:56.700
547	2e13c71026e1a39ba5cc1b86dcb679aa	2265	sao paulo	SP	2017-12-27	2018-08-23	24	28	3793.00	135.46	0	2026-05-13 13:24:56.700
548	2e1a7d075abe038c1b2743005fe42ff1	3461	sao paulo	SP	2017-08-25	2018-08-01	19	23	1396.70	60.73	0	2026-05-13 13:24:56.700
549	2e1c9f22be269ef4643f826c9e650a52	4850	sao paulo	SP	2017-07-18	2018-08-24	167	173	12687.68	73.34	0	2026-05-13 13:24:56.700
550	2e2f44824ab87a0cb961f68bf4073e7f	82315	curitiba	PR	2018-04-02	2018-04-02	1	1	48.00	48.00	0	2026-05-13 13:24:56.700
551	2e3be8a987a30d7544dbbda6861cc14e	30620	belo horizonte	MG	2017-02-07	2018-07-18	18	19	4430.84	233.20	0	2026-05-13 13:24:56.700
552	2e7ea2aafec5835e781b21d6d1faf1f1	2820	sao paulo	SP	2018-07-05	2018-08-23	7	7	528.40	75.49	0	2026-05-13 13:24:56.700
553	2e90cb1677d35cfe24eef47d441b7c87	2285	sao paulo	SP	2017-03-08	2018-08-26	127	137	13894.71	101.42	0	2026-05-13 13:24:56.700
554	2ea0861cc19e94cad86438c984c52da4	3731	sao paulo	SP	2018-05-17	2018-07-17	6	6	165.60	27.60	0	2026-05-13 13:24:56.700
555	2eb70248d66e0e3ef83659f71b244378	13101	campinas	SP	2018-02-06	2018-07-19	202	212	42628.61	201.08	0	2026-05-13 13:24:56.700
556	2ec6e37d992a95eaddb3369dcbcc76d9	91310	porto alegre	RS	2017-08-18	2017-10-06	2	2	159.80	79.90	0	2026-05-13 13:24:56.700
557	2ee0a0689f2f6a72f35a7cb6033f6e7e	19025	presidente prudente	SP	2017-11-14	2017-11-26	4	4	272.00	68.00	0	2026-05-13 13:24:56.700
558	2eeb6531ee027a48d401e72bebdd87d3	12230	sao jose dos campos	SP	2017-02-07	2017-02-14	3	3	38.70	12.90	0	2026-05-13 13:24:56.700
559	2ef086a599b597572aca4433b7ed6b3d	89256	jaragua do sul	SC	2018-01-11	2018-01-11	1	1	49.00	49.00	0	2026-05-13 13:24:56.700
560	2f09f7d37a97956d11cc1a7cadd5262b	14090	ribeirao preto	SP	2017-02-07	2017-09-23	11	12	2005.00	167.08	0	2026-05-13 13:24:56.700
561	2f1e7b90e01d9f086cbcb301c0c3d406	89022	blumenau	SC	2017-11-27	2017-11-27	1	1	59.00	59.00	0	2026-05-13 13:24:56.700
562	2f3d8b4c9e2ee165075331fea3f3095a	88107	sao jose	SC	2017-10-13	2017-10-13	1	1	130.00	130.00	0	2026-05-13 13:24:56.700
563	2f4b0d3b9634b647d4edee577d7ebb7e	2310	sao paulo	SP	2018-01-26	2018-03-10	10	11	337.90	30.72	0	2026-05-13 13:24:56.700
564	2f4b9d112bfa44a214bc6cef085d17c8	29600	afonso claudio	ES	2016-10-07	2017-04-16	5	6	293.99	49.00	0	2026-05-13 13:24:56.700
565	2f73e04d12cdf0c945ded66bb3fcf6c7	29313	cachoeiro de itapemirim	ES	2017-02-15	2018-08-19	3	3	1359.00	453.00	0	2026-05-13 13:24:56.700
566	2f74af7a0ee5636f12c2336f9fffed47	2376	sao paulo	SP	2017-06-04	2017-11-20	13	13	560.70	43.13	0	2026-05-13 13:24:56.700
567	2f9b7ce230a057a98a9f5df5893ee36c	6460	barueri	SP	2017-05-17	2017-06-18	2	2	141.82	70.91	0	2026-05-13 13:24:56.700
568	2fa13c8bd5705d279f7ed5cc9ec61c68	4679	sao paulo	SP	2018-04-20	2018-07-10	2	4	87.40	21.85	0	2026-05-13 13:24:56.700
569	2fb25ab44bdbeae6a4d816e0d0c9d500	27274	volta redonda	RJ	2017-08-18	2018-06-22	5	5	683.08	136.62	0	2026-05-13 13:24:56.700
570	2fdde51ad3e12f297da656d4fbd5d0b5	89228	joinville	SC	2017-04-17	2017-10-16	10	10	6252.00	625.20	0	2026-05-13 13:24:56.700
571	2ff6b7bff164ef05590a52734e1296da	86060	londrina	PR	2017-11-01	2018-05-11	7	7	1803.59	257.66	0	2026-05-13 13:24:56.700
572	2ff97219cb8622eaf3cd89b7d9c09824	13320	salto	SP	2018-02-16	2018-08-25	89	96	4476.90	46.63	0	2026-05-13 13:24:56.700
573	3076499bbc033a927bf4a8a41bcf7fd4	15350	auriflama	SP	2018-05-03	2018-08-22	7	9	359.33	39.93	0	2026-05-13 13:24:56.700
574	3078096983cf766a32a06257648502d1	13720	scao jose do rio pardo	SP	2017-05-19	2018-05-09	59	64	8285.42	129.46	0	2026-05-13 13:24:56.700
575	30829ded4523ab9224b93bc49a62c95f	95360	parai	RS	2018-01-10	2018-08-23	18	31	6911.71	222.96	0	2026-05-13 13:24:56.700
576	3092c0b297aacfb4bb6e056ebe13b9b8	7402	aruja	SP	2018-01-18	2018-06-29	19	21	1623.90	77.33	0	2026-05-13 13:24:56.700
577	30a2f535bb48308f991d0b9ad4a8c4bb	13457	santa barbara d'oeste	SP	2017-02-04	2018-07-27	71	87	4731.30	54.38	0	2026-05-13 13:24:56.700
578	30a81d8cf85fb2ada1b1b094c9583a95	3563	sao paulo	SP	2018-02-22	2018-08-15	17	20	1245.42	62.27	0	2026-05-13 13:24:56.700
579	30c7f28fd3a5897b2c82d152bb760c17	24020	niteroi	RJ	2017-04-22	2017-11-28	7	7	2178.27	311.18	0	2026-05-13 13:24:56.700
580	312ba1d77e9c332ef21f9598b7f64cd7	7179	guarulhos	SP	2018-01-29	2018-07-23	9	10	756.00	75.60	0	2026-05-13 13:24:56.700
581	31344c16881c08a8a72c6d2eb29918c1	36500	uba	MG	2017-01-26	2018-08-20	43	43	9615.70	223.62	0	2026-05-13 13:24:56.700
582	31561f325664a8a7aba4c8d0c3a9b3db	3287	sao paulo	SP	2018-06-05	2018-08-17	36	38	2702.19	71.11	0	2026-05-13 13:24:56.700
583	318f287a62ab7ac10b703ac37435a231	4773	sao paulo	SP	2017-02-08	2018-08-24	52	62	2517.48	40.60	0	2026-05-13 13:24:56.700
584	31ae0774c17fabd06ff707cc5bde005f	13478	americana	SP	2017-05-08	2018-08-25	11	11	6719.85	610.90	0	2026-05-13 13:24:56.700
585	31be790e64fc99f8ff48ec2bd18a3104	9690	sao bernardo do campo	SP	2018-07-29	2018-08-17	6	6	241.40	40.23	0	2026-05-13 13:24:56.700
586	31da954dc0855f2495c6310f70a2f931	13601	araras	SP	2017-09-10	2018-08-20	29	30	4583.00	152.77	0	2026-05-13 13:24:56.700
587	31e60bf8d103ce47932a85f5562deb16	74590	goiania	GO	2018-07-11	2018-07-11	1	1	181.00	181.00	0	2026-05-13 13:24:56.700
588	31eec405c9bb71dec8e2629a92e764fa	29300	cachoeiro de itapemirim	ES	2018-06-27	2018-08-10	5	5	256.89	51.38	0	2026-05-13 13:24:56.700
589	323ce52b5b81df2cd804b017b7f09aa7	3306	sao paulo	SP	2018-01-26	2018-08-02	30	30	2554.20	85.14	0	2026-05-13 13:24:56.700
590	324583d68897f5ddbaf38f6248322176	15046	sao jose do rio preto	SP	2018-02-21	2018-02-25	2	3	84.00	28.00	0	2026-05-13 13:24:56.700
591	325f3178fb58e2a9778334621eecdbf9	6790	taboao da serra	SP	2017-03-09	2018-01-29	36	46	981.70	21.34	0	2026-05-13 13:24:56.700
592	327b89b872c14d1c0be7235ef4871685	69005	manaus	AM	2017-02-03	2017-03-15	3	3	1177.00	392.33	0	2026-05-13 13:24:56.700
593	3289d8c3eef4873f91ce0b1343c0dd58	11701	praia grande	SP	2018-05-25	2018-05-25	1	1	199.99	199.99	0	2026-05-13 13:24:56.700
594	328acb143b4a73aad6bee8e734f5d20d	85865	foz do iguacu	PR	2017-02-06	2017-02-10	2	2	699.98	349.99	0	2026-05-13 13:24:56.700
595	3296662b1331dea51e744505065ae889	15805	catanduva	SP	2018-08-27	2018-08-27	1	1	517.80	517.80	0	2026-05-13 13:24:56.700
596	32b8764b4ef628b53608fc34011fcc13	88504	lages	SC	2018-03-06	2018-08-22	36	38	8884.00	233.79	0	2026-05-13 13:24:56.700
597	32e5635e63cb374eb63afdd242fb6134	22451	rio de janeiro	RJ	2017-08-15	2017-08-15	1	1	910.00	910.00	0	2026-05-13 13:24:56.700
598	32f1bb9dfa65bc7df5c0d9d95a616be4	4705	sao paulo	SP	2018-03-18	2018-08-08	5	6	276.39	46.07	0	2026-05-13 13:24:56.700
599	32f83ffe11cd40f7adcf4eef171f52d9	97502	uruguaiana	RS	2017-11-19	2017-11-19	1	1	29.99	29.99	0	2026-05-13 13:24:56.700
600	32fdd5d44ecb43dfd6a24b9369eca144	35557	carmo do cajuru	MG	2017-03-22	2017-05-15	8	8	479.20	59.90	0	2026-05-13 13:24:56.700
601	3338e7a0710a195872be80e0d2423867	13403	piracicaba	SP	2017-04-08	2017-04-08	1	1	45.00	45.00	0	2026-05-13 13:24:56.700
602	333c4210e76a1aa2ab817b99437e3ff1	13880	vargem grande do sul	SP	2018-07-17	2018-08-10	2	2	335.00	167.50	0	2026-05-13 13:24:56.700
603	3340ef1913fb70d28420f6ceb685c339	87040	maringa	PR	2017-01-18	2017-11-23	32	42	6731.15	160.27	0	2026-05-13 13:24:56.700
604	334cab711dee080b079fa5779b584783	9190	santo andre	SP	2018-04-08	2018-07-29	11	26	1069.70	41.14	0	2026-05-13 13:24:56.700
605	33576ec5412fb5905d876f12f33bfde6	80040	curitiba	PR	2017-07-12	2018-06-24	31	32	2718.00	84.94	0	2026-05-13 13:24:56.700
606	3361277dc30b7cccdb0c286b24219756	87015	maringa	PR	2017-02-11	2018-08-18	29	42	3905.05	92.98	0	2026-05-13 13:24:56.700
607	3364a91ec4d56c98e44174de954b94f6	76804	porto velho	RO	2017-04-29	2017-08-29	6	6	3579.94	596.66	0	2026-05-13 13:24:56.700
608	33a17d60c64393351ebf1ef860f4e0f2	91510	porto alegre	RS	2017-07-08	2018-08-14	43	47	8152.48	173.46	0	2026-05-13 13:24:56.700
609	33a6f4b1e7cdc205511e76ba1b6e0186	7084	guarulhos	SP	2018-01-26	2018-08-28	105	126	10295.01	81.71	0	2026-05-13 13:24:56.700
610	33ab10be054370c254ddfcf0a6253422	22790	rio de janeiro	RJ	2018-06-22	2018-08-28	4	4	213.20	53.30	0	2026-05-13 13:24:56.700
611	33ac3e28642ab8bda860a2f693000e78	6717	cotia	SP	2017-02-09	2018-07-23	34	35	3661.03	104.60	0	2026-05-13 13:24:56.700
612	33c51922b6e3c16b24a8f28e5833c99d	86010	londrina	PR	2017-12-02	2018-08-01	18	20	6657.87	332.89	0	2026-05-13 13:24:56.700
613	33cbbec1e7e1044aaf11d152172c776f	95705	bento goncalves	RS	2018-04-03	2018-08-18	15	16	730.67	45.67	0	2026-05-13 13:24:56.700
614	33cbda8716511e27e556dff9d8418bf2	89052	blumenau	SC	2017-03-30	2018-06-05	5	6	507.40	84.57	0	2026-05-13 13:24:56.700
615	33d677f27a69b84051204ee4ae76eaca	89218	joinville	SC	2018-03-17	2018-07-20	9	10	165.00	16.50	0	2026-05-13 13:24:56.700
616	33dd941c27854f7625b968cc6195a552	29107	vila velha	ES	2018-05-27	2018-08-03	5	5	6787.50	1357.50	0	2026-05-13 13:24:56.700
617	33fd411ed63a7c2f9005e3f065d9f85d	98290	condor	RS	2018-04-11	2018-04-11	1	1	24.90	24.90	0	2026-05-13 13:24:56.700
618	34056b8b55c1775a22af2331670a799c	16304	penapolis	SP	2017-11-16	2018-08-23	78	78	6455.40	82.76	0	2026-05-13 13:24:56.700
619	340636a908b13bbe0f4fb63fbe1d0c03	12240	sao jose dos campos	SP	2018-02-25	2018-05-06	5	6	823.20	137.20	0	2026-05-13 13:24:56.700
620	343e716476e3748b069f980efbaa294e	13033	campinas	SP	2017-04-19	2018-08-10	17	24	922.60	38.44	0	2026-05-13 13:24:56.700
621	3442033154be05bac582e173ef54fd12	5413	sao paulo	SP	2018-08-16	2018-08-16	1	1	161.00	161.00	0	2026-05-13 13:24:56.700
622	344223b2a90784f64136a8a5da012e7f	89117	gaspar	SC	2018-01-17	2018-01-17	1	1	10.90	10.90	0	2026-05-13 13:24:56.700
623	3442f8959a84dea7ee197c632cb2df15	13023	campinas	SP	2017-05-05	2017-08-30	3	3	218.70	72.90	0	2026-05-13 13:24:56.700
624	34675b28b826facfde119785bf287dc1	85802	cascavael	PR	2017-08-01	2017-08-01	1	1	21.99	21.99	0	2026-05-13 13:24:56.700
625	3481aa57cd91f9f9d3fa1fa12d9a3bf7	13360	capivari	SP	2016-10-04	2017-08-22	25	25	1773.03	70.92	0	2026-05-13 13:24:56.700
626	3492e68f37fd1df87f4f2f2ea247f445	13322	salto	SP	2018-05-09	2018-08-08	8	9	787.86	87.54	0	2026-05-13 13:24:56.700
627	34a557286ead8fe75c989e0afcf7d98c	14406	franca	SP	2018-05-14	2018-08-18	4	4	414.90	103.72	0	2026-05-13 13:24:56.700
628	34aefe746cd81b7f3b23253ea28bef39	81210	curitiba	PR	2017-05-05	2017-05-05	1	1	8.00	8.00	0	2026-05-13 13:24:56.700
629	34d1ca11b242c0fee2c834ae8d788566	36415	congonhas	MG	2017-03-01	2018-08-07	40	41	13422.24	327.37	0	2026-05-13 13:24:56.700
630	34f563c82a85b99ae9e6d60db5fc2e28	93700	campo bom	RS	2018-04-13	2018-08-06	8	8	2332.30	291.54	0	2026-05-13 13:24:56.700
631	3504c0cb71d7fa48d967e0e4c94d59d9	9350	maua	SP	2017-07-05	2017-11-06	53	53	2349.94	44.34	0	2026-05-13 13:24:56.700
632	35281d148dcf7134bae913c57db4e6da	5171	sao paulo	SP	2018-07-19	2018-07-19	1	1	119.99	119.99	0	2026-05-13 13:24:56.700
633	353e21e8bf8de2722b4fae1636664b76	92120	canoas	RS	2018-02-27	2018-06-16	4	4	208.00	52.00	0	2026-05-13 13:24:56.700
634	35857757f553273b1056c1cabdace7fb	14020	ribeirao preto	SP	2017-07-24	2018-03-28	6	6	454.60	75.77	0	2026-05-13 13:24:56.700
635	3586b8580d9c917874e053a1bb37b5ff	14802	araraquara	SP	2017-05-05	2018-08-12	36	43	1524.70	35.46	0	2026-05-13 13:24:56.700
636	35b96509602ec4b7da831b5cd73ff2c2	93040	sao leopoldo	RS	2018-05-08	2018-08-03	2	2	558.90	279.45	0	2026-05-13 13:24:56.700
637	35ef5aa32949680f627efec3c23e705c	88960	sombrio	SC	2017-03-28	2017-07-11	4	5	361.60	72.32	0	2026-05-13 13:24:56.700
638	35fb511489d9ee3ee27a76debce9df06	86061	londrina	PR	2017-02-22	2018-04-09	7	7	414.50	59.21	0	2026-05-13 13:24:56.700
639	3606774ec64634822d78dc2db6d37045	9510	sao caetano do sul	SP	2016-10-04	2017-01-25	2	2	299.80	149.90	0	2026-05-13 13:24:56.700
640	365e445f796710c3431557e85caa25db	4083	sao paulo	SP	2017-02-01	2017-06-16	4	5	1115.00	223.00	0	2026-05-13 13:24:56.700
641	365e4bce19bda0082c3d15d83fdb8bcd	9570	sao caetano do sul	SP	2018-01-22	2018-06-29	6	7	796.40	113.77	0	2026-05-13 13:24:56.700
642	36890be00bbfc1cdb9a4a38a6af05a69	6040	osasco	SP	2018-06-04	2018-08-19	13	13	1361.30	104.72	0	2026-05-13 13:24:56.700
643	36a968b544695394e4e9d7572688598f	11010	santos	SP	2017-02-22	2018-08-27	154	162	9482.87	58.54	0	2026-05-13 13:24:56.700
644	36f98ad67cc981f50ce8aed093d5783c	85904	toledo	PR	2018-07-25	2018-08-01	2	2	119.40	59.70	0	2026-05-13 13:24:56.700
645	37303482a42fb700d8d127e70a9cd6c8	13070	campinas	SP	2017-12-11	2017-12-14	2	2	148.89	74.44	0	2026-05-13 13:24:56.700
646	373ee4a3a775a733770ca3f790b8b9ac	22793	rio de janeiro	RJ	2017-02-06	2018-05-08	13	22	2141.49	97.34	0	2026-05-13 13:24:56.700
647	37515688008a7a40ac93e3b2e4ab203f	17900	dracena	SP	2017-07-10	2018-07-16	228	240	5986.60	24.94	0	2026-05-13 13:24:56.700
648	376a891762bbdecbc02b4b6adec3fdda	74323	goiania	GO	2017-05-20	2018-05-02	57	58	6406.23	110.45	0	2026-05-13 13:24:56.700
649	376d67b61dce0c990155286e7ae486a4	4815	sao paulo	SP	2018-03-01	2018-03-01	1	1	94.00	94.00	0	2026-05-13 13:24:56.700
650	3771c85bac139d2344864ede5d9341e3	18087	sorocaba	SP	2017-05-25	2017-12-12	26	30	1433.30	47.78	0	2026-05-13 13:24:56.700
651	377bc18334c78dd2f1535ef22a3ad225	83015	sao jose dos pinhais	PR	2018-08-18	2018-08-18	1	1	135.98	135.98	0	2026-05-13 13:24:56.700
652	3785b653b1b82de85ab47dd139938091	85640	ampere	PR	2017-08-24	2018-08-01	21	24	1552.00	64.67	0	2026-05-13 13:24:56.700
653	37be5a7c751166fbc5f8ccba4119e043	4248	sao paulo	SP	2017-05-03	2018-05-21	272	281	55350.55	196.98	0	2026-05-13 13:24:56.700
654	37ceb404da208418c9032f0674e57804	4615	sao paulo	SP	2018-05-22	2018-05-22	1	3	204.93	68.31	0	2026-05-13 13:24:56.700
655	37dd29b36c458d82f74a953c40c43645	13480	limeira	SP	2017-10-08	2018-05-28	7	8	4536.99	567.12	0	2026-05-13 13:24:56.700
656	38102b031c2a15e54623d711bfc753d3	62170	mucambo	CE	2017-02-09	2018-02-14	9	11	457.00	41.55	0	2026-05-13 13:24:56.700
657	381c83fdca332ea6afd896da20bf6e4a	80010	curitiba	PR	2017-08-17	2018-08-14	46	46	7355.80	159.91	0	2026-05-13 13:24:56.700
658	3820c6537b3853be1a0687d5a60807ec	6717	cotia	SP	2017-03-05	2017-03-05	1	1	25.00	25.00	0	2026-05-13 13:24:56.700
659	382229d1e840115ffe3dbf5ff460e417	23092	rio de janeiro	RJ	2018-04-14	2018-08-20	46	49	4096.96	83.61	0	2026-05-13 13:24:56.700
660	385799a1cddbd26dfeb9157356a42282	4676	sao paulo	SP	2017-03-28	2017-09-09	5	7	633.93	90.56	0	2026-05-13 13:24:56.700
661	38874e327ce94d11390b96eb42d61928	8577	itaquaquecetuba	SP	2016-10-08	2017-10-27	6	6	3779.94	629.99	0	2026-05-13 13:24:56.700
662	389e45560e33d2d0747f949dcddbc08e	12238	sao jose dos campos	SP	2018-08-16	2018-08-16	1	1	39.00	39.00	0	2026-05-13 13:24:56.700
663	38af8acfd46ac4a7bf754e8ca6736664	4364	sao paulo	SP	2017-11-27	2018-02-14	5	5	345.00	69.00	0	2026-05-13 13:24:56.700
664	38e679b9e0064cd94c6f035707344dae	86010	londrina	PR	2016-10-06	2018-01-30	28	30	3694.51	123.15	0	2026-05-13 13:24:56.700
665	38e6dada03429a47197d5d584d793b41	4763	sao paulo	SP	2017-09-06	2017-10-29	7	12	596.14	49.68	0	2026-05-13 13:24:56.700
666	38f276ca6e7cc95a6d1bb55ac9e5550f	17520	marilia	SP	2017-11-26	2017-11-26	1	1	24.99	24.99	0	2026-05-13 13:24:56.700
667	3903c788ded8dc03b5ebab37a2f3e9a1	6332	carapicuiba	SP	2018-05-25	2018-08-05	5	5	119.98	24.00	0	2026-05-13 13:24:56.700
668	391bbd13b6452244774beff1824006ed	13082	campinas	SP	2018-02-04	2018-03-05	2	2	127.80	63.90	0	2026-05-13 13:24:56.700
669	391fc6631aebcf3004804e51b40bcf1e	14940	ibitinga	SP	2016-10-06	2018-08-25	526	613	39951.95	65.17	0	2026-05-13 13:24:56.700
670	392353362d22cc2c236e1ee81ff19890	89069	blumenau	SC	2018-04-13	2018-08-22	5	10	288.70	28.87	0	2026-05-13 13:24:56.700
671	392e0502231ae2f8b29994ef6398cd77	18760	cerqueira cesar	SP	2017-01-09	2018-07-17	20	20	1871.70	93.59	0	2026-05-13 13:24:56.700
672	392f7f2c797e4dc077e4311bde2ab8ce	21210	rio de janeiro	RN	2018-08-20	2018-08-21	2	2	52.00	26.00	0	2026-05-13 13:24:56.700
673	3935fe5fe0f82787a9dcb8deb62be09d	4905	sao paulo	SP	2018-04-17	2018-08-24	16	17	1681.69	98.92	0	2026-05-13 13:24:56.700
674	3968920b9aa752ab98f7d5888c9252f2	17056	bauru	SP	2018-05-03	2018-08-06	8	10	523.30	52.33	0	2026-05-13 13:24:56.700
675	3969863bb8af7f72580b3b1ffd3a17b3	3550	sao paulo	SP	2017-11-25	2018-08-14	12	13	623.15	47.93	0	2026-05-13 13:24:56.700
676	397c4d0c005b6f41f90098ac724e28cb	9182	santo andre	SP	2018-04-09	2018-08-04	5	5	8177.00	1635.40	0	2026-05-13 13:24:56.700
677	3985a3c45be355a4c57fde108bfabd1c	95690	rolante	RS	2017-01-27	2017-06-19	7	8	344.20	43.02	0	2026-05-13 13:24:56.700
678	3986c0b54f6b748b75e7bd4e092aa3e5	80250	curitiba	PR	2018-08-17	2018-08-17	1	1	24.99	24.99	0	2026-05-13 13:24:56.700
679	398cb257329ef7af7f1943a8974a3cbc	40285	salvador	BA	2018-07-20	2018-07-20	1	1	145.90	145.90	0	2026-05-13 13:24:56.700
680	39a5005f2605cbdb4f9ac14485cabfd1	14780	barretos	SP	2018-06-27	2018-08-04	3	8	501.07	62.63	0	2026-05-13 13:24:56.700
681	39c763cca83e654764b7a4a650fb9b7c	74563	goiania	GO	2017-09-14	2018-07-27	11	11	761.00	69.18	0	2026-05-13 13:24:56.700
682	39d54ff918774174706fb065d7f9dc07	4243	sao paulo	SP	2017-11-25	2018-07-24	23	25	1593.59	63.74	0	2026-05-13 13:24:56.700
683	39d61be7a92eb77b7da367bd4845bc0e	13420	sao paulo	SP	2018-03-21	2018-08-07	7	14	700.59	50.04	0	2026-05-13 13:24:56.700
684	39f776d2974049026ff531fc42ef2a3e	74835	goiania	GO	2018-01-12	2018-04-25	3	4	1084.04	271.01	0	2026-05-13 13:24:56.700
685	3a1a1fec38dd360f15fc912e821e169d	2451	sao paulo	SP	2017-10-28	2018-05-05	15	15	2007.38	133.83	0	2026-05-13 13:24:56.700
686	3a3c180dd702a725bd0ba4117689239e	84600	uniao da vitoria	PR	2018-05-04	2018-05-04	1	1	41.90	41.90	0	2026-05-13 13:24:56.700
687	3a3e46d10f74d8a6ca76e2b538f106a0	2522	sao paulo	SP	2018-02-05	2018-07-30	3	6	334.90	55.82	0	2026-05-13 13:24:56.700
688	3a4127e1ba7208ea37044c5092aae170	8226	sao paulo	SP	2018-04-19	2018-08-16	6	6	2219.60	369.93	0	2026-05-13 13:24:56.700
689	3a490ba60afa30ece0e7d50cfe74a4f0	31365	belo horizonte	MG	2017-04-12	2017-12-18	8	8	1529.20	191.15	0	2026-05-13 13:24:56.700
690	3a52d63a8f9daf5a28f3626d7eb9bd28	71900	aguas claras df	SP	2017-02-01	2017-02-01	1	1	35.00	35.00	0	2026-05-13 13:24:56.700
691	3a734b715d333a2588a3d54a0c9b8746	6132	osasco	SP	2017-08-04	2018-01-14	18	24	2463.52	102.65	0	2026-05-13 13:24:56.700
692	3a79f35a2344ede41af21267f61d5ec6	13040	campinas	SP	2017-11-16	2017-11-16	1	1	186.00	186.00	0	2026-05-13 13:24:56.700
693	3aa3c89ae3cd482385568be76120f63c	74343	goiania	GO	2018-06-07	2018-06-07	1	1	29.90	29.90	0	2026-05-13 13:24:56.700
694	3ab971ce71839580d2ae5b4e40fe8044	3210	sao paulo	SP	2018-06-03	2018-08-20	36	38	5002.90	131.66	0	2026-05-13 13:24:56.700
695	3ac588cd562971392504a9e17130c40b	13480	limeira	SP	2018-08-17	2018-08-17	1	1	11.90	11.90	0	2026-05-13 13:24:56.700
696	3ade81dab5a172b88e1871c28ae05260	15076	sao jose do rio preto	SP	2017-10-06	2018-08-25	30	32	5751.60	179.74	0	2026-05-13 13:24:56.700
697	3afc536624bc2e65bddfb5db33cc01f3	30150	belo horizonte	MG	2018-01-23	2018-06-12	6	6	312.00	52.00	0	2026-05-13 13:24:56.700
698	3b15288545f8928d3e65a8f949a28291	14940	ibitinga	SP	2017-03-22	2018-08-13	104	121	14061.79	116.21	0	2026-05-13 13:24:56.700
699	3b18f9856c6eb2413eafedb58e9eecd9	9280	santo andre	SP	2018-04-11	2018-04-11	1	1	315.00	315.00	0	2026-05-13 13:24:56.700
700	3b872fd4747f01cc56206f2934198618	14940	ibitinga	SP	2017-11-27	2018-08-21	25	27	2726.74	100.99	0	2026-05-13 13:24:56.700
701	3bb32fedaa74e4ad20f4ce067733bd31	88210	porto belo	SC	2018-08-03	2018-08-05	2	3	103.70	34.57	0	2026-05-13 13:24:56.700
702	3bb548e3cb7f70f28e3f11ee9dce0e59	87040	maringa	PR	2017-03-05	2018-08-09	46	53	7690.02	145.09	0	2026-05-13 13:24:56.700
703	3bdff180c7e1f6551a643b99c265a120	4811	sao paulo	SP	2017-02-01	2018-04-17	59	61	3114.90	51.06	0	2026-05-13 13:24:56.700
704	3be5841cdcc46de4ed3f9116f104b2c5	6473	barueri	SP	2017-01-24	2017-02-12	4	4	599.60	149.90	0	2026-05-13 13:24:56.700
705	3be634553519fb6536a03e1358e9fdc7	8275	sao paulo	SP	2017-07-09	2018-08-27	83	99	5370.95	54.25	0	2026-05-13 13:24:56.700
706	3bfad056cf05c00dabe2f895925d83b1	6033	osasco	SP	2017-12-18	2017-12-18	1	5	206.65	41.33	0	2026-05-13 13:24:56.700
707	3bfba5a77604f6dfae7e6dd7aaf65821	86046	londrina	PR	2018-08-09	2018-08-21	4	4	2095.50	523.88	0	2026-05-13 13:24:56.700
708	3c010235b7345c92f125d14ee232a76b	83800	mandirituba	PR	2018-07-02	2018-08-15	15	15	3578.00	238.53	0	2026-05-13 13:24:56.700
709	3c03b12bab54d8b37d79d914bfdb1aa0	25561	sao joao de meriti	RJ	2017-12-23	2018-08-24	37	43	4236.34	98.52	0	2026-05-13 13:24:56.700
710	3c3017960b2dbd72711a61f0400aab8f	89251	jaragua do sul	SC	2017-01-21	2017-04-05	10	10	968.80	96.88	0	2026-05-13 13:24:56.700
711	3c487ae8f8d7542beff5788e2e0aea83	72460	gama	DF	2017-08-09	2018-08-17	30	33	9385.70	284.42	0	2026-05-13 13:24:56.700
712	3c4e0452bff7a2a788179488d3d77032	83408	colombo	PR	2017-12-05	2018-03-23	32	36	3746.40	104.07	0	2026-05-13 13:24:56.700
713	3c7c4a49ec3c6550809089c6a2ca9370	3804	sao paulo	SP	2017-09-04	2018-08-18	141	160	4033.64	25.21	0	2026-05-13 13:24:56.700
714	3c88ed2e76a2247933a15daa7161eb1c	13154	cosmopolis	SP	2018-02-01	2018-02-01	1	1	155.00	155.00	0	2026-05-13 13:24:56.700
715	3ca08eeb8d5595949fed424bd3677742	82510	curitiba	PR	2017-05-11	2018-01-08	14	14	1768.87	126.35	0	2026-05-13 13:24:56.700
716	3cfa1358a6caa965278721344c8d76f2	9831	sao bernardo do campo	SP	2018-04-18	2018-06-13	5	5	3140.28	628.06	0	2026-05-13 13:24:56.700
717	3d01d1c414c44b5943a09619ff3853cb	13040	campinas	SP	2016-10-05	2017-07-12	5	5	402.60	80.52	0	2026-05-13 13:24:56.700
718	3d0cd21d41671c46f82cd11176bf7277	89217	joinville	SC	2017-08-08	2018-08-06	9	11	447.80	40.71	0	2026-05-13 13:24:56.700
719	3d2400ac620cffa23ac81bd192f7f555	9810	sao bernardo do campo	SP	2018-08-13	2018-08-13	1	1	105.00	105.00	0	2026-05-13 13:24:56.700
720	3d2531eccfbde1d7c8db7a3a12fb267a	31340	contagem	MG	2018-04-24	2018-08-19	10	10	1999.54	199.95	0	2026-05-13 13:24:56.700
721	3d290fe363c60a77498c1126fd3fb8d3	6694	itapevi	SP	2017-03-11	2017-06-03	3	3	198.98	66.33	0	2026-05-13 13:24:56.700
722	3d39fbf22a665714baf62fae36029e23	13040	campinas	SP	2017-01-14	2017-11-25	8	8	2504.20	313.03	0	2026-05-13 13:24:56.700
723	3d3ccf2b2f8134b10dce9dd446f0e075	14940	ibitinga	SP	2018-06-20	2018-08-10	3	3	608.60	202.87	0	2026-05-13 13:24:56.700
724	3d4824f20035949c710eaf111f869d39	18015	sorocaba	SP	2018-06-04	2018-08-23	9	10	1041.04	104.10	0	2026-05-13 13:24:56.700
725	3d49bfdd1b43a7fe169b3740067acc61	39400	montes claros	MG	2018-07-24	2018-08-22	3	3	215.00	71.67	0	2026-05-13 13:24:56.700
726	3d4b1ae7539303b5704493798893e82c	3244	sao paulo	SP	2017-12-06	2018-02-28	6	9	1076.00	119.56	0	2026-05-13 13:24:56.700
727	3d5d0dc7073a299e31fa718ce1bc00b6	22785	rio de janeiro	RJ	2018-06-15	2018-08-06	23	24	790.70	32.95	0	2026-05-13 13:24:56.700
728	3d621842b2ed28e2b474132480edac3c	8041	sao paulo	SP	2017-05-04	2017-11-30	10	10	928.91	92.89	0	2026-05-13 13:24:56.700
729	3d62f86afa7c73be2628a3be1423f5a0	12327	jacarei	SP	2017-12-13	2018-01-09	2	2	12.00	6.00	0	2026-05-13 13:24:56.700
730	3d68c634a99a1ba46dbca3967a69c623	88270	nova trento	SC	2018-07-22	2018-08-02	2	2	594.00	297.00	0	2026-05-13 13:24:56.700
731	3d700782d7818f2c1e0d7a9e9d75fc00	86170	sertanopolis	SP	2017-04-23	2017-07-11	3	3	149.70	49.90	0	2026-05-13 13:24:56.700
732	3d871de0142ce09b7081e2b9d1733cb1	13232	campo limpo paulista	SP	2017-03-05	2018-08-26	1080	1147	94914.20	82.75	0	2026-05-13 13:24:56.700
733	3d8fa2f5b647373c8620330c4e077a9f	3031	sao paulo	SP	2018-04-30	2018-08-15	43	48	3571.73	74.41	0	2026-05-13 13:24:56.700
734	3da38366e7bd9baf6369071f782ecdf0	60346	fortaleza	CE	2018-01-04	2018-01-04	1	1	59.47	59.47	0	2026-05-13 13:24:56.700
735	3db66a856d18a9cba7c9241fc5221c50	35430	ponte nova	MG	2017-04-20	2018-08-21	94	97	9478.30	97.71	0	2026-05-13 13:24:56.700
736	3dbbce181edfaa4a597ec858c382d2ec	82515	curitiba	PR	2017-04-17	2017-12-11	17	20	848.30	42.41	0	2026-05-13 13:24:56.700
737	3dc69bf2c42f0568a5c4791ec3fd3745	2880	sao paulo	SP	2017-11-14	2018-02-16	2	2	300.00	150.00	0	2026-05-13 13:24:56.700
738	3ded4e2d5f135cb103e5949d7263d2dd	37550	pouso alegre	MG	2018-02-15	2018-02-15	1	1	49.90	49.90	0	2026-05-13 13:24:56.700
739	3df020b72d3d44b3af9d110fa3940b65	15704	jales	SP	2017-07-14	2018-08-19	55	101	5039.90	49.90	0	2026-05-13 13:24:56.700
740	3dfd3dc96f7f8598eca74e9ac8a2fa31	3343	sao paulo	SP	2017-11-13	2018-06-16	6	6	183.00	30.50	0	2026-05-13 13:24:56.700
741	3e35a8bb43569389d3cebef0ce820f69	3124	sao paulo	SP	2018-04-12	2018-04-12	1	2	55.80	27.90	0	2026-05-13 13:24:56.700
742	3e46a38ee171c503c3b4a3f23fe3bf0c	18040	sorocaba	SP	2018-06-22	2018-06-22	1	1	59.90	59.90	0	2026-05-13 13:24:56.700
743	3e51f9cbe317bc3a88f2c76583811ee4	8032	sao paulo	SP	2018-08-14	2018-08-14	1	1	76.09	76.09	0	2026-05-13 13:24:56.700
744	3e8bd881d92466e63ba9e3e809cd3c50	20751	rio de janeiro	RJ	2018-02-16	2018-04-25	9	10	2242.28	224.23	0	2026-05-13 13:24:56.700
745	3ea00e1dea2b0659dbaf654735929220	80020	curitiba	PR	2017-02-22	2018-03-14	7	7	505.00	72.14	0	2026-05-13 13:24:56.700
746	3ea08c48e851106d2f584349daba335f	36201	barbacena	MG	2018-06-13	2018-06-13	1	1	170.00	170.00	0	2026-05-13 13:24:56.700
747	3ef37b7ca6dd2b80bd8af81a62504996	1452	sao paulo	SP	2017-03-02	2017-09-01	2	2	700.00	350.00	0	2026-05-13 13:24:56.700
748	3f0e48d209018b466fcd3bb4ccfeb520	80215	curitiba	PR	2017-08-02	2018-01-21	9	10	5399.00	539.90	0	2026-05-13 13:24:56.700
749	3f2af2670e104d1bcb54022274daeac5	87240	terra boa	PR	2017-12-02	2018-05-19	6	7	973.60	139.09	0	2026-05-13 13:24:56.700
750	3f3486b61f45078d4f31ee5e43d8c5bb	3035	sao paulo	SP	2017-12-04	2018-08-17	40	40	3829.73	95.74	0	2026-05-13 13:24:56.700
751	3f8034bfc6b8b4135534975d49f04c63	81560	curitiba	PR	2017-01-18	2017-05-24	12	16	1313.90	82.12	0	2026-05-13 13:24:56.700
752	3f8247d0f772ffa58560e5c682521ad5	89211	joinville	SC	2017-06-11	2017-06-11	1	1	139.90	139.90	0	2026-05-13 13:24:56.700
753	3f84fefc07dc159b268d4a77d3e8c425	83833	fazenda rio grande	PR	2018-05-07	2018-06-29	3	3	200.60	66.87	0	2026-05-13 13:24:56.700
754	3f995f07c49d0d55a99d5c54957f7d81	6853	itapecerica da serra	SP	2017-04-13	2018-08-20	43	43	3955.70	91.99	0	2026-05-13 13:24:56.700
755	3f9be91358837bff69df67edfa3e42e8	86039	londrina	PR	2018-03-30	2018-05-12	7	7	569.70	81.39	0	2026-05-13 13:24:56.700
756	3f9c56764fabca627406093dcb3ef0b4	22745	rio de janeiro	RJ	2018-01-22	2018-04-24	7	7	909.30	129.90	0	2026-05-13 13:24:56.700
757	3fac58ce0ad699020c7944d53c41329c	3480	sao paulo	SP	2018-05-31	2018-08-20	10	16	1244.95	77.81	0	2026-05-13 13:24:56.700
758	3fadb4cba4c35bce6a7eaf9872d5623a	95013	caxias do sul	RS	2017-04-07	2017-05-31	3	5	209.50	41.90	0	2026-05-13 13:24:56.700
759	3faf68a3b0af94b10bac70d86077be49	13825	holambra	SP	2017-02-04	2017-05-02	7	7	1322.93	188.99	0	2026-05-13 13:24:56.700
760	3fd1e727ba94cfe122d165e176ce7967	14802	araraquara	SP	2017-12-01	2018-04-04	37	38	2805.20	73.82	0	2026-05-13 13:24:56.700
761	3fe7120d6257285ac6a3ce7cb071ccec	35044	governador valadares	MG	2018-01-05	2018-01-10	2	2	199.98	99.99	0	2026-05-13 13:24:56.700
762	3febca52652e7209509ccfe61cbde40e	8596	itaquaquecetuba	SP	2018-08-07	2018-08-14	2	2	84.00	42.00	0	2026-05-13 13:24:56.700
763	3fefda3299e6dfaea3466ef346a3571a	82620	curitiba	PR	2017-08-11	2017-08-11	1	1	209.00	209.00	0	2026-05-13 13:24:56.700
764	4003520d80d0bad1d5623f7aa3c63cda	20520	rio de janeiro	RJ	2017-09-26	2017-09-26	1	1	70.00	70.00	0	2026-05-13 13:24:56.700
765	400f221ab83037c0ea78f1267da9624d	17700	osvaldo cruz	SP	2017-10-11	2017-10-11	1	1	865.00	865.00	0	2026-05-13 13:24:56.700
766	402916f742e5c740cc751493d9cf5053	39740	guanhaes	MG	2018-08-05	2018-08-24	9	10	1252.00	125.20	0	2026-05-13 13:24:56.700
767	403aa86912527d730337ffcb0fb096ab	30220	belo horizonte	MG	2017-01-30	2017-11-15	11	11	8959.89	814.54	0	2026-05-13 13:24:56.700
768	4049512728d969bec69f84088b012416	30310	belo horizonte	MG	2017-04-23	2018-01-31	7	9	389.84	43.32	0	2026-05-13 13:24:56.700
769	404e1ba01358af4cd63f679b2c4d1fa1	36032	juiz de fora	MG	2017-08-21	2018-08-16	8	12	373.90	31.16	0	2026-05-13 13:24:56.700
770	40536e7ca18e1bce252828e5876466cc	7747	caieiras	SP	2017-08-27	2017-09-01	2	4	463.96	115.99	0	2026-05-13 13:24:56.700
771	406740ee611378a662d274c7d8c43c4a	29056	vitoria	ES	2018-03-08	2018-04-13	8	10	1790.00	179.00	0	2026-05-13 13:24:56.700
772	406822777a0b9eb5c50e442dd4cd3ec5	18500	tatui	SP	2017-10-30	2018-08-23	45	47	3648.08	77.62	0	2026-05-13 13:24:56.700
773	4091f77d8c768fc3e81c20761471761d	3059	sao paulo	SP	2018-01-06	2018-08-07	8	8	1079.00	134.88	0	2026-05-13 13:24:56.700
774	40d54b51e962dbe09cabbcfd33298dee	9230	santo andre	SP	2017-07-08	2018-08-25	30	31	6785.56	218.89	0	2026-05-13 13:24:56.700
775	40db9e9aa57f7bb151bcda6b0f9bdbb7	52010	recife	PE	2018-02-09	2018-08-17	12	12	23168.00	1930.67	0	2026-05-13 13:24:56.700
776	40ec8ab6cdafbcc4f544da38c67da39a	85603	francisco beltrao	PR	2018-08-01	2018-08-10	2	2	117.80	58.90	0	2026-05-13 13:24:56.700
777	411f3b52d857390502ee4e4d5ceabc2d	9400	ribeirao pires	SP	2018-04-09	2018-08-22	21	30	1804.01	60.13	0	2026-05-13 13:24:56.700
778	4125d9385a25e82d2f72d3a0fd55bc3f	11065	santos	SP	2018-08-01	2018-08-01	1	1	42.90	42.90	0	2026-05-13 13:24:56.700
779	412a4720f3e9431b4afa1476a1acddbe	13060	campinas	SP	2017-09-10	2018-08-13	21	22	2058.10	93.55	0	2026-05-13 13:24:56.700
780	4170f6a9367e6b5d6401d03ce6d54569	71906	brasilia df	DF	2017-10-20	2017-12-20	4	5	568.78	113.76	0	2026-05-13 13:24:56.700
781	417a1e6c7321084d2a0ae0d023cfad93	95885	imigrante	RS	2018-01-31	2018-01-31	1	1	48.90	48.90	0	2026-05-13 13:24:56.700
782	41958cbd3335433c8740300e8cd600d5	5051	sao paulo	SP	2018-06-04	2018-06-04	1	1	32.99	32.99	0	2026-05-13 13:24:56.700
783	41ab63a91b8b264e8c8780368bf1dd5b	31555	belo horizonte	MG	2017-10-05	2018-07-12	12	13	2571.95	197.84	0	2026-05-13 13:24:56.700
784	41b14765bd56c8ad10971074380f9c0c	9070	santo andre	SP	2018-03-20	2018-07-29	8	10	395.50	39.55	0	2026-05-13 13:24:56.700
785	41b39e28db005d9731d9d485a83b4c38	9220	santo andre	SP	2017-01-19	2018-08-20	195	231	17112.55	74.08	0	2026-05-13 13:24:56.700
786	41b86b552e54e3a7009596125aa8b167	2470	sao paulo	SP	2017-03-20	2017-04-09	10	11	1595.30	145.03	0	2026-05-13 13:24:56.700
787	41c2bad7229b0c25e6becf179ebf63ff	59020	natal	RN	2017-11-27	2018-07-20	20	23	782.00	34.00	0	2026-05-13 13:24:56.700
788	41c9d3997dd3c072c31139dc5bb5761f	38182	araxa	MG	2017-01-27	2017-03-05	3	3	998.80	332.93	0	2026-05-13 13:24:56.700
789	41da412d33e8da4f22baf55cb1bde82c	29260	domingos martins	ES	2018-01-24	2018-06-20	15	21	862.90	41.09	0	2026-05-13 13:24:56.700
790	41e0fa5761c886a630994a55c12087e7	11446	guaruja	SP	2018-04-03	2018-06-14	5	5	423.60	84.72	0	2026-05-13 13:24:56.700
791	4200ddf1967c5e41e48db62bc6d4b5ac	9710	sao bernardo do campo	SP	2017-08-20	2018-04-18	22	42	734.80	17.50	0	2026-05-13 13:24:56.700
792	4221a7df464f1fe2955934e30ff3a5a1	48602	bahia	BA	2018-06-27	2018-08-13	5	5	849.50	169.90	0	2026-05-13 13:24:56.700
793	422be4cc81a457fdb46f47edeb968ae5	14940	ibitinga	SP	2017-01-26	2017-01-26	1	1	239.90	239.90	0	2026-05-13 13:24:56.700
794	427165bf50f8ca07efc7bdc2bfcf1688	13471	americana	SP	2018-04-05	2018-04-26	5	5	1603.50	320.70	0	2026-05-13 13:24:56.700
795	42b6488f5b8246d9141712abd4b1b693	87014	maringa	PR	2018-04-12	2018-08-14	2	2	247.99	124.00	0	2026-05-13 13:24:56.700
796	42b729f859728f5079499127a9c2ef37	3910	sao paulo	SP	2018-01-09	2018-08-23	104	132	4118.86	31.20	0	2026-05-13 13:24:56.700
797	42bde9fef835393bb8a8849cb6b7f245	71551	brasilia	DF	2017-07-06	2018-08-19	35	40	7703.00	192.57	0	2026-05-13 13:24:56.700
798	42d4b7e70819438f5ada61c965e92d7e	74045	goiania	GO	2018-03-20	2018-03-20	1	3	49.60	16.53	0	2026-05-13 13:24:56.700
799	42ef3192a9ff87a22d1867b74b3ee205	9090	santo andre	SP	2018-01-02	2018-08-02	23	23	1354.09	58.87	0	2026-05-13 13:24:56.700
800	42fa4ee7240e9b8eb4576358ec142ba7	95012	caxias do sul	RS	2018-02-04	2018-07-09	22	22	3845.70	174.80	0	2026-05-13 13:24:56.700
801	42fb44130ac3134cde8e35cf8ec7df25	12995	pinhalzinho	SP	2017-02-04	2017-03-23	3	3	62.70	20.90	0	2026-05-13 13:24:56.700
802	430315b7bb4b6e4b3c978f9dfa9b0558	4857	sao paulo	SP	2018-01-09	2018-08-06	20	21	3118.40	148.50	0	2026-05-13 13:24:56.700
803	4305fe92735c8a43d154ff6dd2b8d927	35170	coronel fabriciano	MG	2017-07-26	2018-08-25	19	21	2885.90	137.42	0	2026-05-13 13:24:56.700
804	431050a06a317f2b38168dec3dcd2b46	2475	sao paulo	SP	2018-04-28	2018-08-06	12	12	1487.80	123.98	0	2026-05-13 13:24:56.700
805	431af27f296bc6519d890aa5a05fdb11	14110	ribeirao preto	SP	2017-04-26	2018-07-31	117	125	13109.50	104.88	0	2026-05-13 13:24:56.700
806	4324dd16853115efb0fd9d0d131ba6f4	13720	sao jose do rio pardo	SP	2017-05-31	2018-03-06	12	18	1052.25	58.46	0	2026-05-13 13:24:56.700
807	432c37c9dfba871172ec162e20118b8c	70235	brasilia	DF	2017-03-02	2018-04-12	46	57	2968.87	52.09	0	2026-05-13 13:24:56.700
808	432c67955c0acd1fd6b0b5d678766a71	5571	sao paulo	SP	2016-10-04	2017-02-01	3	3	1151.00	383.67	0	2026-05-13 13:24:56.700
809	43402bdf22aa2310e8f99e2f94f78628	9434	ribeirao pires	SP	2018-05-14	2018-06-28	4	5	649.95	129.99	0	2026-05-13 13:24:56.700
810	4342d4b2ba6b161468c63a7e7cfce593	22793	rio de janeiro	RJ	2017-12-23	2018-07-25	20	20	2867.10	143.36	0	2026-05-13 13:24:56.700
811	436bf27f2f18474fc6047702e9f8a866	13041	campinas	SP	2017-01-18	2017-01-18	1	1	29.90	29.90	0	2026-05-13 13:24:56.700
812	4371b634e0efc0e22b09b52907d9d469	2028	sao paulo	SP	2017-06-16	2018-08-13	102	112	8194.00	73.16	0	2026-05-13 13:24:56.700
813	43753b27d77860f1654aa72e251a7878	44895	barro alto	BA	2017-09-08	2017-09-08	1	1	23.90	23.90	0	2026-05-13 13:24:56.700
814	4391ea5c5990502176a1dcda44a2373d	91910	porto alegre	RS	2017-10-15	2018-05-16	3	5	2349.00	469.80	0	2026-05-13 13:24:56.700
815	439a47cc365d6e3bd526812ea9de3c29	8730	mogi das cruzes	SP	2017-08-21	2018-07-05	8	13	1186.50	91.27	0	2026-05-13 13:24:56.700
816	43a1d4bab73b816e44ef4e4facd9f9b5	87050	maringa	PR	2017-02-20	2017-02-20	1	1	189.90	189.90	0	2026-05-13 13:24:56.700
817	43a5d4a57af536fddc96d08be3afdfcb	37006	varginha	MG	NULL	NULL	1	1	75.00	75.00	0	2026-05-13 13:24:56.700
818	43b2c864251aa0ce4030c746984e088a	71936	brasilia	DF	2018-07-28	2018-07-28	2	2	94.80	47.40	0	2026-05-13 13:24:56.700
819	43f8c9950d11ecd03a0304a49e010da6	6341	carapicuiba	SP	2017-07-27	2018-05-29	41	41	4249.59	103.65	0	2026-05-13 13:24:56.700
820	44073f8b7e41514de3b7815dd0237f4f	71070	brasilia	DF	2017-02-22	2018-08-08	144	153	18729.64	122.42	0	2026-05-13 13:24:56.700
821	440dd6ab244315c632130ecfb63827b1	15502	votuporanga	SP	2016-10-04	2018-08-04	94	95	13696.90	144.18	0	2026-05-13 13:24:56.700
822	443d880f15cbd3572885e1d44bf2c478	17506	marilia	SP	2017-07-21	2017-07-21	1	2	94.80	47.40	0	2026-05-13 13:24:56.700
823	4450bd8327d471c4a11a83d1445b1b62	6714	cotia	SP	2017-04-11	2017-04-11	1	1	199.00	199.00	0	2026-05-13 13:24:56.700
824	446cc09cdbb130904da114e807dbec40	5615	sao paulo	SP	2018-03-06	2018-06-04	3	3	252.80	84.27	0	2026-05-13 13:24:56.700
825	44717f64ec2a457979cf83c429077666	98780	santa rosa	RS	2018-08-01	2018-08-18	2	3	107.00	35.67	0	2026-05-13 13:24:56.700
826	447d377bdb757058acb569025ee18a93	99500	carazinho	RS	2018-02-02	2018-02-02	1	1	64.99	64.99	0	2026-05-13 13:24:56.700
827	44ed138eca6214d572ce1d813fb0049b	92010	canoas	RS	2018-08-08	2018-08-21	2	3	129.79	43.26	0	2026-05-13 13:24:56.700
828	44f091b5abab8018f682fce8124b85e5	2281	sao paulo	SP	2017-09-11	2017-11-13	6	6	1680.10	280.02	0	2026-05-13 13:24:56.700
829	45213867cefbf2cd4c6177e10216a951	13603	araras	SP	2017-01-27	2017-10-11	14	14	4955.42	353.96	0	2026-05-13 13:24:56.700
830	4559697a8f7e637227c2eeaed843baff	19029	presidente prudente	SP	2017-02-14	2018-06-27	42	42	3696.00	88.00	0	2026-05-13 13:24:56.700
831	455befea1bb853c75ccbca94cff26e5c	27525	resende	RJ	2018-06-07	2018-06-07	1	1	19.99	19.99	0	2026-05-13 13:24:56.700
832	455c5640e8c5bd1b2ee85c0158f85727	89128	luiz alves	SC	2018-02-15	2018-05-14	8	8	6729.50	841.19	0	2026-05-13 13:24:56.700
833	455f46ef09a9e45667e2981df84b5cc2	18052	sorocaba	SP	2018-08-07	2018-08-07	2	2	59.80	29.90	0	2026-05-13 13:24:56.700
834	457fe919b032a3f7dadba6fb92cf7855	13140	paulinia	SP	2018-05-02	2018-08-06	9	12	1104.89	92.07	0	2026-05-13 13:24:56.700
835	458c6fa920810ce2492da71bc26d9eec	15813	catanduva	SP	2017-12-12	2017-12-21	2	2	756.76	378.38	0	2026-05-13 13:24:56.700
836	458d868c9642f55f18f04e951a3fdde6	90670	porto alegre	RS	2017-05-31	2017-08-01	2	2	2718.00	1359.00	0	2026-05-13 13:24:56.700
837	45a3d05fb00435e52a28859dd03703b3	7176	guarulhos	SP	2017-02-03	2017-02-03	1	1	1299.00	1299.00	0	2026-05-13 13:24:56.700
838	45ba18c210d42734ec52c0c1c574e9ee	18130	sao roque	SP	2018-04-03	2018-08-23	38	41	5589.13	136.32	0	2026-05-13 13:24:56.700
839	45c20d94d9171b0bcfab3c955e47d67b	13490	cordeiropolis	SP	2017-05-05	2017-08-30	4	4	129.46	32.37	0	2026-05-13 13:24:56.700
840	45d33f715e24d15a6ccf5c17b3a23e3c	18015	sorocaba	SP	2016-10-03	2018-08-17	59	61	4838.23	79.32	0	2026-05-13 13:24:56.700
841	461ff5303b6c9c1a4a07f40c5aece516	83323	pinhais	PR	2018-02-23	2018-07-14	3	3	102.70	34.23	0	2026-05-13 13:24:56.700
842	466222e777149751370e7e98fb623b0c	20931	rio de janeiro	RJ	2018-08-06	2018-08-06	1	1	87.90	87.90	0	2026-05-13 13:24:56.700
843	4677a5437afda5fa7140b927b07be1cc	84920	japira	PR	2018-04-13	2018-08-09	11	11	3415.70	310.52	0	2026-05-13 13:24:56.700
844	46dc3b2cc0980fb8ec44634e21d2718e	22240	rio de janeiro	RJ	2016-10-04	2018-08-17	521	542	128111.19	236.37	1	2026-05-13 13:24:56.700
845	46ef1a25845fc051c2998d878354810c	35530	claudio	MG	2017-09-13	2018-08-17	5	5	250.41	50.08	0	2026-05-13 13:24:56.700
846	4736e9d642ef4257cd7622516931eb51	13424	piracicaba	SP	2017-11-16	2018-08-25	16	20	1078.87	53.94	0	2026-05-13 13:24:56.700
847	47648caee88ccfe951fbb27fbf7b4cbe	9931	diadema	SP	2018-04-03	2018-05-21	3	3	1564.99	521.66	0	2026-05-13 13:24:56.700
848	478bfe564db21eeb44386606aa30b650	33600	pedro leopoldo	MG	2017-10-08	2017-12-27	3	3	182.70	60.90	0	2026-05-13 13:24:56.700
849	47efca563408aae19bb7206c2d969ea9	64033	teresina	PI	2018-01-05	2018-08-23	12	12	2522.00	210.17	0	2026-05-13 13:24:56.700
850	47f55702f598c7c6cc8458b0fbc1c49a	36213	dores de campos	MG	2017-09-15	2017-10-30	2	2	127.50	63.75	0	2026-05-13 13:24:56.700
851	48162d548f5b1b11b9d29d1e01f75a61	13403	piracicaba	SP	2017-01-26	2018-08-17	68	91	20510.14	225.39	0	2026-05-13 13:24:56.700
852	4830e40640734fc1c52cd21127c341d4	3573	sao paulo	SP	2017-07-25	2018-08-27	210	219	9843.47	44.95	0	2026-05-13 13:24:56.700
853	48328ec9a579151d9cc6a86d4a59336c	92310	canoas	RS	2017-09-19	2017-09-19	1	1	1099.00	1099.00	0	2026-05-13 13:24:56.700
854	483ca627d131e18f988349b1655c0acd	13800	mogi mirim	SP	2018-03-27	2018-03-27	1	1	264.00	264.00	0	2026-05-13 13:24:56.700
855	48436dade18ac8b2bce089ec2a041202	27277	volta redonda	SP	2017-03-15	2018-08-18	138	151	12271.71	81.27	0	2026-05-13 13:24:56.700
856	485452467ff670447e84a8370c3fc898	89190	taio	SC	2018-02-02	2018-03-01	3	3	175.70	58.57	0	2026-05-13 13:24:56.700
857	4867209cb29b56b92893d7bde3ce8012	17209	jau	SP	2018-06-16	2018-06-16	1	1	150.00	150.00	0	2026-05-13 13:24:56.700
858	4869f7a5dfa277a7dca6462dcf3b52b2	14840	guariba	SP	2017-03-07	2018-08-24	1132	1156	229472.63	198.51	1	2026-05-13 13:24:56.700
859	48985c61529077fa4f1e38bcff0f2ed3	90020	porto alegre	RS	2017-01-31	2017-08-01	7	7	879.30	125.61	0	2026-05-13 13:24:56.700
860	48b6c3f4c6a93171da04b75313f2130f	17700	osvaldo cruz	SP	2018-03-09	2018-04-25	2	2	290.26	145.13	0	2026-05-13 13:24:56.700
861	48bad451945f5227341793478d6353ea	1220	sao paulo	SP	2017-02-16	2017-12-26	3	3	307.00	102.33	0	2026-05-13 13:24:56.700
862	48e5ee06fb2dc74df1c711a9b6dfac2a	35540	oliveira	MG	2018-02-03	2018-02-03	1	3	57.00	19.00	0	2026-05-13 13:24:56.700
863	48e954b2da4f6a750c844173b347ed40	91740	porto alegre	RS	2018-04-09	2018-05-07	2	6	397.80	66.30	0	2026-05-13 13:24:56.700
864	48efc9d94a9834137efd9ea76b065a38	81130	curitiba	PR	2016-12-23	2017-01-26	33	34	345.60	10.16	0	2026-05-13 13:24:56.700
865	48fb026ed7455a42f5d3e9390ed5088e	27321	barra mansa	RJ	2017-05-24	2017-12-04	11	11	555.71	50.52	0	2026-05-13 13:24:56.700
866	49067458c68f7701fd334ce326accbe0	36050	juiz de fora	MG	2017-09-27	2018-08-17	17	37	1047.65	28.31	0	2026-05-13 13:24:56.700
867	4917cee8d902e13428c3ec4b1ca6f315	89031	blumenau	SC	2017-05-21	2018-08-17	33	33	5421.90	164.30	0	2026-05-13 13:24:56.700
868	491a5ada3aa1678414e990262c4bbdc1	4208	sao paulo	SP	2017-03-06	2017-04-05	2	2	2840.00	1420.00	0	2026-05-13 13:24:56.700
869	49383af7ab774e4e8f3000f49c83dc4b	12080	taubate	SP	2018-04-27	2018-08-20	8	12	660.00	55.00	0	2026-05-13 13:24:56.700
870	4965a7002cca77301c82d3f91b82e1a9	18074	sorocaba	SP	2018-04-21	2018-04-21	1	1	8.49	8.49	0	2026-05-13 13:24:56.700
871	497709c2976a8fa308730a2dec5b0726	9981	diadema	SP	2018-07-19	2018-07-19	1	2	76.00	38.00	0	2026-05-13 13:24:56.700
872	4978a02ea9c8be7a9b5480680f40334e	8215	sao paulo	SP	2018-03-21	2018-08-05	18	19	2356.61	124.03	0	2026-05-13 13:24:56.700
873	499185655c29ecfdbfe776ef7cf875b5	90520	porto alegre	RS	2018-06-02	2018-06-02	1	1	89.00	89.00	0	2026-05-13 13:24:56.700
874	4992e76a42cb3aad7a7047e0d3d7e729	3334	sao paulo	SP	2017-05-12	2018-08-13	57	74	2211.10	29.88	0	2026-05-13 13:24:56.700
875	499ec63c58e51296c9cf57edcfe1c8a8	2918	sao paulo	SP	2018-04-11	2018-06-03	5	5	365.00	73.00	0	2026-05-13 13:24:56.700
876	49cdc90518a4f82676b38b3c1aa43ff6	3031	sao paulo	SP	2018-06-11	2018-08-28	5	5	1539.50	307.90	0	2026-05-13 13:24:56.700
877	49e7217cfe4e427191c378ec626d8737	35570	formiga	MG	2017-05-20	2018-05-27	13	14	3002.70	214.48	0	2026-05-13 13:24:56.700
878	49f8d2ea7b718d0ce587d34207caf2b4	9830	sao bernardo do campo	SP	2018-08-23	2018-08-23	1	1	149.90	149.90	0	2026-05-13 13:24:56.700
879	4a1917ef994878940e1fb03eeb787ad7	70610	brasilia	DF	2018-06-19	2018-07-26	2	3	768.00	256.00	0	2026-05-13 13:24:56.700
880	4a1f694197d05fe70026b016a7316b41	13920	pedreira	SP	2018-02-17	2018-08-12	14	23	907.77	39.47	0	2026-05-13 13:24:56.700
881	4a23adac87cf538689fa600d976f78b2	4537	sao paulo	SP	2018-08-21	2018-08-22	3	3	405.00	135.00	0	2026-05-13 13:24:56.700
882	4a3ca9315b744ce9f8e9374361493884	14940	ibitinga	SP	2017-01-08	2018-08-27	1806	1987	200472.92	100.89	1	2026-05-13 13:24:56.700
883	4a3ccda38b2129705f3fb522db62ca31	17504	marilia	SP	2017-09-13	2018-08-19	66	78	17062.59	218.75	0	2026-05-13 13:24:56.700
884	4a5b36211b1f51bf7eaa5c10a57fa483	24445	sao goncalo	RJ	2018-08-05	2018-08-05	1	1	139.19	139.19	0	2026-05-13 13:24:56.700
885	4a82168aaef173cbb6e46ae88728f919	84500	irati	PR	2018-07-13	2018-08-07	4	4	512.00	128.00	0	2026-05-13 13:24:56.700
886	4a82c4af97ffc0fb2dc26bfdc03b1842	35590	lagoa da prata	MG	2017-05-30	2017-08-15	3	3	143.70	47.90	0	2026-05-13 13:24:56.700
887	4aba391bc3b88717ce08eb11e44937b2	45816	arraial d'ajuda (porto seguro)	BA	2017-02-02	2018-08-04	29	30	7595.87	253.20	0	2026-05-13 13:24:56.700
888	4aba6a02a788d3ec81c03137144d9a80	89460	canoinhas	SC	2018-01-16	2018-01-16	1	1	89.90	89.90	0	2026-05-13 13:24:56.700
889	4b0fdb526525f9890eb145bf1534640e	14940	ibitinga	SP	2018-02-25	2018-08-22	18	20	2419.00	120.95	0	2026-05-13 13:24:56.700
890	4b1eaadf791bdbbad8c4a35b65236d52	14092	ribeirao preto	SP	2016-10-04	2017-03-18	8	8	1849.79	231.22	0	2026-05-13 13:24:56.700
891	4b39558c138930b9e5489c93b6df5fe3	49055	aracaju	SE	2017-11-15	2018-01-14	4	5	1096.70	219.34	0	2026-05-13 13:24:56.700
892	4b5f66b7adcf57f1ecc0d3c07dd6b177	87025	vendas@creditparts.com.br	PR	2017-03-21	2018-07-25	23	38	6381.78	167.94	0	2026-05-13 13:24:56.700
893	4b90495391ac0bd181a80a459df1e718	96400	bage	RS	2016-10-05	2016-10-05	1	1	248.00	248.00	0	2026-05-13 13:24:56.700
894	4b9750c8ad28220fe6702d4ecb7c898f	13484	limeira	SP	2017-10-12	2018-08-27	218	222	15915.30	71.69	0	2026-05-13 13:24:56.700
895	4b98b0428fc1932cc2514ef9ce2505e6	6795	taboao da serra	SP	2017-09-11	2017-11-16	2	2	327.63	163.81	0	2026-05-13 13:24:56.700
896	4ba52dfeba874da5b9ee7b17c7494f04	8790	mogi das cruzes	SP	2017-07-31	2017-10-23	11	11	1463.00	133.00	0	2026-05-13 13:24:56.700
897	4bc3d93e4a5f88a598d3d8ce4ae510b3	4564	sao paulo	SP	2018-07-08	2018-07-08	1	1	169.00	169.00	0	2026-05-13 13:24:56.700
898	4bcec44888b30ba9001234c534716d3f	9230	santo andre	SP	2018-01-06	2018-07-18	5	5	146.00	29.20	0	2026-05-13 13:24:56.700
899	4bde6149c15cf7e177b36fa060dd6de8	99500	carazinho	RS	2016-10-07	2016-10-10	2	2	159.80	79.90	0	2026-05-13 13:24:56.700
900	4be2e7f96b4fd749d52dff41f80e39dd	69900	rio branco	AC	2016-10-05	2016-10-05	1	1	267.00	267.00	0	2026-05-13 13:24:56.700
901	4be6b962d83299498bae2190f95d6566	13561	sao carlos	SP	2018-03-07	2018-08-12	11	12	508.80	42.40	0	2026-05-13 13:24:56.700
902	4be9ae93c4fc0f41713d71a4194ee1b3	35500	divinopolis	MG	2018-08-17	2018-08-17	1	1	109.90	109.90	0	2026-05-13 13:24:56.700
903	4bf2f4ee540798a61f9636d12cd9cc80	19814	assis	SP	2017-03-29	2018-08-09	29	30	4995.56	166.52	0	2026-05-13 13:24:56.700
904	4bf658053d453036c70976bccb2c31b2	15070	sao jose do rio preto	SP	2017-04-15	2017-05-18	2	2	1742.99	871.50	0	2026-05-13 13:24:56.700
905	4bfc7a4a1cf8d4d2121c27422d9e50b5	3111	sao paulo	SP	2018-03-25	2018-08-22	26	40	8124.40	203.11	0	2026-05-13 13:24:56.700
906	4c03b9dd4c11ee2cb35c96c49efc9420	13232	campo limpo paulista	SP	2017-05-04	2017-10-06	48	48	6458.60	134.55	0	2026-05-13 13:24:56.700
907	4c18691b6037662be2df78a765d98ab5	3167	sao paulo	SP	2018-02-25	2018-08-28	63	67	3195.52	47.69	0	2026-05-13 13:24:56.700
908	4c1c7281388a33dd06daac44f9fadbd1	17510	marilia	SP	2018-04-04	2018-06-20	5	5	188.32	37.66	0	2026-05-13 13:24:56.700
909	4c2b230173bb36f9b240f2b8ac11786e	3933	sao paulo	SP	2017-02-14	2018-08-20	261	346	14592.27	42.17	0	2026-05-13 13:24:56.700
910	4c498c7345e89aebad651544829beca0	6341	carapicuiba	SP	2017-12-02	2018-08-16	48	48	4819.76	100.41	0	2026-05-13 13:24:56.700
911	4c4d546adf3c3868fe19c9ec6e9ffda9	87013	maringa	PR	2018-06-07	2018-08-16	2	3	111.70	37.23	0	2026-05-13 13:24:56.700
912	4c60877808f4318ef1107fbeb8f89afa	12940	atibaia	SP	2017-12-01	2018-01-16	2	2	118.00	59.00	0	2026-05-13 13:24:56.700
913	4c61e37f664c3c88aff092aa5ac779d7	24020	niteroi	RJ	2018-03-10	2018-04-17	7	8	788.31	98.54	0	2026-05-13 13:24:56.700
914	4c8545742faaf58fafd5fd14d25d75cf	15603	fernandopolis	SP	2018-03-15	2018-05-19	4	4	3020.00	755.00	0	2026-05-13 13:24:56.700
915	4c8b8048e33af2bf94f2eb547746a916	14940	ibitinga	SP	2017-08-22	2018-08-24	23	27	2020.73	74.84	0	2026-05-13 13:24:56.700
916	4cc43a222a0f94910728b62b97a8c5f8	14026	ribeirao preto	SP	2018-01-31	2018-01-31	1	1	108.50	108.50	0	2026-05-13 13:24:56.700
917	4cc4fd4fdd406a85bbdc1f824b731bd7	85906	toledo	PR	2018-02-26	2018-02-26	1	2	539.98	269.99	0	2026-05-13 13:24:56.700
918	4ce6e5f6c52515177e18c1c9361d8677	9895	sao bernardo do campo	SP	2018-07-16	2018-07-16	1	1	226.60	226.60	0	2026-05-13 13:24:56.700
919	4ce8b55b4bfa4659184e7becc1fba3f2	83823	fazenda rio grande	PR	2018-04-23	2018-04-29	2	2	199.00	99.50	0	2026-05-13 13:24:56.700
920	4cf490a58259286ada5ba8525ba9e84a	14910	tabatinga	SP	2017-03-14	2017-11-23	8	8	1254.20	156.78	0	2026-05-13 13:24:56.700
921	4d0041cdbe51b4617d95c70b19decc74	36052	juiz de fora	MG	2018-05-10	2018-07-31	8	8	5235.20	654.40	0	2026-05-13 13:24:56.700
922	4d232b78ab7ef10393dc3807d827bc0d	30120	belo horizonte	MG	2018-07-22	2018-08-15	5	5	1475.00	295.00	0	2026-05-13 13:24:56.700
923	4d600e08ecbe08258c79e536c5a42fee	85988	entre rios do oeste	PR	2016-10-06	2017-03-15	8	8	4465.34	558.17	0	2026-05-13 13:24:56.700
924	4d6d651bd7684af3fffabd5f08d12e5a	17209	jau	SP	2017-04-25	2018-08-23	369	395	43587.40	110.35	0	2026-05-13 13:24:56.700
925	4d6fb82c629c7a5028bfd973c07b05e0	31525	belo horizonte	MG	2017-02-22	2017-02-28	2	2	278.00	139.00	0	2026-05-13 13:24:56.700
926	4d8809767a5bafe22909c77951fb6b41	6803	embu das artes	SP	2017-10-25	2017-10-25	1	1	50.00	50.00	0	2026-05-13 13:24:56.700
927	4d9fea3499bdc22aa4da4e339365f215	4209	sao paulo	SP	2018-02-17	2018-02-17	2	2	192.54	96.27	0	2026-05-13 13:24:56.700
928	4da0e408c99d2fdc2126dc9fce518060	86300	cornelio procopio	PR	2017-01-14	2018-08-13	44	54	3026.00	56.04	0	2026-05-13 13:24:56.700
929	4dab98ca6cd6d3df586203cefd28a042	91150	porto alegre	RS	2018-03-05	2018-03-05	1	1	154.90	154.90	0	2026-05-13 13:24:56.700
930	4dbd95a08b31ede5c82d3f861cb1ce1a	80210	curitiba	PR	2017-05-21	2017-11-14	6	6	1304.67	217.45	0	2026-05-13 13:24:56.700
931	4dc2e811a1760953cb7c6a590b498943	17230	itapui	SP	2018-08-20	2018-08-20	1	1	175.00	175.00	0	2026-05-13 13:24:56.700
932	4dc646b9b9e8e411ef48ba000ea3ac6f	13272	valinhos	SP	2018-02-03	2018-08-16	4	5	289.70	57.94	0	2026-05-13 13:24:56.700
933	4ddeb3e828550cddc8d45c8bc36ab2d1	1131	sao paulo	SP	2017-03-15	2017-03-15	1	1	152.00	152.00	0	2026-05-13 13:24:56.700
934	4de6e4ba574aa9dfdc824bc44dc47fdd	83402	colombo	PR	2018-01-09	2018-07-05	14	14	451.10	32.22	0	2026-05-13 13:24:56.700
935	4deebb3199eeafb282ae33229144f94b	2112	sao paulo	SP	2018-01-14	2018-07-28	4	5	779.70	155.94	0	2026-05-13 13:24:56.700
936	4e06067cc08b3f41d837768d392c3ee3	32604	betim	MG	2017-07-16	2018-08-04	31	46	941.72	20.47	0	2026-05-13 13:24:56.700
937	4e0d109ccfba9a1151c103049880c857	25550	sao joao de meriti	RJ	2017-11-24	2018-05-31	2	2	279.89	139.94	0	2026-05-13 13:24:56.700
938	4e17c65a516f69d023a2ae78b84f28d6	8673	suzano	SP	2017-03-13	2018-08-26	61	74	7639.26	103.23	0	2026-05-13 13:24:56.700
939	4e2627090e6e5b9fabba883a37897683	31565	belo horizonte	MG	2018-01-14	2018-02-26	2	5	199.50	39.90	0	2026-05-13 13:24:56.700
940	4e326052e5dbba8adcd512f3450a307e	8020	sao paulo	SP	2018-01-31	2018-02-25	3	6	570.00	95.00	0	2026-05-13 13:24:56.700
941	4e42581f08e8cfc7c090f930bac4552a	13660	portoferreira	SP	2017-11-24	2017-12-07	3	4	336.00	84.00	0	2026-05-13 13:24:56.700
942	4e480be820e37de1444325ff358c9296	37410	tres coracoes	MG	2018-07-11	2018-07-11	1	2	430.30	215.15	0	2026-05-13 13:24:56.700
943	4e5725ba188db8252977a4f0227bd462	14092	ribeirao preto	SP	2018-02-20	2018-05-25	22	25	1930.59	77.22	0	2026-05-13 13:24:56.700
944	4e6015589b781adaa5ce7f1892d06bb1	11440	guaruja	SP	2017-10-12	2018-01-24	3	3	684.00	228.00	0	2026-05-13 13:24:56.700
945	4e7c18b98d84e05cbae3ff0ff03846c2	14882	jaboticabal	SP	2017-02-04	2018-07-12	82	89	9177.90	103.12	0	2026-05-13 13:24:56.700
946	4e85b538b0dad58852641540686d0e14	12238	sao jose dos campos	SP	2017-07-27	2018-06-25	4	4	361.98	90.49	0	2026-05-13 13:24:56.700
947	4e8dacf3d38f281ae26c3e0321d92d88	8420	sao paulo	SP	2017-01-27	2017-06-05	10	15	2644.95	176.33	0	2026-05-13 13:24:56.700
948	4e922959ae960d389249c378d1c939f5	12327	jacarei	SP	2016-10-10	2018-08-28	420	454	46030.37	101.39	0	2026-05-13 13:24:56.700
949	4e92348462c75b6c842b994ce84a0ed4	94930	cachoeirinha	RS	2018-07-03	2018-07-03	1	1	69.90	69.90	0	2026-05-13 13:24:56.700
950	4ea2f12dbe91deeacd2c1e74f069a6e6	2334	sao paulo	SP	2017-09-05	2018-04-08	4	6	210.20	35.03	0	2026-05-13 13:24:56.700
951	4eb61f060e7dcc1d5a80d806c35cc541	5743	sao paulo	SP	2018-03-23	2018-08-23	8	8	1313.00	164.13	0	2026-05-13 13:24:56.700
952	4ebdc7e6cd6102a022dadc49156d4ea8	5030	sao paulo	SP	2017-02-22	2018-07-19	29	32	928.70	29.02	0	2026-05-13 13:24:56.700
953	4eeb99008a0f59d2c7759c59f9a346eb	6807	embu das artes	SP	2018-06-18	2018-06-18	2	2	1282.00	641.00	0	2026-05-13 13:24:56.700
954	4ef4c39cf3c24f326434cf0b2e48046a	5004	sao paulo	SP	2018-01-18	2018-08-23	8	9	891.00	99.00	0	2026-05-13 13:24:56.700
955	4f0d637c1197fd65405ebd755ac9f86b	6768	taboao da serra	SP	2018-05-30	2018-06-20	2	2	199.80	99.90	0	2026-05-13 13:24:56.700
956	4f1f1c8666cdb6442f775c4e8caed465	30240	belo horizonte	MG	2018-07-25	2018-08-01	2	2	944.98	472.49	0	2026-05-13 13:24:56.700
957	4f40d2ed38d1cc945364a7cd202a82c7	2337	sao paulo	SP	2017-11-25	2017-11-25	1	1	319.90	319.90	0	2026-05-13 13:24:56.700
958	4fae87d32467e18eb46e4a76a0a0b9ce	99670	ronda alta	RS	2018-08-17	2018-08-17	1	1	100.90	100.90	0	2026-05-13 13:24:56.700
959	4fb41dff7c50136976d1a5cf004a42e2	44002	feira de santana	BA	2017-11-27	2018-02-02	3	3	1230.00	410.00	0	2026-05-13 13:24:56.700
960	4fe2f67634d00c021aa01f96b6f2d68e	87035	maringa	PR	2018-08-11	2018-08-16	2	2	86.80	43.40	0	2026-05-13 13:24:56.700
961	5011f0d93373a4c5753adf58ca77af8d	11013	santos	SP	2017-08-16	2018-05-14	12	22	1009.42	45.88	0	2026-05-13 13:24:56.700
962	503c1de08ae81a2d86f17951b204db55	3725	sao paulo	SP	2017-06-28	2018-07-26	22	22	4906.99	223.04	0	2026-05-13 13:24:56.700
963	5058e8c1e82653974541e83690655b4a	8583	itaquaquecetuba	SP	2017-10-16	2018-08-03	63	78	10022.82	128.50	0	2026-05-13 13:24:56.700
964	5075aaa8404020ae6aa8bf4792099b41	37706	pocos de caldas	MG	2017-03-16	2018-01-13	13	23	1822.80	79.25	0	2026-05-13 13:24:56.700
965	50770d25768b0486d89be26afca3108f	9271	santo andre	SP	2017-12-12	2018-07-18	6	6	171.77	28.63	0	2026-05-13 13:24:56.700
966	508808d438fe2ff972ed13bb8f4a82e2	3963	sao paulo	SP	2018-08-04	2018-08-27	10	11	294.83	26.80	0	2026-05-13 13:24:56.700
967	50a7e551a7b3f8d37cd6e32d8bfbe5ea	9520	sao caetano do sul	SP	2018-07-24	2018-07-24	1	1	140.00	140.00	0	2026-05-13 13:24:56.700
968	50bf89f1349bc0409a268c3a49678009	15155	jaci	SP	2018-07-02	2018-07-02	1	1	179.90	179.90	0	2026-05-13 13:24:56.700
969	50c361bcf670d16f6df4d52de3dff924	4131	sao paulo	SP	2018-02-13	2018-02-13	1	1	35.00	35.00	0	2026-05-13 13:24:56.700
970	50c9975695009e5e6473912e83a6d1da	35530	claudio	MG	2017-02-05	2018-07-23	50	68	3964.40	58.30	0	2026-05-13 13:24:56.700
971	51209b446b2073894bdc0face6c73ffc	29104	vila velha	ES	2018-06-13	2018-07-19	2	4	359.60	89.90	0	2026-05-13 13:24:56.700
972	512d298ac2a96d1931b6bd30aa21f61d	20060	rio de janeiro	RJ	2018-01-17	2018-08-17	11	12	7401.94	616.83	0	2026-05-13 13:24:56.700
973	513a54369b6a8a6602fcb0e129c6d78d	9862	sao bernardo do campo	SP	2018-08-18	2018-08-26	2	2	47.80	23.90	0	2026-05-13 13:24:56.700
974	5145090ab595c0d0b8557199f5701fbf	82900	curitiba	PR	2018-03-15	2018-06-09	4	4	1459.60	364.90	0	2026-05-13 13:24:56.700
975	5151aea44289d6c6b090ee31c2132508	17515	marilia	SP	2017-02-17	2017-02-20	7	7	1315.30	187.90	0	2026-05-13 13:24:56.700
976	515d781150feed28a6ac091bb0e3cb8c	79090	campo grande	MS	2016-10-07	2017-05-11	6	6	1002.35	167.06	0	2026-05-13 13:24:56.700
977	5160d23075764e18e07c1f4a87fad743	9720	sao bernardo do campo	SP	2017-08-14	2017-12-05	34	39	2429.00	62.28	0	2026-05-13 13:24:56.700
978	516e7738bd8f735ac19a010ee5450d8d	22230	rio de janeiro	RJ	2018-05-11	2018-08-24	76	84	6643.09	79.08	0	2026-05-13 13:24:56.700
979	51702dc2a3e106c76dbff722b5bf0726	13835	conchal	SP	2017-02-23	2018-04-29	13	14	2705.10	193.22	0	2026-05-13 13:24:56.700
980	5194c22ed1f616ec0c0f33c571542879	37540	santa rita do sapucai	MG	2018-06-21	2018-08-05	4	4	245.60	61.40	0	2026-05-13 13:24:56.700
981	519a7aa428f18d125a283cf8c014fdd6	89180	rio do oeste	SC	2018-07-07	2018-07-30	3	3	79.70	26.57	0	2026-05-13 13:24:56.700
982	51a04a8a6bdcb23deccc82b0b80742cf	12914	braganca paulista	SP	2017-11-14	2017-11-14	1	1	167.99	167.99	0	2026-05-13 13:24:56.700
983	51e0557bc7b86de13e946c60ee91ce39	31510	belo horizonte	MG	2017-05-14	2017-05-14	1	1	45.80	45.80	0	2026-05-13 13:24:56.700
984	51e4e89242cbb846c2deff3dc015650e	96203	rio grande	RS	2018-04-04	2018-08-20	16	16	822.58	51.41	0	2026-05-13 13:24:56.700
985	51ed72984a04e5dd35c2b27e77179038	15050	sao jose do rio preto	SP	2017-11-11	2018-04-21	7	7	1294.30	184.90	0	2026-05-13 13:24:56.700
986	51f108f62cb87d61918159902c8f8583	85801	cascavel	PR	2018-07-24	2018-08-19	3	3	303.73	101.24	0	2026-05-13 13:24:56.700
987	5206cc4bc2297c833e6061c49bf9c43f	6192	osasco	SP	2016-10-08	2016-10-08	1	1	35.00	35.00	0	2026-05-13 13:24:56.700
988	52092ddbd3a58c450a4459bf051b2287	17300	dois corregos	SP	2017-11-11	2018-03-27	6	6	351.70	58.62	0	2026-05-13 13:24:56.700
989	520b493b57809f446cb0a233bb3e25c7	11075	santos	SP	2017-03-10	2017-12-19	63	73	3698.90	50.67	0	2026-05-13 13:24:56.700
990	522620dcb18a6b31cd7bdf73665113a9	85801	cascavel	PR	2016-10-03	2018-08-04	174	180	57168.49	317.60	0	2026-05-13 13:24:56.700
991	5236605f4d4b0b3e4df85b850393fca0	3311	sao paulo	SP	2017-08-09	2018-08-04	5	5	265.30	53.06	0	2026-05-13 13:24:56.700
992	52454f90d4c30c016768db02f88c1a74	13091	campinas	SP	2018-05-14	2018-07-13	3	5	80.50	16.10	0	2026-05-13 13:24:56.700
993	52562a9f449c3dc3d53f5f5b9ed74903	59152	parnamirim	RN	2017-04-27	2018-04-14	14	14	3266.60	233.33	0	2026-05-13 13:24:56.700
994	525e75a6fb1454a2325ab1734bcec221	6453	barueri	SP	2017-04-13	2017-10-02	10	11	657.07	59.73	0	2026-05-13 13:24:56.700
995	5275ca25d0358ca73864e0ae41be1320	7024	guarulhos	SP	2018-07-23	2018-08-07	4	4	409.60	102.40	0	2026-05-13 13:24:56.700
996	527801b552d0077ffd170872eb49683b	17400	garca	SP	2017-10-05	2018-08-24	90	92	17942.80	195.03	0	2026-05-13 13:24:56.700
997	52831e5990d0771cb4951d6f12928167	17600	tupa	SP	2018-08-06	2018-08-06	1	1	65.00	65.00	0	2026-05-13 13:24:56.700
998	528bcf6680c36dddf07620bd35b33a6f	3178	sao paulo	SP	2017-06-11	2017-10-17	2	2	969.98	484.99	0	2026-05-13 13:24:56.700
999	528ce32f560edd11add4169f6a5b65be	18130	sao roque	SP	2017-05-02	2017-07-20	2	2	59.80	29.90	0	2026-05-13 13:24:56.700
1000	52956b80ae65fda598f06f6b9943e7a9	87050	maringa	PR	2018-05-07	2018-05-31	3	3	792.00	264.00	0	2026-05-13 13:24:56.700
1001	52a50b42accf164f9f019941e5759d9b	13820	monte alegre do sul	SP	2018-08-02	2018-08-22	4	4	139.96	34.99	0	2026-05-13 13:24:56.700
1002	52a52b9f656520e99716f5bc40f661c8	13573	sao carlos	SP	2018-04-29	2018-07-28	7	8	783.10	97.89	0	2026-05-13 13:24:56.700
1003	52ac6f920b7280e4c6d30dd94de6259b	83321	pinhais	PR	2017-02-28	2018-05-23	6	7	5657.30	808.19	0	2026-05-13 13:24:56.700
1004	52b53f7061969fe471d119b6195da864	88301	itajai	SP	2017-08-28	2017-08-28	1	1	90.00	90.00	0	2026-05-13 13:24:56.700
1005	52bb00821bcdd358a5a5a27e1f6be5a1	6268	osasco	SP	2018-01-17	2018-04-11	2	2	349.80	174.90	0	2026-05-13 13:24:56.700
1006	52d76513f0c4d97f3b99570e2c94ee31	93348	novo hamburgo	RS	2017-07-14	2018-08-16	19	28	8153.10	291.18	0	2026-05-13 13:24:56.700
1007	52f0fe436a347ddad7ed5f9aa4e27eaa	1129	sao paulo	SP	2018-01-06	2018-05-18	21	23	1484.37	64.54	0	2026-05-13 13:24:56.700
1008	52f6f9f13ba19504c02781132a049e75	80540	curitiba	PR	2017-03-25	2017-03-25	1	1	199.00	199.00	0	2026-05-13 13:24:56.700
1009	52f976b17ea7f2f087f56dcc419328f6	86820	california	PR	2017-10-05	2018-07-23	6	6	7630.00	1271.67	0	2026-05-13 13:24:56.700
1010	52f9db5cfb423382a2fa5c9e39303202	19830	echapora	SP	2017-11-06	2018-08-02	22	23	1269.77	55.21	0	2026-05-13 13:24:56.700
1011	5305693ffae2d3463377b1f6fe67b15a	16300	penapolis	SP	2018-01-02	2018-01-02	1	1	93.56	93.56	0	2026-05-13 13:24:56.700
1012	53088c75f948b48a7ece173ac17f0c12	95840	triunfo	RS	2018-05-22	2018-08-07	3	3	261.70	87.23	0	2026-05-13 13:24:56.700
1013	530ec6109d11eaaf87999465c6afee01	85807	cascavel	PR	2017-05-24	2018-08-20	97	104	12983.81	124.84	0	2026-05-13 13:24:56.700
1014	53243585a1d6dc2643021fd1853d8905	42738	lauro de freitas	BA	2017-08-28	2018-08-21	358	410	222776.05	543.36	1	2026-05-13 13:24:56.700
1015	53336f97ddbe53e2a617d07b17447b95	3461	sao paulo	SP	2017-10-04	2017-10-04	1	1	599.50	599.50	0	2026-05-13 13:24:56.700
1016	533d46c1b06970e99f09523a61df4972	18200	itapetininga	SP	2018-02-01	2018-02-04	2	2	159.98	79.99	0	2026-05-13 13:24:56.700
1017	5343d0649eca2a983820bfe93fc4d17e	9270	santo andre	SP	2017-12-18	2018-07-29	71	111	10000.64	90.10	0	2026-05-13 13:24:56.700
1018	534a01cc6df1e034e05c32028a291fa2	13214	jundiai	SP	2017-08-16	2017-10-23	5	5	235.59	47.12	0	2026-05-13 13:24:56.700
1019	535bf14f36346c7f59d87cece104d70c	20735	rio de janeiro	RJ	2018-08-19	2018-08-19	1	1	50.00	50.00	0	2026-05-13 13:24:56.700
1020	537eb890efff034a88679788b647c564	20270	rio de janeiro	RJ	2017-07-17	2018-08-28	160	173	4679.70	27.05	0	2026-05-13 13:24:56.700
1021	538caafddff204241cecbf3a02e6b3cf	4516	sao paulo	SP	2017-05-16	2018-07-12	9	9	148.30	16.48	0	2026-05-13 13:24:56.700
1022	539ed9e19811677513447759be5eccfc	31520	belo horizonte	MG	2018-06-16	2018-08-26	2	2	32.83	16.41	0	2026-05-13 13:24:56.700
1023	53b0300ca793f9834cd69c0678d35ee8	13339	indaiatuba	SP	2017-11-18	2018-07-30	5	10	1662.15	166.22	0	2026-05-13 13:24:56.700
1024	53d00c40e32aeb924a84ce72b1af869d	14940	ibitinga	SP	2018-01-04	2018-08-04	17	17	2165.85	127.40	0	2026-05-13 13:24:56.700
1025	53e4c6e0f4312d4d2107a8c9cddf45cd	13920	pedreira	SP	2017-02-21	2018-08-27	473	522	30148.95	57.76	0	2026-05-13 13:24:56.700
1026	54065e9aef7e9e9c2dc23b7594db021a	20040	rio de janeiro	RJ	2017-03-03	2018-03-05	14	14	8003.00	571.64	0	2026-05-13 13:24:56.700
1027	5415337f1863452476d42d9f14a16a61	30840	belo horizonte	MG	2018-08-04	2018-08-04	1	1	44.90	44.90	0	2026-05-13 13:24:56.700
1028	54219883e72aad869adfb2a54b7bfa0f	18060	sorocaba	SP	2017-11-03	2018-07-10	5	5	6750.00	1350.00	0	2026-05-13 13:24:56.700
1029	542917da124346b47ea1ac79a93ce454	82560	curitiba	PR	2017-03-04	2017-08-07	20	20	1303.90	65.20	0	2026-05-13 13:24:56.700
1030	5444b12c82f21c923f2639ebc722c1ea	2051	sao pauo	SP	2017-04-25	2017-04-25	1	1	169.90	169.90	0	2026-05-13 13:24:56.700
1031	544863df86ed3b78a04e0820d41430ee	29166	serra	ES	NULL	NULL	1	1	23.90	23.90	0	2026-05-13 13:24:56.700
1032	54583ab379489add547fe47b628db589	9810	sao bernardo do campo	SP	2018-07-23	2018-08-28	10	10	2240.00	224.00	0	2026-05-13 13:24:56.700
1033	54965bbe3e4f07ae045b90b0b8541f52	85851	foz do iguacu	PR	2017-10-18	2018-07-03	78	86	10961.30	127.46	0	2026-05-13 13:24:56.700
1034	54a1852d1b8f10312c55e906355666ee	13456	santa barbara d'oeste	SP	2017-01-12	2018-08-21	200	204	17226.44	84.44	0	2026-05-13 13:24:56.700
1035	54aa8463e87776b5612f4bdc4bd5d4de	30550	belo horizonte	MG	2016-10-07	2017-02-21	7	7	649.30	92.76	0	2026-05-13 13:24:56.700
1036	54c04bdb5ec46762f8f08c7e8f86ed4a	88037	florianopolis	SC	2018-02-06	2018-08-09	18	19	3281.66	172.72	0	2026-05-13 13:24:56.700
1037	55029529919c0123526150bd26ca8f20	32280	contagem	MG	2018-06-13	2018-08-13	7	7	453.95	64.85	0	2026-05-13 13:24:56.700
1038	553a440137d6e0cf776aee0bb83ac9f5	13481	limeira	SP	2018-05-11	2018-05-29	2	2	144.80	72.40	0	2026-05-13 13:24:56.700
1039	5563732abe64c3036cb97ad924128dd1	7192	guarulhos	SP	2017-06-25	2017-12-20	2	3	404.00	134.67	0	2026-05-13 13:24:56.700
1040	5566627eab3fe93fd6ee08798226101a	83005	sao jose dos pinhais	PR	2017-04-13	2018-01-22	5	5	85.50	17.10	0	2026-05-13 13:24:56.700
1041	556a6409838156ea299c9d1f9e2dde43	81200	curitiba	PR	2018-06-19	2018-08-11	4	4	1362.80	340.70	0	2026-05-13 13:24:56.700
1042	557f22c76691849db52d2abccf0015d0	75650	morrinhos	GO	2017-05-08	2017-09-12	13	14	865.86	61.85	0	2026-05-13 13:24:56.700
1043	5587130f9850696ed7fafbc91c2cee44	4311	sao paulo	SP	2018-07-13	2018-08-07	2	2	69.80	34.90	0	2026-05-13 13:24:56.700
1044	559d56f3b8f0bc2e5a9a62fe2ce2a39f	89220	joinville	SC	2018-08-05	2018-08-05	2	2	385.00	192.50	0	2026-05-13 13:24:56.700
1045	55a5b51f93f2b70ea513f5a047b0262a	36301	sao joao del rei	MG	2017-04-04	2017-10-06	39	41	4002.30	97.62	0	2026-05-13 13:24:56.700
1046	55bb6fe5bebe5012e2d7d9928e1128ff	17052	bauru	SP	2018-01-20	2018-07-30	15	16	1816.55	113.53	0	2026-05-13 13:24:56.700
1047	55c26bcb609f480eb7868594245febb5	14910	tabatinga	SP	2018-04-09	2018-08-09	6	6	664.40	110.73	0	2026-05-13 13:24:56.700
1048	55c96925041a14097b6a7825554f4ad5	2122	sao paulo	SP	2017-03-23	2018-01-15	6	10	294.80	29.48	0	2026-05-13 13:24:56.700
1049	55d3daac7c404d59e51c2aa2f4dc5a23	2150	sao paulo	SP	2017-05-31	2018-08-17	21	28	4480.60	160.02	0	2026-05-13 13:24:56.700
1050	55dedd83e501d8248880557d9073cbfd	22061	rio de janeiro	RJ	2018-08-10	2018-08-28	8	9	1055.30	117.26	0	2026-05-13 13:24:56.700
1051	55f7a3319d80f7fdf078b8f03e6725fe	6056	osasco	SP	2018-07-02	2018-08-22	22	22	3013.78	136.99	0	2026-05-13 13:24:56.700
1052	562f8cfc51f265411f487d07e9c40e7f	30575	belo horizonte	MG	2017-10-18	2018-05-07	13	13	766.92	58.99	0	2026-05-13 13:24:56.700
1053	562fc2f2c2863ab7e79a9e4388a58a14	13070	campinas	SP	2018-01-15	2018-08-21	260	270	8814.20	32.65	0	2026-05-13 13:24:56.700
1054	5656537e588803a555b8eb41f07a944b	72015	brasilia	DF	2016-10-06	2018-08-23	174	188	8065.93	42.90	0	2026-05-13 13:24:56.700
1055	5659d77e8d90378e39b960ad5956f64e	12062	taubate	SP	2017-09-12	2018-03-24	2	2	182.48	91.24	0	2026-05-13 13:24:56.700
1056	56642bcb79900e777d68e91915cb4267	3701	sao paulo	SP	2016-10-10	2018-07-26	48	56	3657.64	65.31	0	2026-05-13 13:24:56.700
1057	5670f4db5b62c43d542e1b2d56b0cf7c	3694	sao paulo	SP	2018-04-24	2018-08-17	22	22	6630.09	301.37	0	2026-05-13 13:24:56.700
1058	56a8b450e802502ba53a9885ee38e29f	9895	sao bernardo do campo	SP	2017-07-06	2017-07-06	1	1	62.45	62.45	0	2026-05-13 13:24:56.700
1059	56db5c0782e8f7ddc9343f9576ff6d16	88132	palhoca	SC	2017-01-27	2018-08-07	2	2	734.80	367.40	0	2026-05-13 13:24:56.700
1060	56e361f411e38dcef17cdc2a3d99628b	7113	guarulhos	SP	2018-07-02	2018-08-23	5	10	1298.00	129.80	0	2026-05-13 13:24:56.700
1061	56f413900b5166ab4d730e9ac0b12cb0	18076	sorocaba	SP	2017-06-28	2017-07-12	3	3	151.79	50.60	0	2026-05-13 13:24:56.700
1062	570d4583587a5fe2d47c7be89b91ad27	2220	sao paulo	SP	2017-06-30	2017-07-05	2	2	125.25	62.63	0	2026-05-13 13:24:56.700
1063	5721089ba9214e80074f27d5a03fc0eb	1408	sao paulo	SP	2017-11-02	2018-01-30	5	7	245.93	35.13	0	2026-05-13 13:24:56.700
1064	5733d806668f8712c24b9abaefbfa642	89803	chapeco	SP	2018-01-26	2018-04-26	2	2	243.80	121.90	0	2026-05-13 13:24:56.700
1065	5741dc2bf5044c34d0698681c5081bed	12226	sao jose dos campos	SP	2018-05-28	2018-07-16	3	3	89.70	29.90	0	2026-05-13 13:24:56.700
1066	575df70bde3f9f2b30bf8d2e9910d725	15075	sao jose do rio preto	SP	2016-10-06	2018-08-14	27	34	5410.05	159.12	0	2026-05-13 13:24:56.700
1067	577719699805dd125d5b6fdde5943bba	95150	nova petropolis	RS	2018-04-19	2018-08-21	8	8	1077.80	134.73	0	2026-05-13 13:24:56.700
1068	578460d8319c51dab351cd9db95eadfe	74550	goiania	GO	2017-08-21	2017-08-21	1	1	235.00	235.00	0	2026-05-13 13:24:56.700
1069	578fa3a9cb6b6dceab39231ad59cdaca	60025	fortaleza	CE	2017-09-16	2018-04-30	3	3	150.00	50.00	0	2026-05-13 13:24:56.700
1070	5795aebfe331fbcd02a2c4b679fb7952	88132	palhoca	SC	2018-02-11	2018-08-20	6	6	1280.00	213.33	0	2026-05-13 13:24:56.700
1071	579891617139df7d8671d373f0669622	20061	rio de janeiro	RJ	2017-06-07	2018-06-24	8	8	280.30	35.04	0	2026-05-13 13:24:56.700
1072	57a834594e1e9e9219603bfec184eadc	98780	santa rosa	RS	2018-06-03	2018-06-03	1	1	139.00	139.00	0	2026-05-13 13:24:56.700
1073	57c764b4a836300be881e2ff86e449f9	14021	ribeirao preto	SP	2017-02-02	2018-08-22	29	30	1211.00	40.37	0	2026-05-13 13:24:56.700
1074	57d2ba47f7a3209aa347532ae75c1165	89287	sao bento do sul	SC	2018-06-21	2018-07-18	2	2	318.00	159.00	0	2026-05-13 13:24:56.700
1075	57df9869a600bd6b7c405f2a862eccfb	37540	santa rita do sapucai	MG	2018-04-12	2018-08-14	5	5	125.00	25.00	0	2026-05-13 13:24:56.700
1076	57e632711dec9ec14ca7546769483e7e	88372	navegantes	SC	2017-02-05	2018-08-08	62	65	6350.06	97.69	0	2026-05-13 13:24:56.700
1077	57fe6232e67823593374a2281d7a8af8	13360	capivari	SP	2017-03-05	2017-12-01	8	8	178.68	22.34	0	2026-05-13 13:24:56.700
1078	582d4f8675b945722eda7c0cb61ba4c7	11250	bertioga	SP	2017-01-20	2018-08-03	59	71	4702.96	66.24	0	2026-05-13 13:24:56.700
1079	585175ec331ea177fa47199e39a6170a	39400	montes claros	MG	2017-02-21	2017-02-21	1	1	3549.00	3549.00	0	2026-05-13 13:24:56.700
1080	586a871d4f1221763fddb6ceefdeb95e	90630	porto alegre	RS	2017-01-26	2017-01-26	1	2	198.00	99.00	0	2026-05-13 13:24:56.700
1081	5882820ef11c4c068eea0677a7a879b4	95082	caxias do sul	RS	2017-04-04	2018-07-20	14	14	9925.50	708.96	0	2026-05-13 13:24:56.700
1082	5882f40daf39bc2a465e0cb453ddc222	5616	sao paulo	SP	2017-10-13	2017-10-13	1	1	640.00	640.00	0	2026-05-13 13:24:56.700
1083	58b98ccb79873e04eac4357cacc590d9	13043	campinas	SP	2018-08-04	2018-08-04	1	1	23.00	23.00	0	2026-05-13 13:24:56.700
1084	58c851d1a3c7cd3da329eb59453fed44	13504	rio claro	SP	2018-08-10	2018-08-21	2	2	268.99	134.50	0	2026-05-13 13:24:56.700
1085	58e4b302b54937e55a678c4d15111da4	83402	colombo	PR	2017-01-26	2017-06-26	3	3	279.79	93.26	0	2026-05-13 13:24:56.700
1086	58f1a6197ed863543e0136bdedb3fce2	36407	conselheiro lafaiete	MG	2018-05-10	2018-08-18	44	45	6833.00	151.84	0	2026-05-13 13:24:56.700
1087	59417c56835dd8e2e72f91f809cd4092	13480	limeira	SP	2017-01-25	2017-10-02	18	18	36459.00	2025.50	0	2026-05-13 13:24:56.700
1088	594f9aaa48e5bf431f011ddc5669b0d5	32185	contagem	MG	2018-04-26	2018-08-27	37	38	3248.80	85.49	0	2026-05-13 13:24:56.700
1089	5962468f885ea01a1b6a97a218797b0a	82040	curitiba	PR	2017-07-01	2017-12-25	8	9	791.00	87.89	0	2026-05-13 13:24:56.700
1090	596849622429351f47b32e6cae1055ff	8710	mogi das cruses	SP	2018-06-04	2018-08-21	14	14	1104.70	78.91	0	2026-05-13 13:24:56.700
1091	5996cddab893a4652a15592fb58ab8db	19010	presidente prudente	SP	NULL	NULL	1	1	810.00	810.00	0	2026-05-13 13:24:56.700
1092	59b22a78efb79a4797979612b885db36	38414	uberlandia	MG	2017-07-17	2018-08-24	125	133	27184.50	204.39	0	2026-05-13 13:24:56.700
1093	59bbc819b99a733f02f0d6b49d1c253d	13043	campinas	SP	2018-05-08	2018-06-26	2	2	139.80	69.90	0	2026-05-13 13:24:56.700
1094	59cd88080b93f3c18508673122d26169	11707	praia grande	SP	2017-07-26	2017-12-09	10	12	392.33	32.69	0	2026-05-13 13:24:56.700
1095	59cea8e446d3834393058e7e0666b6fb	87050	maringa	PR	2018-06-16	2018-08-16	10	10	696.60	69.66	0	2026-05-13 13:24:56.700
1096	59de1d4c8c057c2a53acd4ca66531af2	80215	curitiba	PR	2017-11-10	2017-11-10	1	1	135.00	135.00	0	2026-05-13 13:24:56.700
1097	59fb871bf6f4522a87ba567b42dafecf	3655	sao paulo	SP	2016-10-06	2018-04-11	126	128	21708.57	169.60	0	2026-05-13 13:24:56.700
1098	5a05a16bb50629ee31afab8a6d4c2674	95076	caxias do sul	RS	2018-03-06	2018-07-02	14	15	794.30	52.95	0	2026-05-13 13:24:56.700
1099	5a32c398a06c345440bf2a683b017ad3	21070	rio de janeiro	RJ	2017-12-31	2018-03-14	2	2	79.80	39.90	0	2026-05-13 13:24:56.700
1100	5a413ade68e8f8d93071a7f52a64cb9e	3679	sao paulo	SP	2018-08-08	2018-08-29	14	14	778.90	55.64	0	2026-05-13 13:24:56.700
1101	5a4236931428800e9d9cc04af0987118	2916	sao paulo	SP	2018-07-17	2018-07-17	1	3	44.97	14.99	0	2026-05-13 13:24:56.700
1102	5a425cc503b39b262a847fd6212bf53b	86010	londrina	PR	2018-04-27	2018-08-19	15	15	1360.59	90.71	0	2026-05-13 13:24:56.700
1103	5a6a02f419701fc8c605af71d4fc57a4	13465	americana	SP	2018-05-14	2018-08-24	10	11	600.50	54.59	0	2026-05-13 13:24:56.700
1104	5a8e7d5003a1f221f9e1d6e411de7c23	13076	campinas	SP	2016-10-04	2018-08-24	139	181	11171.90	61.72	0	2026-05-13 13:24:56.700
1105	5a93f3ab0ef4c84ed5e1b5dbf23978bc	12250	monteiro lobato	SP	2017-05-09	2018-03-03	39	44	2338.25	53.14	0	2026-05-13 13:24:56.700
1106	5a9b3bcab695173c820e53934574ae80	13320	salto	SP	2018-07-27	2018-07-27	1	1	139.00	139.00	0	2026-05-13 13:24:56.700
1107	5a9c0859cb00fd8aa4db443837f0a700	89650	treze tilias	SC	2018-07-09	2018-07-11	2	2	208.00	104.00	0	2026-05-13 13:24:56.700
1108	5aaa890629f83706d8d9bfecd8377c1c	25720	petropolis	RJ	2017-09-15	2017-09-15	1	1	48.90	48.90	0	2026-05-13 13:24:56.700
1109	5ab05b6d86d417796c69ffd6774ec832	19815	assis	SP	2017-01-20	2018-08-26	10	12	1886.10	157.18	0	2026-05-13 13:24:56.700
1110	5abb8ea023c77787f2c15da891c8d384	89228	joinville	SC	2017-02-17	2017-12-02	13	13	2241.00	172.38	0	2026-05-13 13:24:56.700
1111	5acd070dd3fe441bbb2ec1f1ede515ee	13203	jundiai	SP	2017-11-24	2018-02-25	7	8	764.17	95.52	0	2026-05-13 13:24:56.700
1112	5b07547f10dd980738a1a27f685af669	7013	guarulhos	SP	2018-08-01	2018-08-24	13	14	1134.60	81.04	0	2026-05-13 13:24:56.700
1113	5b0cc932433fa5184b5b94bfe6bcc256	14940	ibitinga	SP	2018-06-20	2018-08-05	12	17	1437.80	84.58	0	2026-05-13 13:24:56.700
1114	5b179e9e8cc7ab6fd113a46ca584da81	5424	sao paulo	SP	2016-10-04	2017-09-13	34	36	5173.50	143.71	0	2026-05-13 13:24:56.700
1115	5b2e94f2c22b39ccc24d34ad0f669672	1214	sao paulo	SP	2018-05-02	2018-08-07	10	10	949.78	94.98	0	2026-05-13 13:24:56.700
1116	5b33b527da3c5b969cc99dc435cad09a	87702	paranavai	PR	2017-01-29	2018-08-11	16	17	1872.79	110.16	0	2026-05-13 13:24:56.700
1117	5b35136197710e16ac5e7b7c2bd4ea85	22640	rio de janeiro	RJ	2017-08-16	2018-03-31	7	9	3104.20	344.91	0	2026-05-13 13:24:56.700
1118	5b51032eddd242adc84c38acab88f23d	37564	borda da mata	MG	2017-10-30	2018-06-16	12	14	3280.00	234.29	0	2026-05-13 13:24:56.700
1119	5b581417df4480f632484ba681e53944	88050	florianopolis	SC	2017-07-19	2018-02-03	12	13	1790.60	137.74	0	2026-05-13 13:24:56.700
1120	5b664594895aefb418afaee6d40a9a23	25750	petropolis	RJ	2017-01-15	2018-08-05	16	22	1008.80	45.85	0	2026-05-13 13:24:56.700
1121	5b67882648febfb6e1225e6ad7164f6b	87502	umuarama	PR	2017-07-09	2018-08-10	27	30	6813.48	227.12	0	2026-05-13 13:24:56.700
1122	5b8154610ebb21fb90eb587365e673df	12246	sao jose dos campos	SP	2017-07-10	2018-07-28	38	41	9397.54	229.21	0	2026-05-13 13:24:56.700
1123	5b85809efd0d0e4dea1a9544e1280ed9	19020	presidente prudente	SP	2018-05-16	2018-08-20	12	14	1804.60	128.90	0	2026-05-13 13:24:56.700
1124	5b925e1d006e9476d738aa200751b73b	4567	sao paulo	SP	2017-10-06	2018-08-20	63	63	7748.50	122.99	0	2026-05-13 13:24:56.700
1125	5b92bfa4120daa27c574daa2e386c693	18070	sorocaba	SP	2017-02-20	2017-02-20	1	1	14.00	14.00	0	2026-05-13 13:24:56.700
1126	5b97c06a046398e7005b2b7c0d707a92	38770	joao pinheiro	MG	2017-05-27	2017-07-27	4	4	1519.96	379.99	0	2026-05-13 13:24:56.700
1127	5bba18b40e8c973b0f32e748004775b0	15840	itajobi	SP	2016-10-10	2016-10-10	1	1	739.98	739.98	0	2026-05-13 13:24:56.700
1128	5bc237df65098fe211bb4818f4d26d78	38410	uberlandia	MG	2017-02-09	2017-09-15	2	2	126.80	63.40	0	2026-05-13 13:24:56.700
1129	5bc24d989e71e93c33e50a7782431b0e	37165	campo do meio	MG	2018-05-02	2018-08-21	17	17	3148.00	185.18	0	2026-05-13 13:24:56.700
1130	5bc55dbe2f12b6af6d83ed46023e0dc8	35170	coronel fabriciano	MG	2018-02-21	2018-08-13	17	21	2992.10	142.48	0	2026-05-13 13:24:56.700
1131	5bf397d04035b5f45cc41e82ec106803	4144	sao paulo	SP	2018-05-08	2018-07-02	3	4	1525.00	381.25	0	2026-05-13 13:24:56.700
1132	5bffbafbb22daf6d3bfc216a46db8708	26525	nilopolis	RJ	2017-02-25	2017-06-25	21	23	5239.70	227.81	0	2026-05-13 13:24:56.700
1133	5c030029b5916fed0986310385ec9009	88075	sao jose	SC	2018-06-14	2018-08-20	7	10	4164.40	416.44	0	2026-05-13 13:24:56.700
1134	5c243662ce92d84573bfaff24c3e3700	3702	sao paulo	SP	2017-01-28	2018-02-09	98	100	32862.02	328.62	0	2026-05-13 13:24:56.700
1135	5c3460cd3e8a984382ae254e7dd20d9f	15085	sao jose do rio preto	SP	2018-02-23	2018-08-16	9	10	775.76	77.58	0	2026-05-13 13:24:56.700
1136	5c603ffb38cbbf25a0e0698941324143	37004	varginha	MG	2017-01-23	2017-01-25	2	2	348.80	174.40	0	2026-05-13 13:24:56.700
1137	5c6d4016c2a288f074fa0848a2b653d2	1209	sao paulo	SP	2017-09-27	2018-08-20	32	35	3159.00	90.26	0	2026-05-13 13:24:56.700
1138	5c853bb56f70f4d14218944bae111d7a	6715	cotia	SP	2017-02-22	2018-08-22	23	24	263.13	10.96	0	2026-05-13 13:24:56.700
1139	5ca5d579b5857ee8709479b1047cecc3	4176	sao paulo	SP	2018-01-13	2018-03-22	2	2	339.89	169.94	0	2026-05-13 13:24:56.700
1140	5cbbd5a299cab112b7bf23862255e43e	83324	pinhais	PR	2017-09-14	2018-08-16	36	38	2726.06	71.74	0	2026-05-13 13:24:56.700
1141	5cf13accae3222c70a9cac40818ae839	38700	patos de minas	MG	2017-01-16	2018-08-23	149	156	14383.20	92.20	0	2026-05-13 13:24:56.700
1142	5cf1ec37aea089f45110c70653a166ab	2215	sao paulo	SP	2017-04-01	2017-12-13	3	3	50.00	16.67	0	2026-05-13 13:24:56.700
1143	5d0363b33554b373851fc1622e4d5f3c	12952	atibaia	SP	2017-11-07	2018-08-21	94	95	6610.79	69.59	0	2026-05-13 13:24:56.700
1144	5d043cd5512d4bd2f88e5ccdd5736c38	2710	sao paulo	SP	2017-03-11	2017-03-11	1	1	650.00	650.00	0	2026-05-13 13:24:56.700
1145	5d378b73ab7dd6f0418d743e5dcb0bd1	1026	sao paulo	SP	2017-10-09	2017-11-14	7	7	13243.00	1891.86	0	2026-05-13 13:24:56.700
1146	5d3bb11474a06bdc23fb9e89f1164ee0	19804	assis	SP	2017-07-05	2018-08-13	31	32	3654.60	114.21	0	2026-05-13 13:24:56.700
1147	5d505d2298ad549e4e4e835562fa0c1e	16200	birigui	SP	2017-03-15	2017-04-01	2	2	249.80	124.90	0	2026-05-13 13:24:56.700
1148	5d76d80a2f5f39c891b996a1bf4c9853	5727	sao paulo	SP	2018-07-31	2018-08-18	6	6	1238.50	206.42	0	2026-05-13 13:24:56.700
1149	5d9dc90a686a8fddacffab6bab5653a3	6513	santana de parnaiba	SP	2017-10-01	2018-08-15	12	12	3761.94	313.49	0	2026-05-13 13:24:56.700
1150	5d9f3746e112e696f98ea22c56b3e912	3171	sao paulo	SP	2018-07-24	2018-07-24	1	1	1322.64	1322.64	0	2026-05-13 13:24:56.700
1151	5db42a6cd9bf1bf0d3aab9582767f168	29010	vitoria	ES	2018-05-05	2018-05-05	1	1	200.00	200.00	0	2026-05-13 13:24:56.700
1152	5dc203c7b84a0e71e878a179de05fb9a	17580	pompeia	SP	2018-05-28	2018-08-07	5	5	421.90	84.38	0	2026-05-13 13:24:56.700
1153	5dc4bdaf869e8c77c648078cbe8d59c2	88035	florianopolis	SC	2017-09-16	2017-09-16	1	1	292.99	292.99	0	2026-05-13 13:24:56.700
1154	5dceca129747e92ff8ef7a997dc4f8ca	13450	santa barbara d´oeste	SP	2017-01-27	2018-06-25	325	346	112155.53	324.15	1	2026-05-13 13:24:56.700
1155	5de1c80811ce7007f62f00d971236c09	88063	florianopolis	SC	2018-07-30	2018-07-30	2	2	76.80	38.40	0	2026-05-13 13:24:56.700
1156	5debea795b07621e1f90532e18f96145	86800	apucarana	PR	2017-10-21	2018-08-15	25	33	1883.78	57.08	0	2026-05-13 13:24:56.700
1157	5def4c3732941a971cba8fdee992ede1	2113	sao paulo	SP	2018-08-02	2018-08-28	5	6	134.80	22.47	0	2026-05-13 13:24:56.700
1158	5e063e85d44b0f5c3e6ec3131103a57e	5302	sao paulo	SP	2018-07-12	2018-07-12	1	1	22.90	22.90	0	2026-05-13 13:24:56.700
1159	5e105f5c9f63f5f1fd75d6cb942e55b1	15076	sao jose do rio preto	SP	2018-05-20	2018-08-25	8	8	1471.90	183.99	0	2026-05-13 13:24:56.700
1160	5e106d93b717c2682b9383da480364a1	85875	santa terezinha de itaipu	PR	2017-04-20	2017-04-20	1	1	445.90	445.90	0	2026-05-13 13:24:56.700
1161	5e25c632f9db6cfb8bc100421c2737b6	89801	chapeco	SC	2018-06-12	2018-06-12	1	1	259.00	259.00	0	2026-05-13 13:24:56.700
1162	5e49e3a44bdeb5aab2684258bbd4f525	88330	balenario camboriu	SC	2017-12-14	2018-03-15	3	3	507.00	169.00	0	2026-05-13 13:24:56.700
1163	5e9f5bd34e0830569f05c9d4f56e04a8	90560	porto alegre	RS	2018-07-12	2018-07-14	2	2	239.98	119.99	0	2026-05-13 13:24:56.700
1164	5ee7fd217d08dfe5d3e2f51f96a12c9a	13880	vargem grande do sul	SP	2017-06-17	2018-08-21	9	9	1165.50	129.50	0	2026-05-13 13:24:56.700
1165	5eeb9c756d9780b96283e5a2ac6da334	14010	ribeirao preto	SP	2017-10-10	2018-07-18	9	9	2471.00	274.56	0	2026-05-13 13:24:56.700
1166	5ef131ac72773e5b3f6c0d63cf424657	14075	ribeirao preto	SP	2018-07-22	2018-08-25	10	11	575.79	52.34	0	2026-05-13 13:24:56.700
1167	5f0057b677eb963672bf05dfa3f16c34	1309	sao paulo	SP	2016-10-07	2017-02-19	5	5	312.88	62.58	0	2026-05-13 13:24:56.700
1168	5f06030071324cc52bf0304014ac7234	17514	marilia	SP	2017-08-20	2017-08-26	4	4	783.96	195.99	0	2026-05-13 13:24:56.700
1169	5f1dc28029d2c244352a68107ec2b542	5126	sao paulo	SP	2017-01-17	2018-06-15	62	78	2807.30	35.99	0	2026-05-13 13:24:56.700
1170	5f2684dab12e59f83bef73ae57724e45	5125	sao paulo	SP	2016-10-04	2018-08-29	68	74	9000.87	121.63	0	2026-05-13 13:24:56.700
1171	5f26c1408a65b42a7224cd463bdf3292	86707	arapongas	PR	2018-06-28	2018-08-26	10	10	1139.80	113.98	0	2026-05-13 13:24:56.700
1172	5f3ae9136c875522250f8184f253413a	1550	sao paulo	SP	2018-01-15	2018-08-22	43	46	1158.00	25.17	0	2026-05-13 13:24:56.700
1173	5f57db27027655e6c6a391601daa0258	29138	viana	ES	2018-08-14	2018-08-14	1	1	98.00	98.00	0	2026-05-13 13:24:56.700
1174	5f5a58930c3c35f3b5af264f34fb8c85	14020	ribeirao preto	SP	2018-06-25	2018-07-19	3	3	560.00	186.67	0	2026-05-13 13:24:56.700
1175	5f5b43b2bffa8656e4bc6efeb13cc649	4880	sao paulo	SP	2017-11-25	2018-06-18	27	29	3677.20	126.80	0	2026-05-13 13:24:56.700
1176	5f67c6082caacb26e431a7b17940cece	87083	maringa	PR	2018-02-14	2018-08-06	13	14	1662.60	118.76	0	2026-05-13 13:24:56.700
1177	5f7300535881cef3b625fd683cf7d145	92020	canoas	RS	2017-10-15	2018-07-22	10	11	665.98	60.54	0	2026-05-13 13:24:56.700
1178	5fd924b4836098a5be0ecf81ba054ce0	3554	sao paulo	SP	2017-01-17	2017-03-01	7	8	1148.80	143.60	0	2026-05-13 13:24:56.700
1179	602044f2c16190c2c6e45eb35c2e21cb	14940	ibitinga	SP	2017-10-20	2018-08-23	50	57	3739.16	65.60	0	2026-05-13 13:24:56.700
1180	6025c79c035c3d772133b8b8238463b2	83327	pinhais/pr	PR	2018-07-18	2018-08-06	2	4	989.74	247.44	0	2026-05-13 13:24:56.700
1181	6039e27294dc75811c0d8a39069f52c0	6162	osasco	SP	2017-02-27	2018-08-22	64	75	13670.70	182.28	0	2026-05-13 13:24:56.700
1182	60562ab00b8054280520d390c8c0045c	4809	sao paulo	SP	2017-10-18	2018-08-03	17	17	2943.00	173.12	0	2026-05-13 13:24:56.700
1183	6061155addc1e54b4cfb51c1c2a32ad8	13043	campinas	SP	2018-06-01	2018-08-26	28	33	15633.40	473.74	0	2026-05-13 13:24:56.700
1184	606ce7768feac12c5e8bd58db8b08f0f	13084	campinas	SP	2018-04-24	2018-08-07	5	5	2916.60	583.32	0	2026-05-13 13:24:56.700
1185	609e1a9a6c2539919b8205cf7c4e6ff0	88359	brusque	SC	2018-01-27	2018-08-24	87	130	6595.23	50.73	0	2026-05-13 13:24:56.700
1186	60ad151920c4f6f3ebbe8cfdf6166779	6322	carapicuiba	SP	2017-05-09	2017-05-13	2	2	130.00	65.00	0	2026-05-13 13:24:56.700
1187	60da8bfa7eebe230b7d66ac4082d79b3	15940	fernando prestes	SP	2018-08-02	2018-08-18	3	3	86.60	28.87	0	2026-05-13 13:24:56.700
1188	610f72e407cdd7caaa2f8167b0163fd8	1201	sao paulo	SP	2018-04-03	2018-08-25	16	17	13585.16	799.13	0	2026-05-13 13:24:56.700
1189	612170e34b97004b3ba37eae81836b4c	93542	novo hamburgo	RS	2018-06-11	2018-08-22	107	110	23065.02	209.68	0	2026-05-13 13:24:56.700
1190	612a743d294c27884fb7b80d2b19ba35	80620	curitiba	PR	2017-01-25	2018-08-15	2	3	3057.70	1019.23	0	2026-05-13 13:24:56.700
1191	615005a3ef192c00c6f0e977cee3d2bc	13304	itu	SP	2017-08-17	2017-12-23	10	11	286.50	26.05	0	2026-05-13 13:24:56.700
1192	615c3462099ffa940d37b17dfda19594	24855	rio de janeiro	RJ	2018-06-21	2018-07-31	2	2	229.00	114.50	0	2026-05-13 13:24:56.700
1193	6179a28a13a726c29b3bf54c070dccab	37048	varginha	MG	2017-07-06	2017-08-29	2	2	600.00	300.00	0	2026-05-13 13:24:56.700
1194	6187a137b2af59dfdbad8d9f8c373c14	6268	osasco	SP	2017-11-28	2018-01-06	2	2	74.80	37.40	0	2026-05-13 13:24:56.700
1195	61b18775be84fb700a6b2d0ba097bf66	14808	araraquara	SP	2018-04-16	2018-08-21	4	5	334.50	66.90	0	2026-05-13 13:24:56.700
1196	61b893c57e33626afb104d4112b1be76	37142	divisa nova	MG	2017-03-23	2017-03-23	1	1	74.99	74.99	0	2026-05-13 13:24:56.700
1197	61c36f0fc4a47f9532e5512b66668e62	7043	guarulhos	SP	2018-03-30	2018-03-30	1	1	750.00	750.00	0	2026-05-13 13:24:56.700
1198	61f159ef6da2d441951d2c0efa719362	29160	serra	ES	2016-10-05	2017-01-24	3	3	154.97	51.66	0	2026-05-13 13:24:56.700
1199	620c87c171fb2a6dd6e8bb4dec959fc6	25645	petropolis	RJ	2016-10-04	2018-08-24	740	798	114774.50	143.83	1	2026-05-13 13:24:56.700
1200	6219ba2359cfb97f2e38fd4c321eb309	2110	sao paulo	SP	2017-09-19	2018-04-23	6	6	487.50	81.25	0	2026-05-13 13:24:56.700
1201	6235903333ba7de1928c869e268e5964	89650	treze tilias	SC	2018-05-13	2018-05-13	1	1	94.06	94.06	0	2026-05-13 13:24:56.700
1202	623ad9d0c1e14bb5464a8c72bff7b4af	35530	claudio	MG	2018-05-13	2018-05-13	1	1	95.00	95.00	0	2026-05-13 13:24:56.700
1203	624f4ece8da4aafb77699233d480f8ef	5138	sao paulo	SP	2016-10-04	2018-08-19	53	55	9205.00	167.36	0	2026-05-13 13:24:56.700
1204	626ab1cd96932367f0eeec2e47046c12	5048	sao paulo	SP	2018-01-16	2018-07-28	3	3	1310.00	436.67	0	2026-05-13 13:24:56.700
1205	62760d278921b5f352461620d68a9cee	13320	salto	SP	2017-02-06	2017-02-15	3	3	397.00	132.33	0	2026-05-13 13:24:56.700
1206	6288c69c4ce638e59925e59193f98b16	9010	santo andre	SP	2017-03-16	2018-08-03	22	22	4506.28	204.83	0	2026-05-13 13:24:56.700
1207	62c50c1af4dfdc4149d25c5222043d39	4782	sao paulo	SP	2016-10-05	2017-09-21	14	19	2785.72	146.62	0	2026-05-13 13:24:56.700
1208	62d977e2b2aee830de3e039a28490d12	80410	curitiba	PR	2018-01-03	2018-01-05	2	2	399.80	199.90	0	2026-05-13 13:24:56.700
1209	62de60d81c55c29d76a6bce418b31cef	14940	ibitinga	SP	2018-08-05	2018-08-05	1	1	103.00	103.00	0	2026-05-13 13:24:56.700
1210	630008e0f062605a415d694489f6f82e	1026	sao paulo	SP	2018-07-23	2018-07-30	2	3	105.15	35.05	0	2026-05-13 13:24:56.700
1211	63191ead8d3b2f937cd1996fdcbbad20	13212	jundiai	SP	2018-08-10	2018-08-10	1	1	367.00	367.00	0	2026-05-13 13:24:56.700
1212	63272377184e969942f7fff221be858d	3340	sao paulo	SP	2017-05-18	2017-05-18	2	2	149.70	74.85	0	2026-05-13 13:24:56.700
1213	6338ea67c41078a46ad99cc009654956	95170	farroupilha	RS	2017-02-02	2018-08-16	37	44	2286.09	51.96	0	2026-05-13 13:24:56.700
1214	633ecdf879b94b5337cca303328e4a25	4438	sao paulo	SP	2017-09-15	2017-09-22	6	6	1037.60	172.93	0	2026-05-13 13:24:56.700
1215	634964b17796e64304cadf1ad3050fb7	21840	rio de janeiro	RJ	2017-11-12	2018-08-18	268	326	39465.10	121.06	0	2026-05-13 13:24:56.700
1216	63704069d9bd3a75c1cf59babe56004a	13212	jundiai	SP	2018-06-08	2018-06-08	1	1	59.30	59.30	0	2026-05-13 13:24:56.700
1217	638cba8be1fb599bbb76fd6948351eb3	12242	sao jose dos campos	SP	2017-05-07	2017-09-28	17	26	598.20	23.01	0	2026-05-13 13:24:56.700
1218	63a79f5a7eb5cb48a7e5787b141c7993	38701	patos de minas	MG	2018-04-11	2018-07-16	11	11	815.10	74.10	0	2026-05-13 13:24:56.700
1219	63b464dbf392c7b80d12d932fa7cafed	2034	sao paulo	SP	2017-02-01	2018-01-28	37	39	6781.00	173.87	0	2026-05-13 13:24:56.700
1220	63b9ae557efed31d1f7687917d248a8d	13720	sao jose do rio pardo	SP	2016-10-05	2017-02-13	5	7	139.50	19.93	0	2026-05-13 13:24:56.700
1221	63bc58679c44e8a998792119fd7ad23e	5595	sao paulo	SP	2017-02-15	2017-02-15	1	1	19.90	19.90	0	2026-05-13 13:24:56.700
1222	63ffcb71394dd8ea3872ed9ffda17c74	24813	itaborai	RJ	2017-02-05	2017-07-30	17	17	399.00	23.47	0	2026-05-13 13:24:56.700
1223	640e21a7d01df7614a3b4923e990d40c	14940	ibitinga	SP	2018-03-17	2018-08-25	116	137	7598.88	55.47	0	2026-05-13 13:24:56.700
1224	6426d21aca402a131fc0a5d0960a3c90	14091	ribeirao preto	SP	2017-05-15	2017-10-02	23	23	1209.64	52.59	0	2026-05-13 13:24:56.700
1225	643214e62b870443ccbe55ab29a4dccf	2134	sao paulo	SP	2017-09-30	2018-08-22	66	68	3270.13	48.09	0	2026-05-13 13:24:56.700
1226	643c01d7c56a724bec0454f4780e8a3e	89222	joinville	SC	2018-04-05	2018-05-15	2	2	205.55	102.78	0	2026-05-13 13:24:56.700
1227	6481e96574816ead57975da2c0f6d80d	18072	sorocaba	SP	2017-12-29	2018-07-19	32	43	3324.90	77.32	0	2026-05-13 13:24:56.700
1228	64b87978a11c1ea7501a89eabe8c2c1a	19300	presidente bernardes	SP	2017-01-26	2017-02-09	7	7	489.93	69.99	0	2026-05-13 13:24:56.700
1229	64c9a1db4e73e19aaafd3286dc448c96	82510	curitiba	PR	2018-08-18	2018-08-18	1	1	439.00	439.00	0	2026-05-13 13:24:56.700
1230	64cc804291f90c81f02bfc2bb58ff55a	81250	curitiba	PR	2018-04-15	2018-07-18	2	2	517.60	258.80	0	2026-05-13 13:24:56.700
1231	651530bf5c607240ccdd89a30c9c9712	44600	ipira	BA	2018-08-09	2018-08-09	1	1	199.90	199.90	0	2026-05-13 13:24:56.700
1232	651fe66032c9520ee5587f694908040d	94810	alvorada	RS	2018-07-16	2018-08-21	7	7	464.00	66.29	0	2026-05-13 13:24:56.700
1233	6524b847b982cd56bb5d4b02b776ee42	13042	campinas	SP	2018-02-14	2018-02-14	1	2	779.80	389.90	0	2026-05-13 13:24:56.700
1234	6548c2550b6e2d8f18053216e1c7b6f3	9920	diadema	SP	2018-06-26	2018-08-22	3	5	217.70	43.54	0	2026-05-13 13:24:56.700
1235	655220df33262c7e0c4949a147366f94	9951	diadema	SP	2018-01-13	2018-05-14	13	15	2245.00	149.67	0	2026-05-13 13:24:56.700
1236	6560211a19b47992c3666cc44a7e94c0	5849	sao paulo	SP	2017-02-17	2018-08-29	1854	2033	123304.83	60.65	1	2026-05-13 13:24:56.700
1237	6561d6bf844e464b4019442692b40e02	7859	franco da rocha	SP	2018-08-28	2018-08-28	1	1	41.90	41.90	0	2026-05-13 13:24:56.700
1238	6562efe88ce0826a4ca4f189f03b4b84	87005	maringa	PR	2017-03-14	2018-01-08	9	21	1135.90	54.09	0	2026-05-13 13:24:56.700
1239	656591be56071d4c9ef4e5fee78a578a	9180	santo andre	SP	2017-03-06	2017-05-07	7	11	1702.00	154.73	0	2026-05-13 13:24:56.700
1240	6576fd3e23c88f0e5d4d23f39bba0542	6766	taboao da serra	SP	2017-03-02	2017-03-02	1	1	14.50	14.50	0	2026-05-13 13:24:56.700
1241	657969cca82e884d272385ec0ef06edd	93608	estancia velha	RS	2018-05-01	2018-07-31	3	3	139.70	46.57	0	2026-05-13 13:24:56.700
1242	659e8466eb3ff1b0e8740d74fb7bbedd	45820	eunapolis	BA	2017-05-18	2018-05-06	11	14	1486.80	106.20	0	2026-05-13 13:24:56.700
1243	65a7c0788e4d632ccb5e1b594b87f0bb	5782	sao paulo	SP	2017-08-15	2017-12-22	3	9	266.70	29.63	0	2026-05-13 13:24:56.700
1244	65b081a070633e057c462abdd6fb9dd8	75650	morrinhos	GO	2017-10-26	2018-05-07	19	20	1885.09	94.25	0	2026-05-13 13:24:56.700
1245	65c255b299faf2d12050937cc219c46c	3060	sao paulo	SP	2017-07-26	2017-08-31	2	2	88.20	44.10	0	2026-05-13 13:24:56.700
1246	65febd49fd28ec955651299159b1f527	3275	sao paulo	SP	2018-04-17	2018-08-22	35	40	4319.70	107.99	0	2026-05-13 13:24:56.700
1247	6601ee6383e7f452be71929f8de48bbb	14027	ribeirao pretp	SP	2017-10-27	2017-11-08	2	2	153.60	76.80	0	2026-05-13 13:24:56.700
1248	6614814a00d344b846ae209f95ee7e3f	17290	macatuba	SP	2017-06-08	2017-06-08	1	1	13.00	13.00	0	2026-05-13 13:24:56.700
1249	661ad5fcc28cdfb8bcadb12bb2272475	88330	balneario camboriu	SC	2018-01-15	2018-07-17	4	7	209.93	29.99	0	2026-05-13 13:24:56.700
1250	6624bc09786f0e41ae48dfc5eeb1a9e2	30390	belo horizonte	MG	2017-03-05	2017-03-05	1	1	89.54	89.54	0	2026-05-13 13:24:56.700
1251	6650fcccd8cd2f7e55ffa524f30c4c59	8490	sao paulo	SP	2017-09-05	2017-11-08	3	3	529.70	176.57	0	2026-05-13 13:24:56.700
1252	666658b8da8370f30e1f89893b1de5e6	3658	sao paulo	SP	2018-03-13	2018-03-13	1	2	298.00	149.00	0	2026-05-13 13:24:56.700
1253	668bf321538e5072858eaef6087ce027	83323	pinhais	PR	2018-02-26	2018-02-26	1	1	19.90	19.90	0	2026-05-13 13:24:56.700
1254	66922902710d126a0e7d26b0e3805106	31842	belo horizonte	MG	2017-05-14	2018-08-21	151	156	14362.30	92.07	0	2026-05-13 13:24:56.700
1255	669ae81880e08f269a64487cfb287169	89160	rio do sul	SC	2017-01-20	2018-08-08	162	186	13248.87	71.23	0	2026-05-13 13:24:56.700
1256	66d5ae34537110d3affc56174dad2b2f	15062	sao jose do rio preto	SP	2018-07-08	2018-07-08	1	3	33.81	11.27	0	2026-05-13 13:24:56.700
1257	66dc1b1632bd6a3e508510c5b3492107	17210	jau	SP	2017-07-19	2018-08-12	37	42	3721.39	88.60	0	2026-05-13 13:24:56.700
1258	66e0557ecc2b4dbea057e93f215f68d8	4771	sao paulo	SP	2017-05-24	2018-02-12	31	31	12480.00	402.58	0	2026-05-13 13:24:56.700
1259	66fd84ee7528c0c0de85d0f44a73d5ab	98975	campina das missoes	RS	2017-03-22	2017-06-29	11	21	1438.11	68.48	0	2026-05-13 13:24:56.700
1260	670a9dda115b5a88b18cfadee8de2332	14096	ribeirao preto	SP	2017-08-29	2018-08-10	11	11	918.90	83.54	0	2026-05-13 13:24:56.700
1261	670c26e0f1bf8d0576271d5cfaec6d2b	87025	maringa	PR	2017-11-04	2018-08-01	78	87	6341.60	72.89	0	2026-05-13 13:24:56.700
1262	671585f5a2af58b6e276bc01003c0d2b	80510	curitiba	PR	2018-07-27	2018-08-25	27	27	1244.00	46.07	0	2026-05-13 13:24:56.700
1263	67225bff54a172ff67579aaf583efd78	85960	marechal candido rondon	PA	2017-09-15	2018-02-03	8	8	1238.00	154.75	0	2026-05-13 13:24:56.700
1264	674207551483fec113276b67b0d871ff	18040	sorocaba	SP	2018-07-05	2018-07-05	1	1	119.90	119.90	0	2026-05-13 13:24:56.700
1265	6750d71153f00fc58829af2a8ef1bcf1	28800	rio bonito	RJ	2017-03-28	2017-08-08	6	6	3514.00	585.67	0	2026-05-13 13:24:56.700
1266	67883baaae6134ee81b271a542613728	1310	sao paulo	SP	2018-07-17	2018-08-22	19	19	8167.90	429.89	0	2026-05-13 13:24:56.700
1267	679769a98cfcc6da877c8486ff1c13f3	35162	ipatinga	MG	2017-03-01	2018-08-27	21	21	7029.00	334.71	0	2026-05-13 13:24:56.700
1268	67bf6941ba2f1fa1d02c375766bc3e53	82400	curitiba	PR	2017-09-17	2018-08-29	16	22	5610.00	255.00	0	2026-05-13 13:24:56.700
1269	67e43d802fde8cfd3f9580124f8167d1	7062	guarulhos	SP	2017-02-03	2017-02-20	2	3	36.00	12.00	0	2026-05-13 13:24:56.700
1270	6806dad1da97bfb5a9038eac6881f706	83280	guaratuba	PR	2017-12-28	2018-08-22	10	14	1477.00	105.50	0	2026-05-13 13:24:56.700
1271	681fce914360217db47784ae28905a96	83709	araucaria	PR	2017-10-20	2018-07-30	23	24	4127.33	171.97	0	2026-05-13 13:24:56.700
1272	6824a69c9ea0313eba299dd4a2dba09a	35570	formiga	MG	2018-08-02	2018-08-20	6	7	666.90	95.27	0	2026-05-13 13:24:56.700
1273	685b870da5b52a710782c9c0fefbeb5b	9820	sao bernardo do campo	SP	2017-12-09	2018-03-01	2	2	627.00	313.50	0	2026-05-13 13:24:56.700
1274	6860153b69cc696d5dcfe1cdaaafcf62	13360	capivari	SP	2017-11-21	2018-08-24	74	84	3827.63	45.57	0	2026-05-13 13:24:56.700
1275	6861de0f40cacb0602e473c51639f980	80420	curitiba	PR	2017-11-18	2018-07-04	5	8	674.00	84.25	0	2026-05-13 13:24:56.700
1276	686886775c8f6b1191c7b953fb52708c	13920	pedreira	SP	2018-06-26	2018-06-26	1	1	189.00	189.00	0	2026-05-13 13:24:56.700
1277	6879c4d287a8dd06b11f54ea8f78e4da	6186	osasco	SP	2018-06-13	2018-08-14	6	6	527.67	87.94	0	2026-05-13 13:24:56.700
1278	688756f717c462a206ad854c5027a64a	7094	guarulhos	SP	2018-04-10	2018-08-22	83	101	5966.54	59.07	0	2026-05-13 13:24:56.700
1279	68ca56ce86830f3d31b1b7ec6a54da3e	83280	guaratuba	PR	2018-07-11	2018-08-10	6	6	719.59	119.93	0	2026-05-13 13:24:56.700
1280	68f86ba270525243e68ae74044f992b9	21941	rio de janeiro	RJ	2017-08-21	2018-08-10	11	12	876.50	73.04	0	2026-05-13 13:24:56.700
1281	6902157ee16728322d61a1321fa79e58	1026	sao paulo	SP	2017-09-21	2017-10-07	2	2	159.80	79.90	0	2026-05-13 13:24:56.700
1282	693660429f9dc4ff704eb3d88dad54d7	9170	santo andre	SP	2018-07-22	2018-07-22	2	2	124.00	62.00	0	2026-05-13 13:24:56.700
1283	695051e2981c8b19e77cafe450d5bdf3	6276	osasco	SP	2017-12-08	2017-12-08	1	1	169.76	169.76	0	2026-05-13 13:24:56.700
1284	6973a06f484aacf400ece213dbf3d946	12230	sao jose dos campos	SP	2018-01-22	2018-07-03	95	115	11011.05	95.75	0	2026-05-13 13:24:56.700
1285	698624c6632eeba1774924dbea24c700	1425	sao paulo	SP	2018-04-05	2018-04-05	1	1	19.90	19.90	0	2026-05-13 13:24:56.700
1286	6989574bd97d9773f10d232b6c07da59	80040	curitiba	PR	2017-03-22	2018-07-25	7	7	2478.40	354.06	0	2026-05-13 13:24:56.700
1287	698f5fa55a5f73d0740e9d9a773e8093	20751	rio de janeiro	RJ	2018-06-12	2018-06-20	4	6	120.00	20.00	0	2026-05-13 13:24:56.700
1288	69a43819c758c65a5befb0b471c954d7	86802	apucarana	PR	2017-06-15	2017-09-16	2	3	299.85	99.95	0	2026-05-13 13:24:56.700
1289	69b5eaa096c3f9d1e5c398c597f567d6	16200	birigui	SP	2018-08-15	2018-08-25	2	2	938.00	469.00	0	2026-05-13 13:24:56.700
1290	6a0cbc8af2e8abd1bdfb777943d174c6	14312	batatais	SP	2017-05-08	2018-07-04	35	35	3894.05	111.26	0	2026-05-13 13:24:56.700
1291	6a3139c7bf09ece22a4713d956acbe5e	13790	sao sebastiao da grama/sp	SP	2018-07-23	2018-07-23	1	1	61.90	61.90	0	2026-05-13 13:24:56.700
1292	6a38087bc8ad4f89ff453561005f6dea	75123	anapolis	GO	2018-05-18	2018-08-17	15	22	1833.43	83.34	0	2026-05-13 13:24:56.700
1293	6a51fc556dab5f766ced6fbc860bc613	17500	marilia	SP	2017-04-08	2018-08-21	26	33	7577.67	229.63	0	2026-05-13 13:24:56.700
1294	6a53b90c3ad9e0b56d9fe5c69165fff5	82220	curitiba	PR	2018-05-16	2018-08-03	2	4	139.78	34.95	0	2026-05-13 13:24:56.700
1295	6a8a889bde935bafa76d7848782dfaf9	2839	sao paulo	SP	2018-03-21	2018-06-04	26	30	860.82	28.69	0	2026-05-13 13:24:56.700
1296	6a8b085f816a1f75f92dbac6eb545f8f	14709	bebedouro	SP	2017-07-29	2018-08-23	127	135	6018.97	44.58	0	2026-05-13 13:24:56.700
1297	6aa3928696eab49a19a466e665a649fd	26285	nova iguacu	RJ	2018-03-10	2018-08-17	18	22	2075.00	94.32	0	2026-05-13 13:24:56.700
1298	6b15924333bd1a741595fe981ea04822	9541	sao caetano do sul	SP	2017-02-01	2017-07-05	21	21	614.32	29.25	0	2026-05-13 13:24:56.700
1299	6b1c4d4d9ccf0be3d8544eb0e71e5318	91130	porto alegre	RS	2018-03-21	2018-03-21	1	1	1699.00	1699.00	0	2026-05-13 13:24:56.700
1300	6b243f80ed07b10f0e8aa0f21a205f3c	81825	curitiba	PR	2017-07-18	2018-08-23	79	89	6260.10	70.34	0	2026-05-13 13:24:56.700
1301	6b2612338467c08c9b25f0cc55b1578d	86990	marialva	PR	2017-02-12	2017-02-12	1	1	92.90	92.90	0	2026-05-13 13:24:56.700
1302	6b333a05bf188ef3e1f1662a86bd9855	72304	brasilia	DF	2018-01-27	2018-08-10	12	13	3990.91	306.99	0	2026-05-13 13:24:56.700
1303	6b3bd31ad8fcda4b2635ec9f3ff2ecdf	22775	rio de janeiro	RJ	2018-03-24	2018-08-10	36	43	4198.90	97.65	0	2026-05-13 13:24:56.700
1304	6b536a23086fba0d58c08d68814397f6	24346	niteroi	RJ	2017-10-25	2018-07-28	19	23	2068.80	89.95	0	2026-05-13 13:24:56.700
1305	6b803197e03abd5056b4313306b4f29d	1123	sao paulo	SP	2018-02-06	2018-08-20	7	12	407.00	33.92	0	2026-05-13 13:24:56.700
1306	6b89abe95848c850399130d149a39b63	75640	piracanjuba	GO	2018-02-15	2018-04-13	8	8	1135.20	141.90	0	2026-05-13 13:24:56.700
1307	6b90f847357d8981edd79a1eb1bf0acb	7152	guarulhos	SP	2018-06-07	2018-08-29	45	47	3322.08	70.68	0	2026-05-13 13:24:56.700
1308	6b9b80d53ba3676eafe60268a810b5a1	31160	belo horizonte	SP	2017-02-01	2017-08-28	10	10	882.70	88.27	0	2026-05-13 13:24:56.700
1309	6ba4733aa33f6386e9fb0c0fd3993b38	95560	torres	RS	2018-04-16	2018-08-17	3	3	149.79	49.93	0	2026-05-13 13:24:56.700
1310	6bb0724edf0b62fb91ac404873a97241	6700	cotia	SP	2017-02-20	2018-04-01	17	18	3653.00	202.94	0	2026-05-13 13:24:56.700
1311	6bb62a4912377c7bfe7cb17b406bc7e6	13215	jundiai	SP	2018-07-30	2018-08-14	4	6	739.52	123.25	0	2026-05-13 13:24:56.700
1312	6bb66d9870c2e01c05655c7ed0e7ee13	4101	sao paulo	SP	2018-07-25	2018-07-29	3	3	269.00	89.67	0	2026-05-13 13:24:56.700
1313	6bbcb8924baf70b7fe2fe2097e8cd407	89031	blumenau	SC	2017-11-13	2018-08-09	10	11	2382.50	216.59	0	2026-05-13 13:24:56.700
1314	6bcb2352a2a0c38b845f598298ab9d26	87050	maringa	PR	2017-06-16	2017-09-29	2	2	31.80	15.90	0	2026-05-13 13:24:56.700
1315	6bd503a8230299c9316fb0f726933927	75650	morrinhos	GO	2018-07-13	2018-08-17	4	5	324.29	64.86	0	2026-05-13 13:24:56.700
1316	6bd69102ab48df500790a8cecfc285c2	4293	sao paulo	SP	2017-06-26	2018-05-10	5	5	8070.00	1614.00	0	2026-05-13 13:24:56.700
1317	6bef34c5be6f2bbd70aa5165f6df94b1	89120	timbo	SC	2018-07-14	2018-07-31	2	2	1198.00	599.00	0	2026-05-13 13:24:56.700
1318	6c12e40690c335dbc2f68a4134d30dc1	84178	castro	PR	2017-02-20	2018-08-06	16	18	9139.20	507.73	0	2026-05-13 13:24:56.700
1319	6c177e38df6d3f34182b1f1d427231bf	80430	curitiba	PR	2017-02-06	2018-08-21	55	56	8341.89	148.96	0	2026-05-13 13:24:56.700
1320	6c17baf138731a4aaacc3210adf2037b	14400	franca	SP	2018-08-06	2018-08-20	4	5	538.80	107.76	0	2026-05-13 13:24:56.700
1321	6c1b6d0c604b776f844125f911eb7377	5051	sao paulo	SP	2017-02-01	2017-03-12	5	5	443.06	88.61	0	2026-05-13 13:24:56.700
1322	6c6cc59a5c00cacc5054ca06d65cc282	97110	santa maria	RS	2018-08-11	2018-08-11	1	1	1107.00	1107.00	0	2026-05-13 13:24:56.700
1323	6c6e3d67f969468f3bfd33f827a31222	87035	maringa	PR	2018-03-11	2018-08-09	5	6	224.00	37.33	0	2026-05-13 13:24:56.700
1324	6c77cd583b36a13aacccf2b3ee23e233	17505	marilia	SP	2018-08-23	2018-08-23	1	1	18.90	18.90	0	2026-05-13 13:24:56.700
1325	6c7d50c24b3ccd2fd83b44d8bb34e073	19025	presidente prudente	SP	2017-07-09	2018-08-17	114	128	8699.34	67.96	0	2026-05-13 13:24:56.700
1326	6c9875b2f94ba781186f0c1aed8d1687	17380	brotas	SP	2017-05-21	2017-08-13	2	4	25.00	6.25	0	2026-05-13 13:24:56.700
1327	6c99c983ce3b6ba0ab813e6790e81691	38400	uberlandia	MG	2018-05-31	2018-08-07	9	9	546.75	60.75	0	2026-05-13 13:24:56.700
1328	6cd68b3ed6d59aaa9fece558ad360c0a	31255	belo horizonte	MG	2017-01-26	2018-04-23	149	157	11188.57	71.26	0	2026-05-13 13:24:56.700
1329	6cf476a4ca74498db55cbccdaa9dcfb6	2873	sao paulo	SP	2016-10-06	2017-05-31	6	7	939.93	134.28	0	2026-05-13 13:24:56.700
1330	6d04126aba80df143fd038e711b8fd96	20091	rio de janeiro	RJ	2017-09-08	2017-09-08	1	1	89.99	89.99	0	2026-05-13 13:24:56.700
1331	6d1b9c9579132c87d2703ec38c30f2c5	82515	curitiba	PR	2017-02-21	2017-07-01	4	4	299.69	74.92	0	2026-05-13 13:24:56.700
1332	6d22a1fcebb6dd08c9cd90b92a93e8d0	89215	joinville	SC	2017-08-27	2018-01-26	12	13	723.70	55.67	0	2026-05-13 13:24:56.700
1333	6d2f2e3b539480db1e0842b3a4e32e6e	7051	guarulhos	SP	2017-06-09	2017-06-22	3	6	305.96	50.99	0	2026-05-13 13:24:56.700
1334	6d66611d7c44cc30ce351abc49a68421	4378	sao paulo	SP	2017-02-02	2018-08-25	166	176	13593.40	77.24	0	2026-05-13 13:24:56.700
1335	6d7f8d9d594e28796b6b3205b00f459c	80050	curitiba	PR	2017-05-11	2017-07-14	3	3	417.90	139.30	0	2026-05-13 13:24:56.700
1336	6d803cb79cc31c41c4c789a75933b3c7	14600	sao joaquim da barra	SP	2017-07-25	2018-06-06	58	66	8711.40	131.99	0	2026-05-13 13:24:56.700
1337	6d988d6174a2c27441597174f8905515	87070	maringa	PR	2017-04-02	2018-08-09	19	23	371.73	16.16	0	2026-05-13 13:24:56.700
1338	6da1992f915d77be95d7fa48b36904af	1026	sao paulo	SP	2017-04-27	2017-08-03	7	9	261.00	29.00	0	2026-05-13 13:24:56.700
1339	6dc9bec584588412a6a338830946a3e4	3270	sao paulo	SP	2017-02-03	2017-02-17	2	2	560.00	280.00	0	2026-05-13 13:24:56.700
1340	6dd7dce75cd55c1ce255dc38d9f0cd46	88137	palhoca	SC	2017-12-17	2017-12-17	1	1	75.00	75.00	0	2026-05-13 13:24:56.700
1341	6ddc28b61be28373b4503a1f61cf98a9	3543	sao paulo	SP	2018-06-14	2018-08-15	11	11	1732.90	157.54	0	2026-05-13 13:24:56.700
1342	6df688df543f90e9b38f4319e75a9d88	31230	belo horizonte	MG	2017-01-31	2017-11-22	40	56	1949.96	34.82	0	2026-05-13 13:24:56.700
1343	6e0908ef4d4efadbc3cc2b74ea477cb0	20910	rio de janeiro	RJ	2017-02-05	2017-09-01	8	11	589.45	53.59	0	2026-05-13 13:24:56.700
1344	6e13dd869aa7185f601c941423abcc8f	5311	sao paulo	SP	2018-04-07	2018-07-17	5	6	522.00	87.00	0	2026-05-13 13:24:56.700
1345	6e1862e15f33d9994bc25922a85e1efc	13505	rio claro	SP	2018-06-08	2018-08-21	8	14	732.49	52.32	0	2026-05-13 13:24:56.700
1346	6e2d3e2dc84fb30f6078f39dd3bddd6f	83408	colombo	PR	2017-10-29	2017-10-29	1	1	219.00	219.00	0	2026-05-13 13:24:56.700
1347	6e386f64c84e482f0b9abf960797ee1b	1539	sao paulo	SP	2018-03-25	2018-08-17	30	30	12938.30	431.28	0	2026-05-13 13:24:56.700
1348	6e4a902d1054e4e17aa6eab87fac1c75	18090	sorocaba	SP	2018-08-06	2018-08-21	7	8	586.57	73.32	0	2026-05-13 13:24:56.700
1349	6e4f5ff6b086632ba8dcb558fb10249e	95270	flores da cunha	RS	2018-02-27	2018-07-19	5	5	838.90	167.78	0	2026-05-13 13:24:56.700
1350	6e85dc5ecd97a61094b89b046a509d8e	15845	marapoama	SP	2017-05-14	2017-05-14	1	1	169.90	169.90	0	2026-05-13 13:24:56.700
1351	6e864f5c4669eff3d98140a07cc50202	5639	sao paulo	SP	2017-08-02	2018-05-30	13	13	740.59	56.97	0	2026-05-13 13:24:56.700
1352	6eb94e1466490d327a09abf8f3552a50	13219	jundiai	SP	2018-04-23	2018-08-23	10	10	1511.95	151.19	0	2026-05-13 13:24:56.700
1353	6ebf4eceee4dd9847201c82e77ef8123	23587	rio de janeiro	RJ	2018-04-04	2018-04-04	1	1	59.90	59.90	0	2026-05-13 13:24:56.700
1354	6ec1a01e866584bb679eb9b098345919	11040	santos	SP	2017-07-06	2018-08-24	31	32	4248.91	132.78	0	2026-05-13 13:24:56.700
1355	6edacfd9f9074789dad6d62ba7950b9c	7135	guarulhos	SP	2017-01-17	2018-08-27	208	219	13147.10	60.03	0	2026-05-13 13:24:56.700
1356	6ee85be3693ed79a8e80718743d80655	3937	sao paulo	SP	2017-01-19	2017-05-23	9	13	484.50	37.27	0	2026-05-13 13:24:56.700
1357	6eeed17989b0ae47c9f11ece6f38ea90	4123	sao paulo	SP	2018-07-03	2018-08-27	3	3	557.00	185.67	0	2026-05-13 13:24:56.700
1358	6f1a1263039c76e68f40a8e536b1da6a	3581	sao paulop	SP	2017-09-17	2018-01-15	4	7	256.39	36.63	0	2026-05-13 13:24:56.700
1359	6f229cc508fc6915ed5c499efd93baa4	21931	rio de janeiro	RJ	2017-08-11	2018-08-11	13	14	2654.80	189.63	0	2026-05-13 13:24:56.700
1360	6f835fd4be26989b1b064399da346143	81280	curitiba	PR	2018-05-26	2018-06-18	2	2	197.80	98.90	0	2026-05-13 13:24:56.700
1361	6f83d9e4da896daae20b9b6b2d3ff8d2	84925	pinhalao	PR	2018-03-22	2018-07-31	11	11	765.19	69.56	0	2026-05-13 13:24:56.700
1362	6f892e20a171e98efe17fdb971ff319b	8270	sao paulo	SP	2017-07-27	2017-12-17	44	53	6438.70	121.48	0	2026-05-13 13:24:56.700
1363	6fa9202c10491e472dffd59a3e82b2a3	18030	sorocaba	SP	2018-07-30	2018-08-13	3	3	7014.24	2338.08	0	2026-05-13 13:24:56.700
1364	6fc26fe110feebd80a433e1f012a84f9	15601	fernandopolis	SP	2017-01-29	2018-08-17	35	72	4150.87	57.65	0	2026-05-13 13:24:56.700
1365	6fd52c528dcb38be2eea044946b811f8	8180	sao paulo	SP	2017-08-18	2018-08-11	67	84	7743.02	92.18	0	2026-05-13 13:24:56.700
1366	7008613ea464bad5cb9b83456e1e6a8f	89460	canoinhas	SC	2016-10-09	2018-08-21	127	156	7777.00	49.85	0	2026-05-13 13:24:56.700
1367	700f03c207639c22d933381ff60b35c2	14784	barretos	SP	2016-10-07	2017-11-29	4	4	1189.86	297.47	0	2026-05-13 13:24:56.700
1368	70125af26c2d6d4ef401a1d02ae7701f	74435	goiania	GO	2018-07-03	2018-08-18	5	8	371.20	46.40	0	2026-05-13 13:24:56.700
1369	70126eecc6aa1274392a1743866e9678	6449	barueri	SP	2018-06-25	2018-07-25	3	3	97.40	32.47	0	2026-05-13 13:24:56.700
1370	701938c450705b8ae65fc923b70f35c7	15014	s jose do rio preto	SP	2017-01-27	2018-04-01	75	112	11983.28	106.99	0	2026-05-13 13:24:56.700
1371	702835e4b785b67a084280efca355756	36046	juiz de fora	MG	2017-02-13	2017-02-13	1	1	7.60	7.60	0	2026-05-13 13:24:56.700
1372	7040e82f899a04d1b434b795a43b4617	1026	sao paulo	SP	2017-09-12	2018-08-28	212	228	9738.20	42.71	0	2026-05-13 13:24:56.700
1373	70849ca4f400aaabb62cb7462a6f1428	31210	belo horizonte	MG	2017-12-14	2018-08-18	12	12	909.58	75.80	0	2026-05-13 13:24:56.700
1374	709e16e2b25c7474d980076c6bfc4806	16200	birigui	SP	2017-10-14	2018-08-26	60	80	5151.90	64.40	0	2026-05-13 13:24:56.700
1375	70a12e78e608ac31179aea7f8422044b	12327	jacarei	SP	2017-01-17	2018-08-20	315	328	30858.53	94.08	0	2026-05-13 13:24:56.700
1376	70b52a4cfc823994561b00bad161b4ed	2727	sao paulo	SP	2017-02-21	2018-07-18	8	10	585.00	58.50	0	2026-05-13 13:24:56.700
1377	70bf57d811208f8923b41bbd499a67a4	7866	franco da rocha	SP	2018-06-26	2018-08-27	7	7	780.80	111.54	0	2026-05-13 13:24:56.700
1378	70c0fda4c313d87115644d39e62eec60	55004	caruaru	PE	2018-08-04	2018-08-04	1	1	25.99	25.99	0	2026-05-13 13:24:56.700
1379	70c27847eca8195c983ed7e798c56743	20930	rio de janeiro	RJ	2018-04-03	2018-08-22	77	98	12077.52	123.24	0	2026-05-13 13:24:56.700
1380	70c4eedec9cb4a85cda2f3f9673557b4	1208	sao paulo	SP	2017-06-05	2017-08-21	2	2	479.80	239.90	0	2026-05-13 13:24:56.700
1381	70ee69419916dc13e3aed619061f996c	8780	mogi das cruzes	SP	2017-08-07	2017-08-07	1	1	45.00	45.00	0	2026-05-13 13:24:56.700
1382	70eea00b476a314817cefde4aad4f89a	13250	itatiba	SP	2017-02-09	2018-08-22	108	114	31994.65	280.65	0	2026-05-13 13:24:56.700
1383	70f7e8018e3d46c748c92f026aa2585a	1314	sao paulo	SP	2018-08-16	2018-08-16	1	2	239.80	119.90	0	2026-05-13 13:24:56.700
1384	70f84699be677ec988d1fa824aef7d90	35700	sete lagoas	MG	2017-04-11	2018-07-18	5	5	1588.30	317.66	0	2026-05-13 13:24:56.700
1385	71039d19d4303bf9054d69e9a9236699	3018	sao paulo	SP	2017-10-07	2018-08-03	35	38	3537.20	93.08	0	2026-05-13 13:24:56.700
1386	710e3548e02bc1d2831dfc4f1b5b14d4	86600	rolandia	PR	2016-10-07	2018-08-16	136	142	23979.11	168.87	0	2026-05-13 13:24:56.700
1387	71271995e85f5b8530be99ed54a91b89	91360	porto alegre	RS	2017-11-23	2018-07-11	8	8	776.00	97.00	0	2026-05-13 13:24:56.700
1388	712e6ed8aa4aa1fa65dab41fed5737e4	89560	videira	SC	2017-02-08	2018-05-18	79	87	39815.00	457.64	0	2026-05-13 13:24:56.700
1389	712efd3b68f9686dc856b84abd0f21ae	82130	curitiba	PR	2018-07-30	2018-07-30	1	1	139.00	139.00	0	2026-05-13 13:24:56.700
1390	7139dc5186aa238b006e066d8fbab2e4	13901	amparo	SP	2018-01-29	2018-08-02	22	24	1712.00	71.33	0	2026-05-13 13:24:56.700
1391	713e3a23ca5e47786eb6f0d99f94cfac	81050	curitiba	PR	2018-02-06	2018-06-03	4	4	1126.00	281.50	0	2026-05-13 13:24:56.700
1392	7142540dd4c91e2237acb7e911c4eba2	16301	penapolis	SP	2017-03-10	2018-08-17	319	331	37373.56	112.91	0	2026-05-13 13:24:56.700
1393	714b9a1332840f257b49f476bea4e341	15910	monte alto	SP	2018-01-08	2018-03-24	6	6	1499.94	249.99	0	2026-05-13 13:24:56.700
1394	71592660bbcb6a4664e97b6f8b68babc	15055	sao jose do rio preto	SP	2018-02-16	2018-07-31	6	7	2027.18	289.60	0	2026-05-13 13:24:56.700
1395	71593c7413973a1e160057b80d4958f6	3407	sao paulo / sao paulo	SP	2018-08-03	2018-08-16	2	5	299.50	59.90	0	2026-05-13 13:24:56.700
1396	715bbd5ba4e6b74cb0d2f29eb45058b0	13930	serra negra	SP	2017-09-10	2018-08-19	62	64	4043.30	63.18	0	2026-05-13 13:24:56.700
1397	7178e1eaa97257d8b6d4b80efd77a025	18270	tatui	SP	2017-09-05	2017-09-05	1	1	167.90	167.90	0	2026-05-13 13:24:56.700
1398	7178f9f4dd81dcef02f62acdf8151e01	89560	videira	SC	2017-03-21	2018-08-17	203	216	37070.40	171.62	0	2026-05-13 13:24:56.700
1399	717b78b0950b51ed00b1471d858b0edc	18220	alambari	SP	2018-01-21	2018-07-02	5	5	138.60	27.72	0	2026-05-13 13:24:56.700
1400	718539d38d07dd351c76db862760e2e2	13088	campinas	SP	2017-04-26	2018-02-22	37	45	1318.90	29.31	0	2026-05-13 13:24:56.700
1401	71dc18fd8cbf5fd77f45dd8b427abb34	82520	curitiba	PR	2017-02-14	2017-12-13	4	9	1080.00	120.00	0	2026-05-13 13:24:56.700
1402	7202e2ba20579a9bd1acb29e61fe71f6	14401	franca	SP	2017-07-22	2018-08-21	53	55	12750.50	231.83	0	2026-05-13 13:24:56.700
1403	720e6cf846ea7572cbb66b743fb91e6c	8717	mogi das cruzes / sp	SP	2017-03-18	2017-03-18	1	1	54.00	54.00	0	2026-05-13 13:24:56.700
1404	7210cd29727d674c00741e5e387b3ccd	3279	sao paulo	SP	2018-06-10	2018-08-20	9	13	729.09	56.08	0	2026-05-13 13:24:56.700
1405	72146da5774cabf2632faedcae097a76	85960	marechal candido rondon	PR	2018-02-06	2018-05-10	4	6	200.94	33.49	0	2026-05-13 13:24:56.700
1406	7238a95bb63ef7e498389fb863b834a1	13487	limeira	SP	2018-04-27	2018-08-16	15	15	2265.70	151.05	0	2026-05-13 13:24:56.700
1407	7238f877570096ae403c51898fa64566	6519	santana de parnaiba	SP	2018-04-11	2018-05-29	3	3	1200.00	400.00	0	2026-05-13 13:24:56.700
1408	723a46b89fd5c3ed78ccdf039e33ac63	93310	novo hamburgo, rio grande do sul, brasil	RS	2018-05-28	2018-05-28	1	1	66.64	66.64	0	2026-05-13 13:24:56.700
1409	723cd880edaacdb998898b67c8f9da30	14940	ibitinga	SP	2018-03-27	2018-08-20	11	12	2136.53	178.04	0	2026-05-13 13:24:56.700
1410	72431a818f97fe6ab9c81eee3e297e54	13390	rio das pedras	SP	2018-04-13	2018-04-13	1	1	229.90	229.90	0	2026-05-13 13:24:56.700
1411	725af026f869236a8dd0ceb98564d156	35530	claudio	MG	2017-10-22	2018-08-03	7	8	1177.71	147.21	0	2026-05-13 13:24:56.700
1412	725c32fa80c2faacc4fc88450d27314e	3320	sao paulo	SP	2017-01-17	2018-08-12	89	93	7838.88	84.29	0	2026-05-13 13:24:56.700
1413	7299e27ed73d2ad986de7f7c77d919fa	38440	araguari	MG	2017-03-09	2018-08-21	338	361	34725.43	96.19	0	2026-05-13 13:24:56.700
1414	729b2d09b2a0bdab221076327f13d050	17320	mineiros do tiete	SP	2017-11-14	2018-08-21	49	61	1822.11	29.87	0	2026-05-13 13:24:56.700
1415	729f06993dac8e860d4f02d7088ca48a	13481	limeira	SP	2017-03-24	2018-08-27	96	115	20485.08	178.13	0	2026-05-13 13:24:56.700
1416	72bc2cce903c872fe376a8faaa81d237	4693	sao paulo	SP	2017-09-19	2018-08-21	17	18	2149.20	119.40	0	2026-05-13 13:24:56.700
1417	72c38a04bd6a1c3dbc5298425a0db86d	85804	cascavel	PR	2018-05-13	2018-06-25	4	5	647.30	129.46	0	2026-05-13 13:24:56.700
1418	72c5da29406b4234927b81855e7b64f6	7077	guarulhos	SP	2018-04-07	2018-08-26	31	31	11798.69	380.60	0	2026-05-13 13:24:56.700
1419	72c73be2b085b9d57650dd53eb2004c9	2116	sao paulo	SP	2017-07-24	2017-07-24	1	1	29.40	29.40	0	2026-05-13 13:24:56.700
1420	730937bf88cb151eb2eb849f642fc213	13500	rio claro	SP	2018-04-05	2018-08-19	22	26	2821.20	108.51	0	2026-05-13 13:24:56.700
1421	7315baebc0572ff220d226283dc66728	13560	sao carlos	SP	2017-04-26	2017-06-28	2	2	49.85	24.92	0	2026-05-13 13:24:56.700
1422	731ef20c231d9a7103a425e83fd91271	88501	lages - sc	SC	2017-10-28	2017-10-28	2	3	1692.00	564.00	0	2026-05-13 13:24:56.700
1423	734def04b237117a09321dd6d8f3f2a2	13604	araras	SP	2018-04-08	2018-06-21	2	2	1252.43	626.22	0	2026-05-13 13:24:56.700
1424	7354220fb240bde543b3c40c060d41e7	71215	brasilia	DF	2018-01-04	2018-07-25	7	7	672.00	96.00	0	2026-05-13 13:24:56.700
1425	7357b52d27cbaa90f81a96cbc1279396	33400	lagoa santa	MG	2018-05-15	2018-08-22	12	12	1328.02	110.67	0	2026-05-13 13:24:56.700
1426	739c7d7be81f63812dea0d1b1451c651	58400	campina grande	PB	2018-05-16	2018-06-04	2	2	77.50	38.75	0	2026-05-13 13:24:56.700
1427	73a63f72308aa20a46f4b1632018f196	82510	curitiba	PR	2017-03-18	2018-08-01	29	41	9606.80	234.31	0	2026-05-13 13:24:56.700
1428	73b8eb4a9a729d4019b24ed1be748cbf	13070	campinas	SP	2018-06-18	2018-08-07	8	8	692.41	86.55	0	2026-05-13 13:24:56.700
1429	73da1880b39c71de2b262bc7720c1494	13560	sao carlos	SP	2017-07-26	2018-01-09	2	2	398.00	199.00	0	2026-05-13 13:24:56.700
1430	740205fedfe4e90ca6857bc77db0f2b4	95055	caxias do sul	SP	2017-02-17	2017-02-17	1	1	229.90	229.90	0	2026-05-13 13:24:56.700
1431	7402d13c03a7e91366337cd1de471144	86181	cambe	PR	2017-09-19	2018-08-17	4	4	528.38	132.09	0	2026-05-13 13:24:56.700
1432	741f8c587cb4248ebc5b779a0e8e0e51	9110	santo andre	SP	2018-07-12	2018-08-12	5	5	89.95	17.99	0	2026-05-13 13:24:56.700
1433	744dac408745240a2c2528fb1b6028f3	83408	colombo	PR	2017-04-22	2018-08-14	79	84	22490.60	267.75	0	2026-05-13 13:24:56.700
1434	74636e24f01da9268b0ed88dacd8513e	2941	sao paulo	SP	2018-04-25	2018-08-14	4	4	776.00	194.00	0	2026-05-13 13:24:56.700
1435	747c1cdcd1737dcfbd1547f6eb6f2cf3	14940	ibitinga	SP	2017-09-17	2018-01-27	2	2	193.10	96.55	0	2026-05-13 13:24:56.700
1436	747e73c01a4593d4cf60dcf970fd2689	55602	vitoria de santo antao	PE	2018-03-01	2018-04-26	3	3	2217.99	739.33	0	2026-05-13 13:24:56.700
1437	74871d19219c7d518d0090283e03c137	4650	sao paulo	SP	2018-04-05	2018-08-21	6	7	550.04	78.58	0	2026-05-13 13:24:56.700
1438	7494d0dcba8551df6cf37f1b905dc2f7	11013	santos	SP	2018-05-03	2018-05-03	1	1	45.90	45.90	0	2026-05-13 13:24:56.700
1439	749e7cdabbaf72f16677859e27874ba5	7122	guarulhos	SP	2017-09-03	2017-09-03	1	1	41.90	41.90	0	2026-05-13 13:24:56.700
1440	74a9b9bddf14ece02beb81f52c41a88d	1156	sao paulo	SP	2017-11-27	2018-02-07	2	2	95.00	47.50	0	2026-05-13 13:24:56.700
1441	74bafed391319577bce6f4d2acc0589a	1311	sao paulo	SP	2017-09-16	2018-04-16	3	3	1847.00	615.67	0	2026-05-13 13:24:56.700
1442	74c7dec0a384d8a05950e629bd23bde9	13845	mogi guacu	SP	2017-07-05	2017-10-01	5	5	187.68	37.54	0	2026-05-13 13:24:56.700
1443	750303a20e9c56b2a6bc45cdce0b897d	74333	goiania	GO	2017-09-06	2018-08-24	54	57	8085.00	141.84	0	2026-05-13 13:24:56.700
1444	751bdc4d83a466c7206cd42e8f426b03	9405	ribeirao pires	SP	2017-05-18	2018-07-26	54	71	6648.93	93.65	0	2026-05-13 13:24:56.700
1445	751e274377499a8503fd6243ad9c56f6	13097	campinas	SP	2018-08-20	2018-08-20	1	2	218.00	109.00	0	2026-05-13 13:24:56.700
1446	75745ef7bc7d4f3ea3380f6f5303f514	70384	brasilia	DF	2017-03-01	2017-04-07	3	3	228.40	76.13	0	2026-05-13 13:24:56.700
1447	7586919161935337bf6b6d7ff5779648	21921	rio de janeiro	RJ	2017-06-30	2018-03-20	11	18	1664.71	92.48	0	2026-05-13 13:24:56.700
1448	75a4764c108403a7a0575140cb22287c	95072	caxias do sul	RS	2017-12-12	2018-04-10	5	9	716.90	79.66	0	2026-05-13 13:24:56.700
1449	75d34ebb1bd0bd7dde40dd507b8169c3	41820	salvador	BA	2017-01-11	2018-02-05	62	72	15048.28	209.00	0	2026-05-13 13:24:56.700
1450	75fbb52eda0cbc24f479d3b2fbfa8d3e	74560	goiania	GO	2017-01-31	2018-06-16	40	43	1130.99	26.30	0	2026-05-13 13:24:56.700
1451	75fdd0a732287f9497b179f6bd445d32	9350	maua	SP	2017-09-19	2017-09-19	1	1	59.90	59.90	0	2026-05-13 13:24:56.700
1452	761681a821d8275bc79f552116d06869	17606	sao paulo	SP	2018-06-14	2018-07-25	3	3	354.92	118.31	0	2026-05-13 13:24:56.700
1453	762ed976527cddf02787edba70fffa2a	86026	londrina	PR	2017-11-24	2017-12-12	3	4	179.80	44.95	0	2026-05-13 13:24:56.700
1454	762fafdaa57a532ee0119731697579dd	13311	itu	SP	2018-06-08	2018-08-11	5	5	206.70	41.34	0	2026-05-13 13:24:56.700
1455	76623fde66e6b63b59440fd34160512d	7124	guarulhos	SP	2017-09-02	2018-01-08	3	3	65.40	21.80	0	2026-05-13 13:24:56.700
1456	7681ef142fd2c19048da7430856b5588	7074	guarulhos	SP	2018-02-09	2018-08-22	59	77	31941.81	414.83	0	2026-05-13 13:24:56.700
1457	76833248bbc0e65a0293ec62023e4396	16200	birigui	SP	2017-10-06	2017-11-17	2	2	2399.98	1199.99	0	2026-05-13 13:24:56.700
1458	768a86e36ad6aae3d03ee3c6433d61df	1529	sao paulo	SP	2018-06-19	2018-08-23	17	17	587.46	34.56	0	2026-05-13 13:24:56.700
1459	768de2a4fc06aacecb9a586ccc30746a	70645	brasilia	DF	2017-08-08	2018-05-18	14	14	475.60	33.97	0	2026-05-13 13:24:56.700
1460	76c47a299e4a8fe992316a85865acbe9	14075	ribeirao preto	SP	2017-06-22	2018-06-17	6	10	1024.46	102.45	0	2026-05-13 13:24:56.700
1461	76d336555bb25f3165d2f0d6da719c40	18015	sorocaba	SP	2017-02-03	2017-02-16	2	2	330.00	165.00	0	2026-05-13 13:24:56.700
1462	76d5af76d0271110f9af36c92573f765	3194	sao paulo	SP	2016-10-04	2018-08-01	131	159	33461.60	210.45	0	2026-05-13 13:24:56.700
1463	76d64c4aca3a7baf218bf93ef7fa768d	80215	curitiba	PR	2017-05-25	2018-08-26	64	69	16911.80	245.10	0	2026-05-13 13:24:56.700
1464	76de363de16dacc923eec8daf91df504	89825	xaxim	SC	2017-09-22	2018-03-21	2	2	360.00	180.00	0	2026-05-13 13:24:56.700
1465	76ea5315acb3f5f7ade3cd261faf922a	4213	sao paulo	SP	2018-05-18	2018-08-19	15	15	1087.06	72.47	0	2026-05-13 13:24:56.700
1466	77128dec4bec4878c37ab7d6169d6f26	2610	sao paulo	SP	2017-03-15	2017-03-15	1	1	6.50	6.50	0	2026-05-13 13:24:56.700
1467	7722b1df1b0e383e000397b2c11e3e19	9715	sao bernardo do campo	SP	2017-01-19	2018-08-27	134	145	7094.09	48.92	0	2026-05-13 13:24:56.700
1468	77530e9772f57a62c906e1c21538ab82	80310	curitiba	PR	2016-10-04	2018-08-25	320	389	46610.40	119.82	0	2026-05-13 13:24:56.700
1469	77714512e8d4dda9c234da8e3faf16e4	7056	guarulhos	SP	2018-07-27	2018-08-15	4	6	243.40	40.57	0	2026-05-13 13:24:56.700
1470	777a0c55737f34ffeb78010f7542ab41	1541	sao paulo	SP	2018-07-16	2018-08-20	6	6	452.50	75.42	0	2026-05-13 13:24:56.700
1471	778323240ce2830d68aab11794e00bfb	13600	sao paulo	SP	2018-06-25	2018-07-30	3	3	189.98	63.33	0	2026-05-13 13:24:56.700
1472	77a515caa36327151d1cc6c32a9f00e1	9912	diadema	SP	2018-02-28	2018-08-23	26	26	2217.39	85.28	0	2026-05-13 13:24:56.700
1473	77dcbb67ccb3659bd58eaf5661560a30	95900	lajeado	RS	2017-02-01	2017-02-14	2	2	984.00	492.00	0	2026-05-13 13:24:56.700
1474	77e4abfd739aed9c46480f90f81c0eb4	70767	brasilia	DF	2018-01-30	2018-08-14	18	18	3736.99	207.61	0	2026-05-13 13:24:56.700
1475	77fccaae319668a8ab6cd0fd16aec48c	28035	campos dos goytacazes	RJ	2018-05-13	2018-07-25	11	12	1667.00	138.92	0	2026-05-13 13:24:56.700
1476	7813ea3ebd9411dc600b4dd01f7a97b9	6018	osasco	SP	2017-08-03	2018-06-07	9	9	1599.40	177.71	0	2026-05-13 13:24:56.700
1477	7816cd9c5b1238e320545f5bf7eb80e8	14801	araraquara	SP	2018-05-24	2018-05-24	1	1	489.00	489.00	0	2026-05-13 13:24:56.700
1478	781a66c0d89e30814d49fe8b5e14cd07	13064	campinas	SP	2017-11-15	2017-11-15	1	1	115.00	115.00	0	2026-05-13 13:24:56.700
1479	782f78b632a43875dd5b53e3e49c9564	13030	campinas	SP	2017-06-19	2017-08-05	2	3	146.01	48.67	0	2026-05-13 13:24:56.700
1480	784ba75dd9d20200c4caed3d7a77141a	1040	sao paulo	SP	2017-03-29	2018-01-24	21	24	8295.13	345.63	0	2026-05-13 13:24:56.700
1481	78744a20ee2f80ba64f6804c25def2b8	50751	recife	PE	2017-09-10	2018-08-19	6	6	2715.00	452.50	0	2026-05-13 13:24:56.700
1482	78813699ffac347fe27dba345a5f1551	95711	bento goncalves	RS	2018-06-24	2018-06-24	1	1	152.42	152.42	0	2026-05-13 13:24:56.700
1483	788e857f317e53de488d393e65a80f45	8280	sao paulo	SP	2018-05-28	2018-08-22	11	11	1210.00	110.00	0	2026-05-13 13:24:56.700
1484	788f22bafdd7ab0e1e79f19db72f16a4	4137	sao paulo	SP	2018-08-21	2018-08-21	2	2	125.80	62.90	0	2026-05-13 13:24:56.700
1485	78a4d36f65a019172c6154468831a69f	17018	bauru	SP	2017-10-20	2017-12-08	7	7	1545.50	220.79	0	2026-05-13 13:24:56.700
1486	78ba5933c21686d1c2f64669c8c459e7	8810	mogi das cruzes	SP	2017-03-20	2017-05-16	2	2	191.80	95.90	0	2026-05-13 13:24:56.700
1487	78c99c6dff4eeae5be99bf635ed21e3f	17510	marilia	SP	2017-02-08	2017-08-18	31	39	2030.88	52.07	0	2026-05-13 13:24:56.700
1488	78ef7e885d17f35e2382a47aae8b8cce	96816	santa cruz do sul	RS	2017-02-15	2017-07-28	3	3	388.00	129.33	0	2026-05-13 13:24:56.700
1489	7901646fdd36a55f564ffaf2dbccaaf7	20021	rio de janeiro	RJ	2017-03-02	2018-08-23	22	27	11857.08	439.15	0	2026-05-13 13:24:56.700
1490	791cfcfe22fe4a771ece27f90017da92	14010	ribeirao preto	SP	2017-06-12	2017-09-25	2	2	596.26	298.13	0	2026-05-13 13:24:56.700
1491	79565f7d5603b24ddf07ade262547f2f	14804	araraquara	SP	2017-02-07	2017-05-24	8	8	385.00	48.13	0	2026-05-13 13:24:56.700
1492	7957cac1a02f45d0a4a7e45626382ec2	80320	curitiba	PR	2017-09-08	2017-09-08	1	1	343.00	343.00	0	2026-05-13 13:24:56.700
1493	7963e546f34e098b578f9ad102494601	5624	sao paulo	SP	2017-11-05	2017-11-05	1	1	60.99	60.99	0	2026-05-13 13:24:56.700
1494	7994081388d55b9cf976c050653dd359	1244	sao paulo	SP	2017-02-09	2017-11-10	2	6	1020.00	170.00	0	2026-05-13 13:24:56.700
1495	7994b065a7ffb14e71c6312cf87b9de2	29142	cariacica / es	ES	2018-06-05	2018-08-04	5	7	453.00	64.71	0	2026-05-13 13:24:56.700
1496	79a679c36c08d606b3fd47ead9de109b	2611	sao paulo	SP	2018-03-02	2018-05-03	3	7	935.00	133.57	0	2026-05-13 13:24:56.700
1497	79b93a308a97792cf53ac75f46da00b5	22420	rio de janeiro	RJ	2017-07-23	2017-07-23	1	1	99.90	99.90	0	2026-05-13 13:24:56.700
1498	79ebd9a61bac3eaf882805ed4ecfa12a	85802	cascavel	PR	2017-10-10	2018-08-18	136	143	15092.79	105.54	0	2026-05-13 13:24:56.700
1499	79ed755314cfe6df0daef2c6cd3022cd	13503	rio claro	SP	2017-02-24	2018-08-08	23	25	3907.50	156.30	0	2026-05-13 13:24:56.700
1500	79ee721b6f766066a80264402548d359	17011	bauru	SP	2017-02-01	2017-02-13	2	2	538.00	269.00	0	2026-05-13 13:24:56.700
1501	7a073a40a9d3f1fee8bc45670ea1e909	86040	londrina	PR	2016-10-09	2016-10-09	1	1	95.00	95.00	0	2026-05-13 13:24:56.700
1502	7a188843479798ca813108fa7b959286	4276	sao paulo	SP	2017-11-20	2017-11-20	1	3	149.70	49.90	0	2026-05-13 13:24:56.700
1503	7a241947449cc45dbfda4f9d0798d9d0	37590	jacutinga	MG	2017-03-10	2018-08-09	62	72	8027.63	111.49	0	2026-05-13 13:24:56.700
1504	7a2d2949aea47fab95fd98d6c9f618b1	81350	curitiba	PR	2017-02-04	2018-06-25	11	12	1638.99	136.58	0	2026-05-13 13:24:56.700
1505	7a425d299613df3e613bcf9d2eaf5c49	22790	rio de janeiro	RJ	2017-11-09	2018-08-01	18	18	1218.80	67.71	0	2026-05-13 13:24:56.700
1506	7a67c85e85bb2ce8582c35f2203ad736	3426	sao paulo	SP	2017-01-27	2018-08-21	1160	1171	141745.53	121.05	1	2026-05-13 13:24:56.700
1507	7a704e63bb29c446869efde5d57524c8	85601	francisco beltrao	PR	2018-01-25	2018-01-25	1	1	94.49	94.49	0	2026-05-13 13:24:56.700
1508	7a91bf945c6fae0779f1c61ce97fe45c	26562	mesquita	RJ	2017-07-17	2017-11-20	5	5	799.50	159.90	0	2026-05-13 13:24:56.700
1509	7a9c12e235c36247c3c81f50d6ea9cea	9541	sao caetano do sul	SP	2017-03-31	2017-05-04	5	5	983.90	196.78	0	2026-05-13 13:24:56.700
1510	7aa4334be125fcdd2ba64b3180029f14	18500	laranjal paulista	SP	2017-02-28	2017-12-12	217	240	16234.81	67.65	0	2026-05-13 13:24:56.700
1511	7aa538dd6e114e503a2e6154ea352253	15807	catanduva	SP	2018-04-23	2018-08-17	5	5	1016.68	203.34	0	2026-05-13 13:24:56.700
1512	7ab0dd5487bab2dc835337b244f689fb	15013	sao jose do rio preto	SP	2017-04-05	2017-04-05	1	1	12.50	12.50	0	2026-05-13 13:24:56.700
1513	7ad32824caee82087b3e2e5f33b1bf32	14940	ibitinga	SP	2018-01-26	2018-08-27	151	184	22505.10	122.31	0	2026-05-13 13:24:56.700
1514	7ad41305e96a6cab8294cd65891e9a86	28810	rio bonito	SP	2018-06-05	2018-06-12	2	2	180.00	90.00	0	2026-05-13 13:24:56.700
1515	7adbd3210a7b3cc2235e225eef33574d	2544	sao paulo	SP	2018-08-11	2018-08-14	3	3	131.90	43.97	0	2026-05-13 13:24:56.700
1516	7ade73f1b9b4e965f9009a4c3a7e2c15	17051	bauru	SP	2018-04-13	2018-08-11	27	28	1880.30	67.15	0	2026-05-13 13:24:56.700
1517	7b07b3c7487f0ea825fc6df75abd658b	2016	sao paulo	SP	2017-01-25	2018-08-24	93	98	9731.85	99.30	0	2026-05-13 13:24:56.700
1518	7b0df942f46435babab05d49b744b2c4	12924	braganca paulista	SP	2017-02-03	2018-06-25	32	32	22600.63	706.27	0	2026-05-13 13:24:56.700
1519	7b1222c3624aa89b9558b50a2594188c	15041	sao jose do rio preto	SP	2017-02-18	2018-06-26	22	22	10103.52	459.25	0	2026-05-13 13:24:56.700
1520	7b3447b497e55af8c15fc7bd89d7b81a	8225	sao paulo	SP	2017-11-17	2017-11-17	1	1	49.90	49.90	0	2026-05-13 13:24:56.700
1521	7b3f6ce5c6c22e9b96e7581ebf0df6e1	13710	tambau	SP	2017-12-09	2017-12-09	1	1	29.80	29.80	0	2026-05-13 13:24:56.700
1522	7b7ed56ae755e2880f2b69632e839c1e	74230	goiania	GO	2018-08-07	2018-08-15	5	5	321.50	64.30	0	2026-05-13 13:24:56.700
1523	7b7f91e98f8c6def45a1407923304402	6154	osasco	SP	2018-04-15	2018-07-22	11	14	417.47	29.82	0	2026-05-13 13:24:56.700
1524	7b8e8ec35bad4b0ef7e3963650b0a87b	88705	tubarao	SC	2018-04-02	2018-07-26	5	5	2244.28	448.86	0	2026-05-13 13:24:56.700
1525	7b98de631987e26dd6d803490c43a13c	87900	loanda	PR	2018-05-22	2018-08-02	8	8	634.20	79.27	0	2026-05-13 13:24:56.700
1526	7bac63f6603d382cc8d0832eb6c100a8	5713	sao paulo	SP	2017-11-04	2018-08-03	19	19	7751.95	408.00	0	2026-05-13 13:24:56.700
1527	7bb8fac2913a6064ec412e583c6d8b4d	17017	bauru	SP	2018-02-02	2018-02-02	1	1	109.00	109.00	0	2026-05-13 13:24:56.700
1528	7bcd7c5f8631701474db233ccf1c094b	2047	sao paulo	SP	2017-04-14	2017-08-27	11	11	666.00	60.55	0	2026-05-13 13:24:56.700
1529	7c1fea10b5b006671d608b1d7c446ec4	18550	boituva	SP	2017-10-04	2018-06-13	14	14	423.60	30.26	0	2026-05-13 13:24:56.700
1530	7c4402417d51474d4d0cda9557340e40	9530	sao caetano do sul	SP	2017-05-08	2017-05-08	1	1	119.90	119.90	0	2026-05-13 13:24:56.700
1531	7c4618c82226628831613e95e9c22f44	18136	sao roque	SP	2017-12-14	2018-08-17	13	13	333.93	25.69	0	2026-05-13 13:24:56.700
1532	7c462184585ae80bd6e5774c62ce50f2	13086	campinas	SP	2018-05-07	2018-05-07	1	2	60.00	30.00	0	2026-05-13 13:24:56.700
1533	7c4adcc13272c0e26fa23aac642adb7b	24725	sao goncalo	RJ	2018-01-28	2018-02-26	2	2	135.00	67.50	0	2026-05-13 13:24:56.700
1534	7c51de0ab286204ce75ff42bf7c10d92	88380	picarras	SC	2018-07-22	2018-08-12	4	4	759.00	189.75	0	2026-05-13 13:24:56.700
1535	7c5b05cbdb5542049f38d90d7815b97d	5201	sao paulo	SP	2018-04-28	2018-07-15	22	24	1038.96	43.29	0	2026-05-13 13:24:56.700
1536	7c67e1448b00f6e969d365cea6b010ab	8577	itaquaquecetuba	SP	2017-01-26	2018-08-07	982	1364	187923.89	137.77	1	2026-05-13 13:24:56.700
1537	7c9130f5f3729edd32aa059141d92484	17400	garca	SP	2018-06-20	2018-08-23	3	4	126.00	31.50	0	2026-05-13 13:24:56.700
1538	7caa63f175b1cecbfaadd8b5ab9998c7	2750	sao paulo	SP	2018-01-02	2018-06-10	2	2	39.80	19.90	0	2026-05-13 13:24:56.700
1539	7cb946b1ad19faebe28c3e86c2794ec3	35701	sete lagoas	MG	2017-11-16	2017-11-16	1	1	25.00	25.00	0	2026-05-13 13:24:56.700
1540	7cf4ea70955b00d6b3c22542598e2715	1125	sao paulo	SP	2018-07-19	2018-07-19	1	1	189.90	189.90	0	2026-05-13 13:24:56.700
1541	7d13fca15225358621be4086e1eb0964	14050	ribeirao preto	SP	2018-02-14	2018-08-25	565	578	113628.97	196.59	1	2026-05-13 13:24:56.700
1542	7d294cf9a6a69dc6a0c3e540fff0e039	88390	barra velha	SC	2018-05-06	2018-08-01	5	5	257.25	51.45	0	2026-05-13 13:24:56.700
1543	7d456afc660226829370f3173d14520c	8820	mogi das cruzes	SP	2016-10-06	2018-08-21	56	91	8338.25	91.63	0	2026-05-13 13:24:56.700
1544	7d484ca289afaac6bf5fc6a1e96d2226	79104	campo grande	MS	2018-08-05	2018-08-17	2	2	183.20	91.60	0	2026-05-13 13:24:56.700
1545	7d76b645482be4a332374e8223836592	1511	sao paulo	SP	2017-07-27	2018-08-14	176	187	3843.93	20.56	0	2026-05-13 13:24:56.700
1546	7d7866a99a8656a42c7ff6352a433410	1320	sao paulo	SP	2018-07-10	2018-08-29	5	5	147.89	29.58	0	2026-05-13 13:24:56.700
1547	7d7d2b7a51328016102d4528c411d630	14940	ibitinga	SP	2018-04-07	2018-08-18	7	7	918.80	131.26	0	2026-05-13 13:24:56.700
1548	7d81e74a4755b552267cd5e081563028	4735	sao paulo	SP	2018-08-20	2018-08-20	1	1	32.50	32.50	0	2026-05-13 13:24:56.700
1549	7d948535954aaf8c5d39db007f74372e	11442	guaruja	SP	2017-07-02	2018-04-08	4	4	194.00	48.50	0	2026-05-13 13:24:56.700
1550	7daca0837f033a41a6f3428c18657533	15170	tanabi	SP	2018-04-19	2018-06-10	7	7	1228.98	175.57	0	2026-05-13 13:24:56.700
1551	7dc8c42cc750eeafea6c85712ffee9bf	5424	sao paulo	SP	2016-10-07	2018-08-28	41	50	6409.68	128.19	0	2026-05-13 13:24:56.700
1552	7dc9a3355bae96dd82008b313d3a456c	36213	dores de campos	MG	2018-06-20	2018-06-20	1	1	899.00	899.00	0	2026-05-13 13:24:56.700
1553	7ddcbb64b5bc1ef36ca8c151f6ec77df	4403	sao paulo	SP	2017-07-19	2018-06-17	334	343	55578.57	162.04	0	2026-05-13 13:24:56.700
1554	7dea6f73af847b42cc3985bd620f994d	85813	cascavel	PR	2018-08-04	2018-08-24	2	2	324.00	162.00	0	2026-05-13 13:24:56.700
1555	7df1fc11cc5cbc518b39faa60cf5d67c	79112	campo grande	MS	2018-04-14	2018-07-24	5	5	1037.60	207.52	0	2026-05-13 13:24:56.700
1556	7e1fb0a3ebfb01ffb3a7dae98bf3238d	14403	franca	SP	2017-02-04	2018-08-23	159	174	27349.53	157.18	0	2026-05-13 13:24:56.700
1557	7e26c750b4cb9f6766f58265ff9ebe95	30270	belo horizonte	MG	2017-02-03	2017-10-13	23	27	1344.30	49.79	0	2026-05-13 13:24:56.700
1558	7e3dde9ffba72d5340f9aaf09b4424be	86185	cambe	PR	2017-08-29	2017-08-29	1	1	220.00	220.00	0	2026-05-13 13:24:56.700
1559	7e3f87d16fb353f408d467e74fbd8014	4809	sao paulo	SP	2017-06-29	2018-08-26	92	94	4754.99	50.59	0	2026-05-13 13:24:56.700
1560	7e79d65b5c6f1f544b7daea036acf720	9572	sao caetano do sul	SP	2017-06-14	2017-10-24	4	4	517.80	129.45	0	2026-05-13 13:24:56.700
1561	7e93a43ef30c4f03f38b393420bc753a	6429	barueri	SP	2016-10-08	2018-07-13	336	340	176431.87	518.92	1	2026-05-13 13:24:56.700
1562	7e959205cebc10adefcb331f934238a4	1223	sao paulo	SP	2017-02-10	2017-02-25	2	2	513.90	256.95	0	2026-05-13 13:24:56.700
1563	7ea5bfa6c340f58f8e71fc1f0412b0d6	30180	belo horizonte	MG	2017-11-20	2018-08-11	98	104	11002.89	105.80	0	2026-05-13 13:24:56.700
1564	7ecd59e5e20407131822c1a68ac59c1f	70719	brasilia	DF	2017-11-29	2018-08-03	24	29	1466.71	50.58	0	2026-05-13 13:24:56.700
1565	7ecef8194babfec876ca720714327841	13041	campinas	SP	2017-10-15	2018-07-20	7	8	990.50	123.81	0	2026-05-13 13:24:56.700
1566	7f02656561b680def9986c0795a8a080	1417	sao paulo	SP	2017-08-18	2017-09-22	2	2	84.00	42.00	0	2026-05-13 13:24:56.700
1567	7f152321c60a266edc53af1925ef96c1	88801	criciuma	SC	2017-08-29	2018-08-02	20	20	3919.80	195.99	0	2026-05-13 13:24:56.700
1568	7f2617c58d5d06806987308b45654351	4571	sao paulo	SP	2017-04-12	2018-06-21	22	23	3656.80	158.99	0	2026-05-13 13:24:56.700
1569	7f35f9daf223da737b78738fbae4d977	13272	valinhos	SP	2018-06-18	2018-07-04	5	5	252.00	50.40	0	2026-05-13 13:24:56.700
1570	7f40d06aa0b5f1aa4f41af8c0480e2ef	13506	rio claro	SP	2018-08-09	2018-08-27	6	6	1309.94	218.32	0	2026-05-13 13:24:56.700
1571	7f5e4d5efad7e44b91115dd1decb65f3	12306	jacarei / sao paulo	SP	2018-05-07	2018-07-29	3	9	179.90	19.99	0	2026-05-13 13:24:56.700
1572	7f7b8245c336066a1f9933c359f11d77	13800	mogi mirim	SP	2018-04-11	2018-08-17	38	43	2094.36	48.71	0	2026-05-13 13:24:56.700
1573	7fc87cc3e89b3d1d5cabdca32f8485aa	7123	guarulhos	SP	2018-05-02	2018-08-02	14	14	2153.90	153.85	0	2026-05-13 13:24:56.700
1574	7fdb0720c8d7c9075538b365dc8c3a22	85904	toledo	PR	2018-04-21	2018-07-22	9	10	1804.00	180.40	0	2026-05-13 13:24:56.700
1575	7fe21dd00d2f4943ae09525efa2fd674	20551	rio de janeiro	RJ	2017-04-22	2017-08-06	4	4	299.60	74.90	0	2026-05-13 13:24:56.700
1576	7ff588a03c2aeae4fbd23f9ae64b760d	7183	guarulhos	SP	2018-06-06	2018-08-26	14	16	1182.20	73.89	0	2026-05-13 13:24:56.700
1577	800214c63934acd05d47e84214db8ba8	89251	jaragua do sul	SC	2017-03-31	2017-05-15	4	4	259.60	64.90	0	2026-05-13 13:24:56.700
1578	80146bc52c4f6af5239b23de2a20262b	6753	taboao da serra	SP	2017-02-24	2017-02-24	1	2	27.10	13.55	0	2026-05-13 13:24:56.700
1579	804287717b9156fb7a787acd9af4fac1	87030	maringa	PR	2017-06-07	2017-06-07	1	1	18.80	18.80	0	2026-05-13 13:24:56.700
1580	8060d731897e33b5c5ae575ce1e209e1	89052	blumenau	SP	2018-05-07	2018-07-14	5	5	199.50	39.90	0	2026-05-13 13:24:56.700
1581	808d4348b916efa08e766ebad39f61eb	2336	sao paulo	SP	2018-07-07	2018-08-22	21	21	731.10	34.81	0	2026-05-13 13:24:56.700
1582	8090490573c6c0aa343a7231ebcb8c86	4130	sao paulo - sp	SP	2017-09-01	2018-08-16	26	26	3871.12	148.89	0	2026-05-13 13:24:56.700
1583	809413606dbfe5deefd2db646693ef67	4602	sao paulo	SP	2017-11-05	2018-05-06	3	5	196.68	39.34	0	2026-05-13 13:24:56.700
1584	80ceebb4ee9b31afb6c6a916a574a1e2	86026	londrina	PR	2018-07-25	2018-07-25	1	1	6729.00	6729.00	0	2026-05-13 13:24:56.700
1585	80cfd480be3eb6d6267139f5cb793555	8223	sao paulo	SP	2017-03-10	2017-03-10	1	1	99.90	99.90	0	2026-05-13 13:24:56.700
1586	80e6699fe29150b372a0c8a1ebf7dcc8	83323	pinhais	PR	2016-10-10	2018-05-13	98	100	11441.56	114.42	0	2026-05-13 13:24:56.700
1587	80f2cf9abf6b5a0e5c612b5eea6646e6	15046	sao jose do rio preto	SP	2018-04-05	2018-07-21	7	7	766.08	109.44	0	2026-05-13 13:24:56.700
1588	8132b9bd16876e1b0f8808d43825dd48	88058	florianopolis	SC	2017-05-05	2017-07-24	2	3	727.90	242.63	0	2026-05-13 13:24:56.700
1589	813348c996469b40f2e028d5429d3495	13206	jundiai	SP	2017-05-01	2018-04-24	179	202	11205.83	55.47	0	2026-05-13 13:24:56.700
1590	81336a0f57a33776419727a300249e90	13560	sao carlos	SP	2017-07-19	2018-04-22	16	19	1374.85	72.36	0	2026-05-13 13:24:56.700
1591	8160255418d5aaa7dbdc9f4c64ebda44	14940	ibitinga	SP	2017-10-09	2018-08-20	385	431	47017.69	109.09	0	2026-05-13 13:24:56.700
1592	817245bcc3badd82bbd222e0366951a6	17056	bauru	SP	2017-11-14	2018-07-17	29	45	5580.50	124.01	0	2026-05-13 13:24:56.700
1593	81783131d2a97c8d44d406a4be81b5d9	18015	sorocaba	SP	2018-07-27	2018-08-15	13	15	1782.54	118.84	0	2026-05-13 13:24:56.700
1594	817f85dbb65aa3e70831d90fe75cdf89	18530	tiete	SP	2016-10-03	2017-03-15	11	11	1552.27	141.12	0	2026-05-13 13:24:56.700
1595	8185694b58b2ba6de20fd41ae608bbea	6764	tabao da serra	SP	2018-03-10	2018-08-11	8	8	1372.30	171.54	0	2026-05-13 13:24:56.700
1596	818d28f936e791926d33bcb6ee94ef79	4141	sao paulo	SP	2017-02-09	2017-05-24	5	5	139.50	27.90	0	2026-05-13 13:24:56.700
1597	81a1104df0f08b59c68aa5b03cfe398e	83020	sao jose dos pinhais	PR	2017-05-21	2018-04-16	73	73	9420.88	129.05	0	2026-05-13 13:24:56.700
1598	81ed90f07c0bacb7594940ba2ef676aa	35500	divinopolis	MG	2017-10-25	2017-11-11	2	2	223.90	111.95	0	2026-05-13 13:24:56.700
1599	81f89e42267213cb94da7ddc301651da	19063	presidente prudente	SP	2018-08-08	2018-08-27	46	52	3955.00	76.06	0	2026-05-13 13:24:56.700
1600	820c7c9eaf76d2b226b6c242bcf3f34d	4756	sao paulo	SP	2017-01-30	2017-01-30	1	1	559.00	559.00	0	2026-05-13 13:24:56.700
1601	820cc752a266cdc6c1a1e61dd4583330	87050	maringa	PR	2017-01-31	2018-04-27	15	15	2802.80	186.85	0	2026-05-13 13:24:56.700
1602	821fb029fc6e495ca4f08a35d51e53a5	2030	sao paulo	SP	2018-01-21	2018-08-15	28	29	19187.42	661.64	0	2026-05-13 13:24:56.700
1603	822166ed1e47908f7cfb49946d03c726	25803	tres rios	RJ	2017-05-25	2018-07-22	69	108	3714.83	34.40	0	2026-05-13 13:24:56.700
1604	822b63912576852aea9a8436d72317b7	13840	mogi guacu	SP	2016-10-04	2017-01-24	8	9	4905.69	545.08	0	2026-05-13 13:24:56.700
1605	822bad9bc42b51213ba522fe87b7ab5d	88330	balneario camboriu	SC	2017-08-10	2018-06-09	18	18	5160.00	286.67	0	2026-05-13 13:24:56.700
1606	827f8f69dfa529c561901c4f2e0f332f	81880	curitiba	PR	2016-10-07	2018-03-19	91	104	3408.39	32.77	0	2026-05-13 13:24:56.700
1607	82921991ff5b557b045605b8bbf08d49	1023	sao paulo	SP	2018-08-05	2018-08-05	1	1	18.90	18.90	0	2026-05-13 13:24:56.700
1608	82bd0703a4aefd6b599e5bfdaed378fb	17510	marilia	SP	2016-10-04	2017-08-18	21	24	2692.28	112.18	0	2026-05-13 13:24:56.700
1609	82cb9f452fe8334df74b22d37824b431	95013	caxias do sul	RS	2018-04-11	2018-08-01	14	18	838.20	46.57	0	2026-05-13 13:24:56.700
1610	82e0a475a88cc9595229d8029273f045	3417	sao paulo	SP	2017-02-22	2018-01-18	42	80	10930.02	136.63	0	2026-05-13 13:24:56.700
1611	830379336fad8c6f3b15a4a3ddb5c66e	2518	sao paulo	SP	2018-07-24	2018-07-24	2	4	268.00	67.00	0	2026-05-13 13:24:56.700
1612	83353a83fd769dfafa4f21a72b15e3e5	5786	sao paulo	SP	2017-04-01	2017-12-17	5	5	579.50	115.90	0	2026-05-13 13:24:56.700
1613	834f3294fba9f932f56edc879193f925	14808	araraquara	SP	2017-05-10	2018-08-15	66	66	39907.50	604.66	0	2026-05-13 13:24:56.700
1614	834f8533b2ecb6598dd004ff3de7203a	5181	sao paulo	SP	2017-01-17	2018-08-20	43	47	4538.29	96.56	0	2026-05-13 13:24:56.700
1615	835f0f7810c76831d6c7d24c7a646d4d	8030	sao paulo	SP	2017-02-11	2018-02-13	44	50	5130.00	102.60	0	2026-05-13 13:24:56.700
1616	83645b1645cdee8953ee54c29ceed564	85875	santa terezinha de itaipu	PR	2017-03-12	2018-08-04	14	14	978.90	69.92	0	2026-05-13 13:24:56.700
1617	8378eb36b6b70c5734e83ad7b8cdc3b7	88301	itajai	SC	2017-12-20	2018-07-02	7	13	1714.80	131.91	0	2026-05-13 13:24:56.700
1618	83a75eea11694e36e56dd0cb2240229a	13905	amparo	SP	2018-02-25	2018-04-18	3	3	487.00	162.33	0	2026-05-13 13:24:56.700
1619	83b08de96980757220871b31bf6cffca	21820	rio de janeiro	RJ	2017-10-13	2018-05-07	5	7	1304.17	186.31	0	2026-05-13 13:24:56.700
1620	83c465a786b06574376909b35ef6752a	13560	sao carlos	SP	2018-06-25	2018-08-16	3	3	281.40	93.80	0	2026-05-13 13:24:56.700
1621	83c8aafbefb034674a70de0eac5b8954	85601	francisco beltrao	PR	2018-03-28	2018-07-10	2	2	134.90	67.45	0	2026-05-13 13:24:56.700
1622	83d458c0d6d4f94295d63f091460bd60	29101	vila velha	SP	2017-03-06	2017-03-06	1	1	89.90	89.90	0	2026-05-13 13:24:56.700
1623	83d7070a0b9a8b4625fa8682b819fabb	6717	cotia	SP	2018-03-23	2018-04-02	2	2	694.77	347.38	0	2026-05-13 13:24:56.700
1624	83deb69e889cf80f82be1dc6d5f2d486	88056	florianopolis	SC	2017-07-17	2018-08-12	40	42	5363.01	127.69	0	2026-05-13 13:24:56.700
1625	83e197e95a1bbabc8c75e883ed016c47	25900	mage	RJ	2016-10-09	2018-02-27	47	55	6693.69	121.70	0	2026-05-13 13:24:56.700
1626	83f2b4881141ce3fcd4e985125d3279e	14055	ribeirao preto	SP	2018-01-24	2018-03-18	3	3	60.70	20.23	0	2026-05-13 13:24:56.700
1627	8444e55c1f13cd5c179851e5ca5ebd00	37584	congonhal	MG	2017-03-13	2018-07-05	99	109	22873.21	209.85	0	2026-05-13 13:24:56.700
1628	845e8036c3f7bf62099352f5ed910240	21041	rio de janeiro	RJ	2018-05-25	2018-08-24	21	24	1584.60	66.03	0	2026-05-13 13:24:56.700
1629	8476243f92442881ddd5b578975cf115	93700	campo bom	RS	2018-03-14	2018-08-14	12	12	7838.00	653.17	0	2026-05-13 13:24:56.700
1630	84c945f15571830c1a91a33978e94009	2851	sao paulo	SP	2017-03-20	2017-05-14	2	2	51.98	25.99	0	2026-05-13 13:24:56.700
1631	84deb808079d1be601c209c1e771b1cc	81200	curitiba	PR	2017-09-05	2017-11-27	2	2	34.93	17.46	0	2026-05-13 13:24:56.700
1632	8501d82f68d23148b6d78bb7c4a42037	89031	blumenau	SC	2017-03-11	2017-03-11	1	1	19.70	19.70	0	2026-05-13 13:24:56.700
1633	85044848b1b767db2a4a58526adef4b4	6018	osasco	SP	2018-04-07	2018-07-13	4	4	240.60	60.15	0	2026-05-13 13:24:56.700
1634	850857dfac77488c307e2b1cbd84ab5a	85802	cascavel	PR	2018-06-12	2018-06-12	1	1	1599.00	1599.00	0	2026-05-13 13:24:56.700
1635	850913d59ce317156b00f3705f1c3edb	12942	atibaia	SP	2018-03-07	2018-07-27	32	34	2690.00	79.12	0	2026-05-13 13:24:56.700
1636	850f4f8af5ea87287ac68de36e29107f	4367	sao paulo	SP	2017-04-10	2018-06-27	187	192	45355.36	236.23	0	2026-05-13 13:24:56.700
1637	851773c885feb5e2da3b4f82bc2b17ce	18683	lencois paulista	SP	2018-02-08	2018-08-26	10	10	585.30	58.53	0	2026-05-13 13:24:56.700
1638	855668e0971d4dfd7bef1b6a4133b41b	13257	itatiba	SP	2017-05-02	2018-08-26	312	327	32208.16	98.50	0	2026-05-13 13:24:56.700
1639	8581055ce74af1daba164fdbd55a40de	7112	guarulhos	SP	2017-01-18	2018-04-18	387	435	64925.30	149.25	0	2026-05-13 13:24:56.700
1640	85cc55e048b6bcc90c75afe7f0e72f72	27345	barra mansa	RJ	2018-05-07	2018-07-25	9	9	308.28	34.25	0	2026-05-13 13:24:56.700
1641	85d9eb9ddc5d00ca9336a2219c97bb13	31255	belo horizonte	MG	2016-10-06	2018-08-19	509	522	15415.24	29.53	0	2026-05-13 13:24:56.700
1642	85e7c62c1d6ea078c3897424f867a7c8	88220	itapema	SC	2017-12-27	2018-01-17	2	2	60.00	30.00	0	2026-05-13 13:24:56.700
1643	85ecf03781da592876b7844acc1b729f	3658	sao paulo	SP	2018-07-18	2018-08-04	2	2	251.00	125.50	0	2026-05-13 13:24:56.700
1644	8602a61d680a10a82cceeeda0d99ea3d	1001	sao paulo	SP	2017-08-04	2018-08-02	17	19	826.99	43.53	0	2026-05-13 13:24:56.700
1645	8603f0038fe0e52fedd3382d266723de	88495	garopaba	SC	2017-04-24	2018-01-24	10	10	2355.00	235.50	0	2026-05-13 13:24:56.700
1646	8629a7efec1aab257e58cda559f03ba7	74223	goiania	GO	2018-02-16	2018-02-16	1	1	45.22	45.22	0	2026-05-13 13:24:56.700
1647	8629c241b3622ac12cd4118afdc8d394	14090	ribeirao preto	SP	2018-03-19	2018-07-10	13	13	1167.66	89.82	0	2026-05-13 13:24:56.700
1648	863d2ebcd347ce4922de7a0f9a5581d6	21041	rio de janeiro	RJ	2017-07-04	2018-08-13	18	19	1382.36	72.76	0	2026-05-13 13:24:56.700
1649	8648b1e89e9b349e32d3741b30ec737e	12308	jacarei	SP	2017-09-28	2018-08-26	95	103	7442.55	72.26	0	2026-05-13 13:24:56.700
1650	86649b1632b1c0e6c0bcb2c90a8b75d8	85884	medianeira	PR	2017-08-25	2017-08-25	1	1	59.99	59.99	0	2026-05-13 13:24:56.700
1651	866558b3bccef2dbc6d29a2b5995016f	86706	arapongas	PR	2017-10-22	2018-07-20	5	6	1519.40	253.23	0	2026-05-13 13:24:56.700
1652	86bb7c4b535e49a541baf3266b1c95b1	14401	franca	SP	2016-10-04	2018-02-05	16	16	8162.40	510.15	0	2026-05-13 13:24:56.700
1653	86bf77bdb52e615674772d5817c6212f	94410	viamao	RS	2018-04-24	2018-07-31	4	5	281.80	56.36	0	2026-05-13 13:24:56.700
1654	86ccac0b835037332a596a33b6949ee1	89041	blumenau	SC	2017-03-22	2018-07-30	180	210	16619.93	79.14	0	2026-05-13 13:24:56.700
1655	86ff3eaef0267069cc891a2ed9d10a17	88135	palhoca	SC	2018-04-17	2018-07-08	7	7	409.75	58.54	0	2026-05-13 13:24:56.700
1656	870d0118f7a9d85960f29ad89d5d989a	37708	pocos de caldas	MG	2017-04-08	2018-08-27	45	61	3157.20	51.76	0	2026-05-13 13:24:56.700
1657	87142160b41353c4e5fca2360caf6f92	90230	porto alegre	RS	2017-02-03	2018-08-21	305	339	31095.98	91.73	0	2026-05-13 13:24:56.700
1658	8759e7aedd644f487315e5860962f162	9251	santo andre	SP	2017-11-28	2017-12-27	3	3	627.00	209.00	0	2026-05-13 13:24:56.700
1659	876182d1918783bbe15233febfbd4926	4208	sao paulo	SP	2017-05-15	2018-02-27	3	3	120.27	40.09	0	2026-05-13 13:24:56.700
1660	87b4428a334b8f676fd9a7f3bf544fb5	16480	guaimbe	SP	2018-08-13	2018-08-13	1	1	29.99	29.99	0	2026-05-13 13:24:56.700
1661	87b740daf17b5d1be335a64164ec6842	8615	suzano	SP	2016-10-06	2018-03-15	13	13	14699.87	1130.76	0	2026-05-13 13:24:56.700
1662	87d30a6a0cbf89356e49324971ab1d24	2036	sao paulo	SP	2017-12-21	2018-06-20	17	17	2134.13	125.54	0	2026-05-13 13:24:56.700
1663	87d3c3aeb3ead335511b3ce315eb341e	3059	sao paulo	SP	2018-06-13	2018-08-17	15	15	749.35	49.96	0	2026-05-13 13:24:56.700
1664	87d73636a3acf123e842bb890a4db036	15190	nhandeara	SP	2018-07-25	2018-07-25	1	1	269.90	269.90	0	2026-05-13 13:24:56.700
1665	87e24fc7052259b1f7f607d61c10d8be	5734	sao paulo	SP	2018-05-15	2018-08-14	8	8	7473.49	934.19	0	2026-05-13 13:24:56.700
1666	87f3e35268860433e13d577825aada95	12955	bom jesus dos perdoes	SP	2016-10-05	2017-06-15	3	3	161.70	53.90	0	2026-05-13 13:24:56.700
1667	880ce4951cf857ab1d9e0b75c1d856f4	31255	belo horizont	MG	2018-02-13	2018-02-13	1	1	178.90	178.90	0	2026-05-13 13:24:56.700
1668	880eda903e719a5f179f7e9fceb3a69d	14610	ipua	SP	2018-08-07	2018-08-07	1	1	249.00	249.00	0	2026-05-13 13:24:56.700
1669	883dd81e82754ac2c65e9790a7db8c9a	81070	curitiba	PR	2017-10-23	2018-06-23	5	5	319.50	63.90	0	2026-05-13 13:24:56.700
1670	88460e8ebdecbfecb5f9601833981930	87030	maringa	PR	2017-11-21	2018-08-17	248	302	31546.55	104.46	0	2026-05-13 13:24:56.700
1671	888faa8bfb0b159c37de6d898b961c31	88750	braco do norte	SC	2017-08-07	2018-08-22	19	23	2418.30	105.14	0	2026-05-13 13:24:56.700
1672	889009a0ed0bb52c87819941192931b8	18682	lencois paulista	SP	2017-06-01	2017-06-01	1	1	89.90	89.90	0	2026-05-13 13:24:56.700
1673	88ae906ea2acf6971f26c3e8b7cb4357	1550	sao paulo	SP	2018-04-27	2018-05-11	3	3	246.00	82.00	0	2026-05-13 13:24:56.700
1674	88af55b4a7ca402b27df16f7c7c9b5d2	6775	taboao da serra	SP	2017-03-30	2017-03-30	1	1	130.00	130.00	0	2026-05-13 13:24:56.700
1675	88cd3681e0a2ba85e190f7d817629c4c	88354	brusque	SC	2018-08-15	2018-08-15	1	1	180.00	180.00	0	2026-05-13 13:24:56.700
1676	88cf19ec1fc2c58f161aee259d57142c	13570	sao carlos	SP	2018-05-20	2018-08-20	14	14	1372.97	98.07	0	2026-05-13 13:24:56.700
1677	88ef59b51bdaa941d10a853429f2b6ce	83280	guaratuba	PR	2018-07-04	2018-08-18	2	2	252.90	126.45	0	2026-05-13 13:24:56.700
1678	891071be6ba827b591264c90c2ae8a63	3872	sao paulo	SP	2017-01-24	2018-08-23	92	98	4177.28	42.63	0	2026-05-13 13:24:56.700
1679	8931a84a914b3fe9b1ddaa4d704947ca	8410	sao paulo	SP	2017-03-29	2018-07-19	29	32	4668.30	145.88	0	2026-05-13 13:24:56.700
1680	8936ba0de1073ee888cb3185ae5dc661	3372	sao paulo	SP	2017-04-05	2017-04-05	1	1	389.99	389.99	0	2026-05-13 13:24:56.700
1681	897060da8b9a21f655304d50fd935913	14092	ribeirao preto	SP	2016-10-04	2018-06-14	317	430	23023.92	53.54	0	2026-05-13 13:24:56.700
1682	89757206b887aed36f3e18d858460fea	3121	sao paulo	SP	2018-05-03	2018-05-03	2	2	120.50	60.25	0	2026-05-13 13:24:56.700
1683	89a51f50b8095ea78d5768f34c13a76f	71931	brasilia	DF	2018-04-24	2018-07-31	10	11	677.16	61.56	0	2026-05-13 13:24:56.700
1684	89ad3263c0931c47f976d7c5778e60f6	5127	sao paulo	SP	2018-06-25	2018-07-28	6	6	568.20	94.70	0	2026-05-13 13:24:56.700
1685	89bc797e2e29667aa035d4368f9b7f92	2969	sao paulo	SP	2016-10-05	2017-04-10	17	20	407.30	20.37	0	2026-05-13 13:24:56.700
1686	89c127985a8b130cfa45c1d36764017a	6016	osasco	SP	2017-06-30	2018-02-11	7	7	1419.57	202.80	0	2026-05-13 13:24:56.700
1687	89d9a386b0b6e5fc8403071b03f7206a	3103	sao paulo	SP	2018-02-10	2018-02-12	2	5	167.00	33.40	0	2026-05-13 13:24:56.700
1688	89dda63a3c907c468ec88c310ed91213	9380	maua/sao paulo	SP	2018-04-08	2018-04-11	2	2	734.99	367.50	0	2026-05-13 13:24:56.700
1689	89de2d6f23e9746ff309705b23581faa	86060	londrina	PR	2018-07-17	2018-08-03	8	8	340.00	42.50	0	2026-05-13 13:24:56.700
1690	89f69225956f951295ca4c7fb1266553	27700	vassouras	RJ	2018-05-13	2018-08-14	11	12	1041.30	86.78	0	2026-05-13 13:24:56.700
1691	8a130737016f838139d31878787a39c9	3187	sao paulo	SP	2017-12-07	2018-07-20	56	62	4222.03	68.10	0	2026-05-13 13:24:56.700
1692	8a1ff5c35f6595a73fef4c7b96e4908a	83091	sao  jose dos pinhais	PR	2018-06-09	2018-08-01	2	2	1598.00	799.00	0	2026-05-13 13:24:56.700
1693	8a207b6080964f3c1fc9d35bd6096ba4	15155	jaci	SP	2017-09-20	2017-11-03	2	3	553.70	184.57	0	2026-05-13 13:24:56.700
1694	8a2d12a90e92f012ce5226fc6592b653	81210	curitiba	PR	2017-12-23	2018-08-24	18	18	1594.65	88.59	0	2026-05-13 13:24:56.700
1695	8a32e327fe2c1b3511609d81aaf9f042	2443	sao paulo	SP	2016-10-07	2018-02-23	132	180	6429.01	35.72	0	2026-05-13 13:24:56.700
1696	8a40ae794fa3f9892cee24bd5af0488b	82620	curitiba	PR	2017-06-12	2018-06-19	6	6	739.85	123.31	0	2026-05-13 13:24:56.700
1697	8a43128d7f9a3db592b866e6861a6cce	8080	sao paulo	SP	2018-06-25	2018-08-23	3	4	990.60	247.65	0	2026-05-13 13:24:56.700
1698	8a432f4e5b471f8da497d7dc517666e2	19042	presidente prudente	SP	2018-04-05	2018-08-28	95	106	7555.00	71.27	0	2026-05-13 13:24:56.700
1699	8a87611c08849ffeeccab52aa798b6c7	82940	curitiba	PR	2017-01-26	2017-03-04	13	14	2369.80	169.27	0	2026-05-13 13:24:56.700
1700	8a8835a43bda99fd37310ad76c457510	9540	sao caetano do sul	SP	2018-07-16	2018-08-02	2	3	224.34	74.78	0	2026-05-13 13:24:56.700
1701	8a9260f2b0340411d6d2a56bcf4f7378	32180	contagem	MG	2018-02-17	2018-08-17	8	9	1256.00	139.56	0	2026-05-13 13:24:56.700
1702	8ab42aa58097fd4668d60cc648225d5f	74150	goiania	GO	2017-10-11	2018-08-03	20	26	2616.75	100.64	0	2026-05-13 13:24:56.700
1703	8ae520247981aa06bc94abddf5f46d34	88370	navegantes	SC	2017-11-01	2018-08-20	65	65	16320.99	251.09	0	2026-05-13 13:24:56.700
1704	8b11118053756a9a2932f447e11fc1b5	17350	igaracu do tiete	SP	2016-10-06	2016-10-06	1	1	79.99	79.99	0	2026-05-13 13:24:56.700
1705	8b181ee5518df84f18f4e1a43fe07923	87360	goioere	SP	2018-05-30	2018-05-30	1	1	27.90	27.90	0	2026-05-13 13:24:56.700
1706	8b2492b7ff4468839593fafeed55bad9	24451	sao goncalo	RJ	2017-08-29	2018-07-30	29	45	3660.08	81.34	0	2026-05-13 13:24:56.700
1707	8b28d096634035667e8263d57ba3368c	12243	sao jose dos campos	SP	2017-02-28	2018-07-19	143	155	9375.70	60.49	0	2026-05-13 13:24:56.700
1708	8b2d4ab22f42c5cfc338b846decfda60	83820	fazenda rio grande	PR	2018-03-28	2018-08-20	6	9	458.00	50.89	0	2026-05-13 13:24:56.700
1709	8b321bb669392f5163d04c59e235e066	1212	sao paulo	SP	2017-10-27	2018-08-21	943	1018	17535.69	17.23	0	2026-05-13 13:24:56.700
1710	8b655f0855926bcb49f5835d38dfddf6	6192	osasco	SP	2018-05-13	2018-08-17	5	5	1089.50	217.90	0	2026-05-13 13:24:56.700
1711	8b87cd0d43d49b9bdf40f56229364d59	4111	sao paulo	SP	2017-10-10	2017-12-04	5	5	1552.90	310.58	0	2026-05-13 13:24:56.700
1712	8b8cfc8305aa441e4239358c9f6f2485	86020	londrina	PR	2017-01-29	2018-04-11	15	15	11892.00	792.80	0	2026-05-13 13:24:56.700
1713	8b9d6eec4a7eb7d0f9d579ce0b38324d	26562	mesquita	RJ	2018-05-13	2018-08-20	49	53	4232.54	79.86	0	2026-05-13 13:24:56.700
1714	8bb48dc19fccaa8613b6229bf7f452a2	19803	assis	SP	2017-10-17	2018-07-23	82	95	4190.72	44.11	0	2026-05-13 13:24:56.700
1715	8bd0e3abda539b9479c4b44a691be1ec	98910	tres de maio	RS	2017-05-29	2018-01-06	7	13	596.55	45.89	0	2026-05-13 13:24:56.700
1716	8bd0f31cf0a614c658f6763bd02dea69	1222	sao paulo	SP	2017-01-18	2018-08-16	33	35	4455.34	127.30	0	2026-05-13 13:24:56.700
1717	8bdd8e3fd58bafa48af76b2c5fd71974	1552	sao paulo	SP	2018-01-12	2018-08-05	11	11	2324.82	211.35	0	2026-05-13 13:24:56.700
1718	8c0de775f52fe41590b376a3b7c50f68	13178	sumare	SP	2018-03-15	2018-07-03	9	9	672.70	74.74	0	2026-05-13 13:24:56.700
1719	8c16d1f32a54d92897cc437244442e1b	89023	blumenau	SC	2016-10-05	2018-08-24	108	118	5642.60	47.82	0	2026-05-13 13:24:56.700
1720	8c351ed7c326c62123318f4f3246e906	11701	praia grande	SP	2017-12-27	2018-08-18	2	2	114.90	57.45	0	2026-05-13 13:24:56.700
1721	8c3b533c63cca56240f94f1e3a6b18ef	31050	belo horizonte	MG	2017-02-05	2017-08-06	5	8	3312.16	414.02	0	2026-05-13 13:24:56.700
1722	8c5e007d7bd5693fa1386ffefbc99f6c	13347	indaiatuba	SP	2018-06-05	2018-08-19	9	24	1029.11	42.88	0	2026-05-13 13:24:56.700
1723	8c91bfea4263b8fba54081460693e2a1	98920	horizontina	RS	2017-02-05	2017-02-20	2	2	739.00	369.50	0	2026-05-13 13:24:56.700
1724	8c9348f33ae3dada25c99c99ade2af78	6340	carapicuiba	SP	2018-06-19	2018-07-26	2	2	312.99	156.50	0	2026-05-13 13:24:56.700
1725	8ca1551acf9832a4cf467bbbac15851f	83607	campo largo	PR	2018-02-27	2018-08-15	11	12	2176.40	181.37	0	2026-05-13 13:24:56.700
1726	8ca5b19e0263150d2c57afdde2b3d011	9336	maua	SP	2017-10-26	2017-11-23	3	4	180.60	45.15	0	2026-05-13 13:24:56.700
1727	8cb7c5ddf41f4d506eba76e9a4702a25	75110	anapolis	GO	2018-02-07	2018-04-20	2	2	138.00	69.00	0	2026-05-13 13:24:56.700
1728	8cbac7e12637ed9cffa18c7875207478	89254	jaragua do sul	SC	2017-01-26	2018-08-27	67	82	2990.98	36.48	0	2026-05-13 13:24:56.700
1729	8cc6a0e5738e61a87b03c78b2ba9db4b	37795	andradas	MG	2017-02-02	2017-04-28	24	26	13312.40	512.02	0	2026-05-13 13:24:56.700
1730	8ccf3cf69651cc1d8a02c8bfaf3b8568	13504	rio claro	SP	2017-04-22	2017-05-11	2	2	250.00	125.00	0	2026-05-13 13:24:56.700
1731	8cf21434553b02cbd37c0bbd07e041b0	88102	sao jose	SC	2017-11-24	2018-03-15	2	2	94.98	47.49	0	2026-05-13 13:24:56.700
1732	8d46553a36e68f95350a200c12f8f2e2	13056	campinas	SP	2017-08-19	2018-03-15	13	16	746.60	46.66	0	2026-05-13 13:24:56.700
1733	8d79c8a04e42d722a75097ce5cbcf2ef	61658	caucaia	CE	2017-01-27	2018-03-15	27	28	2777.72	99.20	0	2026-05-13 13:24:56.700
1734	8d899e15a5925f097cca50faa49b15e3	18131	sao roque	SP	2018-05-28	2018-08-17	4	10	645.00	64.50	0	2026-05-13 13:24:56.700
1735	8d92f3ea807b89465643c219455e7369	3052	sao paulo	SP	2017-01-25	2017-02-26	3	8	121.20	15.15	0	2026-05-13 13:24:56.700
1736	8d956fec2e4337affcb520f56fd8cbfd	9780	sao bernardo do campo	SP	2017-10-12	2018-08-26	211	228	11015.19	48.31	0	2026-05-13 13:24:56.700
1737	8daab2245ebdc277c51098d01c5ad8ef	8411	sao paulo	SP	2018-04-04	2018-08-22	16	16	1604.59	100.29	0	2026-05-13 13:24:56.700
1738	8dd386be0767c330276ea6a3f96532d3	88490	paulo lopes	SC	2018-08-10	2018-08-10	1	2	89.98	44.99	0	2026-05-13 13:24:56.700
1739	8de8fe3af4449ed695d2434c933ed73e	1215	sao paulo	SP	2018-08-04	2018-08-04	1	1	2090.00	2090.00	0	2026-05-13 13:24:56.700
1740	8def3db7f272735afb2ecd03aeca09a7	28035	rio de janeiro	RJ	2018-07-30	2018-08-06	2	2	196.00	98.00	0	2026-05-13 13:24:56.700
1741	8dfbc5ff27df12f6cef751d3b9554222	80220	curitiba	PR	2018-05-15	2018-08-15	4	4	226.00	56.50	0	2026-05-13 13:24:56.700
1742	8e29d051f810eb22959ede205b462b9f	15131	mirassol	SP	2018-06-10	2018-06-10	2	2	599.80	299.90	0	2026-05-13 13:24:56.700
1743	8e2b3afb420011ef0c88c9d5f11ea526	13060	campinas	SP	2017-11-13	2018-01-29	11	11	1384.50	125.86	0	2026-05-13 13:24:56.700
1744	8e34331b7eedd03be4e5d965c1956225	4009	sao paulo	SP	2018-01-22	2018-07-05	5	5	145.00	29.00	0	2026-05-13 13:24:56.700
1745	8e4f041ff58e7845456d3482524014b3	90250	porto alegre	RS	2018-02-06	2018-03-03	2	2	133.80	66.90	0	2026-05-13 13:24:56.700
1746	8e670472e453ba34a379331513d6aab1	36087	juiz de fora	MG	2017-09-06	2017-09-06	1	1	975.00	975.00	0	2026-05-13 13:24:56.700
1747	8e6cc767478edae941d9bd9eb778d77a	38442	araguari	MG	2017-01-29	2018-06-19	106	114	6830.58	59.92	0	2026-05-13 13:24:56.700
1748	8e6d7754bc7e0f22c96d255ebda59eba	12233	sao jose dos campos	SP	2017-12-30	2018-08-26	85	130	14497.27	111.52	0	2026-05-13 13:24:56.700
1749	8e8a7ce9f2f970dc00e2acf6f6e199f6	24710	sao goncalo	RJ	2017-11-30	2018-08-21	65	66	9101.00	137.89	0	2026-05-13 13:24:56.700
1750	8ea394aed8138685abe1eb9f25e1021d	18053	sorocaba	SP	2017-12-30	2018-06-07	2	2	1340.00	670.00	0	2026-05-13 13:24:56.700
1751	8eb88b0acb3f90a717ad659221471fa7	89504	cacador	SC	2017-09-19	2018-02-04	2	2	119.80	59.90	0	2026-05-13 13:24:56.700
1752	8ec76bb0965af3f007692b26fa9d6623	88804	criciuma	SC	2017-11-17	2017-11-17	1	1	1999.00	1999.00	0	2026-05-13 13:24:56.700
1753	8ed8ea9a57c862f2c18c2fe41f601d56	89030	blumenau	SC	2018-04-11	2018-06-10	19	19	3831.90	201.68	0	2026-05-13 13:24:56.700
1754	8f0fbe2cd4d472157dc1cdef6edecaa9	2755	sao paulo	SP	2017-07-14	2017-09-11	2	2	71.88	35.94	0	2026-05-13 13:24:56.700
1755	8f119a0aee85c0c8fc534629734e94fd	6440	barueri	SP	2017-01-05	2018-08-10	77	83	3733.68	44.98	0	2026-05-13 13:24:56.700
1756	8f2b51a30523cdecddc2f179f351c7d6	4833	sao paulo	SP	2017-04-13	2017-07-01	7	8	1027.90	128.49	0	2026-05-13 13:24:56.700
1757	8f2ce03f928b567e3d56181ae20ae952	5141	pirituba	SP	2017-04-30	2018-08-24	153	175	21712.90	124.07	0	2026-05-13 13:24:56.700
1758	8f54d64f28a993550aa7943f12572959	35160	ipatinga	MG	2017-11-10	2018-08-15	15	16	2755.50	172.22	0	2026-05-13 13:24:56.700
1759	8f580d36c1e9d6fbce95283403c7d447	14090	ribeirao preto	SP	2017-12-18	2018-08-14	8	8	4813.25	601.66	0	2026-05-13 13:24:56.700
1760	8f78f0903005064036736c7173a5c2ed	36325	tiradentes	MG	2017-04-12	2018-07-29	13	21	2113.70	100.65	0	2026-05-13 13:24:56.700
1761	8fb67a334bacec338885b4e9e1708073	85905	toledo	PR	2018-07-15	2018-07-15	1	1	59.90	59.90	0	2026-05-13 13:24:56.700
1762	8fb791022c1fc8909664f48ab7dc636d	3976	sao paulo	SP	2018-07-05	2018-07-22	5	5	8119.95	1623.99	0	2026-05-13 13:24:56.700
1763	8fbd63429be6d3e5e6d1a709b6464802	9130	santo andre	SP	2018-04-18	2018-06-28	6	8	1061.40	132.68	0	2026-05-13 13:24:56.700
1764	8fbe2ee446b97e128471be4ce983dc0d	18103	sorocaba	SP	2018-06-19	2018-08-01	3	3	148.50	49.50	0	2026-05-13 13:24:56.700
1765	8fd3b4468f6425810648177996c14cbd	15015	sao jose do rio preto	SP	2018-06-13	2018-06-13	1	1	354.90	354.90	0	2026-05-13 13:24:56.700
1766	8fdca8e349553f99bc738833a62c8802	2189	sao paulo	SP	2016-10-06	2017-08-09	22	29	989.34	34.12	0	2026-05-13 13:24:56.700
1767	8fe8786ee000001ab51d030dfd4a7bf1	88490	paulo lopes	SC	2017-11-20	2018-06-22	5	5	2255.00	451.00	0	2026-05-13 13:24:56.700
1768	8fec2e460530482132c436cfb5439925	18500	laranjal paulista	SP	2018-01-29	2018-02-22	3	5	468.46	93.69	0	2026-05-13 13:24:56.700
1769	8ff1a9df749e454105c55cda13e79143	17509	marilia	SP	2017-11-06	2018-06-22	13	14	1400.60	100.04	0	2026-05-13 13:24:56.700
1770	8ff38bc3969e67c36c48343a07090f66	8260	sao paulo	SP	2017-08-01	2017-09-29	2	8	3472.00	434.00	0	2026-05-13 13:24:56.700
1771	8fff28c4263ddec387f28d237fb42773	5594	sao paulo	SP	2017-02-25	2018-08-21	4	6	339.40	56.57	0	2026-05-13 13:24:56.700
1772	900ba814c251a692506d7834c1218441	13328	salto	SP	2017-07-04	2018-08-25	88	88	29099.69	330.68	0	2026-05-13 13:24:56.700
1773	901b460cdce0c64e471230d7f2f9f3a3	90620	porto alegre	RS	2017-10-18	2018-07-15	5	5	1904.00	380.80	0	2026-05-13 13:24:56.700
1774	902c99f1ac505c0d18778b61bcd636f7	13840	mogi guacu	SP	2018-07-18	2018-08-10	4	4	157.96	39.49	0	2026-05-13 13:24:56.700
1775	903037660cf848a717166eb7a06d616e	5734	sao paulo	SP	2017-01-23	2018-08-13	45	60	7991.51	133.19	0	2026-05-13 13:24:56.700
1776	90b36c5aeb728d5504a39f435bef0c5f	13835	conchal	SP	2018-07-11	2018-08-02	5	7	207.86	29.69	0	2026-05-13 13:24:56.700
1777	90b57083da5d803237da74daec6dcb2b	80730	curitiba	PR	2018-01-28	2018-04-16	2	2	206.90	103.45	0	2026-05-13 13:24:56.700
1778	90d4125885ab6c86e8820a722be71974	6780	taboao da serra	SP	2018-04-13	2018-04-13	3	5	1299.55	259.91	0	2026-05-13 13:24:56.700
1779	910a922b426b7ff95eaee129ad6c0e1f	15025	sao jose do rio preto	SP	2018-04-04	2018-04-11	2	2	119.80	59.90	0	2026-05-13 13:24:56.700
1780	913fd0ebba70bb919f7254a02239173c	89065	blumenau	SC	2018-07-25	2018-07-25	1	1	159.90	159.90	0	2026-05-13 13:24:56.700
1781	9140bd1d9de28b197dce077bdd687438	13900	amparo	SP	2018-05-21	2018-08-10	6	8	1258.87	157.36	0	2026-05-13 13:24:56.700
1782	9140ef75cc8211c4035935e80e567204	87015	maringa	PR	2018-08-01	2018-08-01	1	1	49.90	49.90	0	2026-05-13 13:24:56.700
1783	91543f9849d68d023e17194926598543	89041	blumenau	SC	2017-08-04	2018-02-22	4	6	834.00	139.00	0	2026-05-13 13:24:56.700
1784	916748bc99315c2d202898ae58b1617e	18040	sorocaba	SP	2017-02-12	2017-11-25	25	32	369.40	11.54	0	2026-05-13 13:24:56.700
1785	916c9de0b5ad957346eeeb12f332687e	80240	curitiba	PR	2017-06-23	2018-07-25	23	28	5480.25	195.72	0	2026-05-13 13:24:56.700
1786	918717417d88a9f9ae9735567e6c7682	5547	sao paulo	SP	2017-12-19	2018-02-27	4	4	345.70	86.43	0	2026-05-13 13:24:56.700
1787	918f6fbcf3ab724d805867303e593a1b	13273	valinhos	SP	2017-02-20	2017-03-02	2	3	79.70	26.57	0	2026-05-13 13:24:56.700
1788	9198786624eaeb375793215cad26cfa6	89136	rodeio	SC	2017-02-02	2018-04-23	9	10	908.30	90.83	0	2026-05-13 13:24:56.700
1789	91f0eec23d4a61d7d7caeefa3f0ad1ca	88704	tubarao	SC	2017-02-08	2018-07-27	11	11	2190.80	199.16	0	2026-05-13 13:24:56.700
1790	91f5779a8731baca4809fdeade81803f	27321	barra mansa	RJ	2017-11-14	2018-04-09	6	6	1971.46	328.58	0	2026-05-13 13:24:56.700
1791	91f848e9f4be368f4318775aac733370	3029	sao paulo	SP	2017-02-22	2017-08-01	63	73	5932.60	81.27	0	2026-05-13 13:24:56.700
1792	9200e6ce317b67196b6b0bad4d4bd567	20771	rio de janeiro	RJ	2017-03-25	2017-03-25	1	1	36.90	36.90	0	2026-05-13 13:24:56.700
1793	921323538c9f1c4e816f2720eac02bea	1319	sao paulo	SP	2017-11-25	2018-08-07	15	17	1401.84	82.46	0	2026-05-13 13:24:56.700
1794	9261d76c62caaf0b24677c2ceb7f8f20	88138	palhoca	SC	2018-07-15	2018-08-20	6	7	968.70	138.39	0	2026-05-13 13:24:56.700
1795	92992bec39dde5766f590d3b1f46d465	4310	sao paulo	SP	2018-04-29	2018-04-29	1	1	109.00	109.00	0	2026-05-13 13:24:56.700
1796	929f342384a6607afe143d789ade1316	86065	londrina	PR	2018-06-20	2018-08-06	4	4	209.40	52.35	0	2026-05-13 13:24:56.700
1797	92c8bc6e8f925792247656fed09aad65	3384	sao paulo	SP	2017-08-30	2017-10-21	3	3	259.70	86.57	0	2026-05-13 13:24:56.700
1798	92d14edfb62ee5ae7fdff70b0f4e7233	9810	sao bernardo do campo	SP	2017-09-11	2018-04-04	8	13	322.00	24.77	0	2026-05-13 13:24:56.700
1799	92eb0f42c21942b6552362b9b114707d	3504	sao paulo	SP	2017-02-05	2018-08-22	341	365	6548.63	17.94	0	2026-05-13 13:24:56.700
1800	9315e491484b1b0081ca166fc164108d	86039	londrina	PR	2018-07-06	2018-07-06	1	1	29.99	29.99	0	2026-05-13 13:24:56.700
1801	933446e9a59dece7ae9175103820ca8f	81730	curitiba	PR	2017-01-24	2017-02-22	2	3	381.39	127.13	0	2026-05-13 13:24:56.700
1802	934ed5cd1b9c1c7382d0a94a94b9e639	81070	curitiba	PR	2017-02-11	2017-02-11	1	1	125.85	125.85	0	2026-05-13 13:24:56.700
1803	939e6227d6964a11a70aa91243e418f2	36408	conselheiro lafaiete	MG	2018-08-15	2018-08-25	4	4	425.00	106.25	0	2026-05-13 13:24:56.700
1804	939f6e231201f26803cb5c3a3d2940b3	17051	bauru	SP	2016-10-04	2016-10-06	3	4	130.60	32.65	0	2026-05-13 13:24:56.700
1805	93b9a99027bd8bd6af682aff18dd19bf	7600	mairipora	SP	2017-01-26	2018-08-05	20	21	1953.00	93.00	0	2026-05-13 13:24:56.700
1806	93bef6edaa84956e8e575016449b6351	3568	sao paulo	SP	2017-07-28	2017-07-28	1	1	115.00	115.00	0	2026-05-13 13:24:56.700
1807	93dc87703c046b603023e75222018b45	30315	belo horizonte	MG	2017-11-08	2018-07-28	35	36	8517.35	236.59	0	2026-05-13 13:24:56.700
1808	94144541854e298c2d976cb893b81343	94451	viamao	RS	2017-02-23	2018-02-06	68	76	17286.28	227.45	0	2026-05-13 13:24:56.700
1809	941554c5757b73ba0e50aa7732310afc	4142	sao paulo	SP	2017-03-05	2017-05-31	3	4	107.69	26.92	0	2026-05-13 13:24:56.700
1810	94165aea8a35c3c21499cbcae239b16c	38412	uberlandia	MG	2018-06-07	2018-06-07	1	1	180.00	180.00	0	2026-05-13 13:24:56.700
1811	94231344608e603693b0a8891143f65d	91520	porto alegre	SP	2018-05-19	2018-08-07	3	3	722.00	240.67	0	2026-05-13 13:24:56.700
1812	9449f25aeaf531019b76999ea49a6949	21040	rio de janeiro	RJ	2017-06-08	2018-04-18	10	10	2046.45	204.65	0	2026-05-13 13:24:56.700
1813	9485a23c0430ba1d58d359391606fce6	9015	santo andre	SP	2017-03-21	2017-12-28	5	5	1129.90	225.98	0	2026-05-13 13:24:56.700
1814	94b9108d4b637ba65bb4f1e53cfcf8d8	7221	guarulhos	SP	2017-09-02	2018-08-03	7	8	234.96	29.37	0	2026-05-13 13:24:56.700
1815	94c49f20a123aeb9360dbf80ff912bf6	18015	sorocaba	SP	2017-05-22	2017-06-05	3	3	277.75	92.58	0	2026-05-13 13:24:56.700
1816	94ca168e8bcb407ab85c5da308863027	16250	clementina	SP	2017-11-21	2018-08-24	5	5	224.30	44.86	0	2026-05-13 13:24:56.700
1817	94d76e96eedd976258cd3278ce56d5f2	18132	sao roque	SP	2018-05-09	2018-05-09	1	1	385.61	385.61	0	2026-05-13 13:24:56.700
1818	94e93ce877be27a515118dbfd2c2be41	15502	votuporanga	SP	2017-04-16	2017-09-13	30	35	5674.57	162.13	0	2026-05-13 13:24:56.700
1819	951e8cef368f09bb3f3d03c00ca4702c	14940	ibitinga	SP	2018-04-16	2018-08-21	64	71	4092.29	57.64	0	2026-05-13 13:24:56.700
1820	9523fb39dd240aa958e040f8183d64f3	1541	sao paulo	SP	2018-08-06	2018-08-06	1	1	146.99	146.99	0	2026-05-13 13:24:56.700
1821	9535a841eecebed61a9fb1ac1cbb5597	1208	sao paulo	SP	2017-01-26	2017-02-10	2	2	784.90	392.45	0	2026-05-13 13:24:56.700
1822	9539213aa8e023c01937bef95dc006da	3673	sao paulo	SP	2017-11-29	2018-03-11	9	9	229.10	25.46	0	2026-05-13 13:24:56.700
1823	954e95f20808d7e5d11f0de292d078e0	35930	joao monlevade	MG	2017-09-09	2017-11-26	3	4	158.78	39.70	0	2026-05-13 13:24:56.700
1824	9558aa23f77a9e0a0eca83540999f43b	86801	apucarana	PR	2017-05-02	2017-05-22	2	2	125.70	62.85	0	2026-05-13 13:24:56.700
1825	955fee9216a65b617aa5c0531780ce60	4782	sao paulo	SP	2017-07-24	2018-08-28	1287	1499	135171.70	90.17	1	2026-05-13 13:24:56.700
1826	9591fc341b1bfb7ef561e2968ec6e011	4456	sao paulo	SP	2017-09-20	2017-09-20	1	1	79.90	79.90	0	2026-05-13 13:24:56.700
1827	9596c870880d900012f2e8e6e30d06d7	37074	varginha	MG	2017-04-20	2018-08-06	22	24	8606.25	358.59	0	2026-05-13 13:24:56.700
1828	9599519be538b98748162a2b48248960	5008	sao paulo	SP	2018-04-08	2018-04-08	1	3	570.00	190.00	0	2026-05-13 13:24:56.700
1829	95b293867b5862941c9cd74f756a3c68	8223	sao paulo	SP	2017-11-27	2018-02-22	9	9	648.10	72.01	0	2026-05-13 13:24:56.700
1830	95cca791657aabeff15a07eb152d7841	85950	palotina	PR	2018-06-30	2018-06-30	1	1	9.99	9.99	0	2026-05-13 13:24:56.700
1831	95e03ca3d4146e4011985981aeb959b9	21210	rio de janeiro	RJ	2017-05-14	2018-08-15	175	193	11009.96	57.05	0	2026-05-13 13:24:56.700
1832	95ec4458365c4d11f452ccf538377619	13481	limeira	SP	2018-01-16	2018-08-20	27	31	1866.76	60.22	0	2026-05-13 13:24:56.700
1833	95f83f51203c626648c875dd41874c7f	37564	borda da mata	MG	2017-11-24	2018-08-20	52	67	3217.46	48.02	0	2026-05-13 13:24:56.700
1834	960945e1a9535cbc0cd6ddd35fbe7ae8	8290	sao paulo	SP	2018-05-07	2018-08-26	28	29	3381.73	116.61	0	2026-05-13 13:24:56.700
1835	9616352088dcf83a7c06637f4ebf1c80	87504	umuarama	PR	2017-02-27	2018-08-22	92	98	5703.00	58.19	0	2026-05-13 13:24:56.700
1836	961dff0a659b4561334372337dd897d9	21510	rio de janeiro	RJ	2017-04-01	2017-08-16	4	4	9946.00	2486.50	0	2026-05-13 13:24:56.700
1837	9646c3513289980f17226a2fc4720dbd	12215	sao jose dos campos	SP	2017-01-25	2018-08-04	71	78	3039.30	38.97	0	2026-05-13 13:24:56.700
1838	96493fab2fbb13a14d0c0e8772eef5c3	5537	sao paulo	SP	2017-02-08	2018-06-05	63	64	18969.00	296.39	0	2026-05-13 13:24:56.700
1839	964ff64dc05b13811c6d0f41e0aa5f6b	4154	sao paulo	SP	2018-07-18	2018-07-18	1	1	180.00	180.00	0	2026-05-13 13:24:56.700
1840	966cb4760537b1404caedd472cc610a5	9920	diadema	SP	2018-03-19	2018-08-08	75	75	51286.05	683.81	0	2026-05-13 13:24:56.700
1841	9674754b5a0cb32b638cec001178f799	4438	sao paulo	SP	2017-06-07	2018-08-22	86	97	5069.92	52.27	0	2026-05-13 13:24:56.700
1842	96804ea39d96eb908e7c3afdb671bb9e	38950	ibia	MG	2017-02-07	2018-04-27	38	40	3610.70	90.27	0	2026-05-13 13:24:56.700
1843	968268a686aa05d1f529fb07dff08130	1530	sao paulo	SP	2018-01-26	2018-08-10	12	12	4677.29	389.77	0	2026-05-13 13:24:56.700
1844	968ee78631915a63fef426d6733d7422	99700	erechim	RS	2017-06-08	2017-11-27	2	2	450.00	225.00	0	2026-05-13 13:24:56.700
1845	96e5dc09087bad639b4ee193104ec2e5	28660	bom jardim	RJ	2018-08-21	2018-08-21	2	2	101.90	50.95	0	2026-05-13 13:24:56.700
1846	96f7c797de9ca20efbe14545bed63eec	14140	cravinhos	SP	2018-04-10	2018-04-10	1	3	138.60	46.20	0	2026-05-13 13:24:56.700
1847	972d0f9cf61b499a4812cf0bfa3ad3c4	88359	brusque	SC	2017-10-22	2018-08-22	83	88	8089.29	91.92	0	2026-05-13 13:24:56.700
1848	973f21788dfab357250f69a8dcb7ddee	35530	claudio	MG	2017-01-25	2018-06-25	10	21	909.00	43.29	0	2026-05-13 13:24:56.700
1849	974cf2cb8f4b7add98709c30df02fe10	14802	araraquara	SP	2017-10-16	2018-08-21	33	33	2982.67	90.38	0	2026-05-13 13:24:56.700
1850	97512d3fc193b2d1dfcdba0f9d1f0f8a	8270	sao paulo	SP	2018-03-20	2018-08-18	12	13	1458.87	112.22	0	2026-05-13 13:24:56.700
1851	977f9f63dd360c2a32ece2f93ad6d306	14910	tabatinga	SP	2017-09-26	2018-08-20	24	25	2858.87	114.35	0	2026-05-13 13:24:56.700
1852	979e9f8b5b39dd243a2550c8b05aecf0	4160	sao paulo	SP	2018-01-25	2018-04-04	3	4	525.00	131.25	0	2026-05-13 13:24:56.700
1853	97e4a63591ca439a2b8b7efd20e6e19e	20520	rio de janeiro	RJ	2018-02-23	2018-08-16	5	5	349.95	69.99	0	2026-05-13 13:24:56.700
1854	97e50a621f8e801f4baf69e08687c192	4209	sao paulo	SP	2018-02-21	2018-02-21	1	1	89.90	89.90	0	2026-05-13 13:24:56.700
1855	97e995629983723d11830a829bc2b246	12604	lorena	SP	2017-11-07	2018-08-16	5	5	499.50	99.90	0	2026-05-13 13:24:56.700
1856	9803a40e82e45418ab7fb84091af5231	75901	rio verde	GO	2018-05-19	2018-08-21	11	18	4278.75	237.71	0	2026-05-13 13:24:56.700
1857	980640c45d7a4635885491d077167e4d	13501	rio claro	SP	2018-07-21	2018-08-22	14	14	1004.29	71.73	0	2026-05-13 13:24:56.700
1858	98115075dd26cb8835946fc6086f5d30	9687	ao bernardo do campo	SP	2018-04-15	2018-08-16	4	4	434.96	108.74	0	2026-05-13 13:24:56.700
1859	984c273121e743dd14767befe6cb17f5	13474	americana	SP	2017-11-25	2017-11-25	1	1	259.60	259.60	0	2026-05-13 13:24:56.700
1860	9853a239ab7b7ebbdc3a21248d5b8e1f	83602	campo largo	PR	2017-04-26	2017-11-28	5	5	381.00	76.20	0	2026-05-13 13:24:56.700
1861	985c92cc412091f8529c12d7f23d3fef	36300	sao joao del rei	MG	2018-05-04	2018-08-20	12	12	1368.50	114.04	0	2026-05-13 13:24:56.700
1862	989becdce12ebc39863c2bceab6f3ca1	81730	curitiba	PR	2016-10-07	2018-07-26	18	18	7840.88	435.60	0	2026-05-13 13:24:56.700
1863	98dac6635aee4995d501a3972e047414	2030	sao paulo	SP	2017-04-26	2018-08-28	91	195	4235.85	21.72	0	2026-05-13 13:24:56.700
1864	98dddbc4601dd4443ca174359b237166	87111	sarandi	PR	2018-07-13	2018-07-23	2	2	158.00	79.00	0	2026-05-13 13:24:56.700
1865	98e164d549402270247f3c96a1a158ef	5083	sao paulo	SP	2017-06-06	2017-08-18	2	2	162.70	81.35	0	2026-05-13 13:24:56.700
1866	98f52e1020fe788c10c0418de4393fec	27963	macae	RJ	2017-08-09	2017-08-09	1	1	21.60	21.60	0	2026-05-13 13:24:56.700
1867	99002261c568a84cce14d43fcffb43ea	78095	cuiaba	MT	2017-10-18	2018-08-13	36	36	4088.00	113.56	0	2026-05-13 13:24:56.700
1868	9906e7aa42a3c067b7c9a564d01c4320	87065	maringa	PR	2018-02-05	2018-08-21	12	16	2619.00	163.69	0	2026-05-13 13:24:56.700
1869	994f04b3718c2bab35c2adfa8afecd2a	13912	jaguariuna	SP	2017-11-13	2018-08-10	49	57	3445.70	60.45	0	2026-05-13 13:24:56.700
1870	9996ae921c50e8dff411ac69c0b4bb8b	17605	tupa	SP	2017-10-17	2017-10-22	2	3	29.70	9.90	0	2026-05-13 13:24:56.700
1871	999f6d9a1c7c81f43be44c6b7d076210	5269	sao paulo	SP	2017-01-26	2017-03-05	2	2	28.00	14.00	0	2026-05-13 13:24:56.700
1872	99a25c39b28a74d1151c35c18d178292	2236	sao paulo	SP	2018-06-13	2018-06-13	1	6	173.94	28.99	0	2026-05-13 13:24:56.700
1873	99a54764c341d5dc80b4a8fac4eba3fb	3273	sao paulo	SP	2018-04-27	2018-08-28	45	67	3708.76	55.35	0	2026-05-13 13:24:56.700
1874	99cd94252748d2bdde08e17858233602	12401	sao paulo	SP	2018-06-21	2018-06-21	2	2	159.80	79.90	0	2026-05-13 13:24:56.700
1875	99eaacc9e6046db1c82b163c5f84869f	14400	franca	SP	2016-10-04	2018-02-18	66	70	13139.17	187.70	0	2026-05-13 13:24:56.700
1876	9a03a4e9eb0b947652fae4f6121a3f5e	15805	catanduva	SP	2018-01-02	2018-08-06	7	7	1497.00	213.86	0	2026-05-13 13:24:56.700
1877	9a1aea68d3efa00862ec88c0768037d0	15806	catanduva	SP	2018-02-09	2018-07-19	7	8	1309.20	163.65	0	2026-05-13 13:24:56.700
1878	9a208dee8f95cfdf00760c4d627828ec	26125	belford roxo	RJ	2017-02-16	2017-02-16	1	1	269.90	269.90	0	2026-05-13 13:24:56.700
1879	9a84ba99f5367fdbd4598363496f1ea2	72801	luziania	GO	2017-03-17	2018-06-29	16	16	2284.98	142.81	0	2026-05-13 13:24:56.700
1880	9aa388272ee334b6ae07bc73706e254a	36886	muriae	MG	2018-03-30	2018-08-17	6	7	678.00	96.86	0	2026-05-13 13:24:56.700
1881	9ac4f14370b1e24ddc58be041b7f99df	76330	jaragua	GO	2018-02-24	2018-07-05	5	5	314.51	62.90	0	2026-05-13 13:24:56.700
1882	9ac75591b69c3402684b6ce0310f22ee	2880	sao paulo	SP	2018-08-21	2018-08-21	1	1	60.50	60.50	0	2026-05-13 13:24:56.700
1883	9add47bf45ce8e8c7db6b9cf670b1e09	83830	fazenda rio grande	PR	2017-02-05	2018-08-18	43	45	4829.24	107.32	0	2026-05-13 13:24:56.700
1884	9b00cad94ef3078faf6fba2e792c158f	39442	janauba	MG	2017-12-20	2017-12-20	1	1	354.90	354.90	0	2026-05-13 13:24:56.700
1885	9b00ed88b7fdb95d6ff76e27c1b52d16	8215	sao paulo	SP	2017-08-25	2018-08-03	47	51	1627.88	31.92	0	2026-05-13 13:24:56.700
1886	9b013e03b2ab786505a1d3b5c0756754	11450	vicente de carvalho	SP	2017-10-19	2018-08-27	174	225	9027.40	40.12	0	2026-05-13 13:24:56.700
1887	9b1050e85becf3ae99c1cf4934c9bc5d	39400	montes claros	MG	2017-09-21	2017-11-06	2	2	85.14	42.57	0	2026-05-13 13:24:56.700
1888	9b1585752613ec342d03bbab9997ec48	22745	rio de janeiro	RJ	2018-08-07	2018-08-19	3	3	4248.98	1416.33	0	2026-05-13 13:24:56.700
1889	9b1ab052f5fca308ba743ac789ebb2e1	85200	pitanga	PR	2017-04-05	2017-05-07	2	2	294.09	147.05	0	2026-05-13 13:24:56.700
1890	9b1f656ca3060f8af17a50d8a024b533	11013	santos	SP	2018-07-25	2018-08-22	2	2	41.00	20.50	0	2026-05-13 13:24:56.700
1891	9b522ba7eae9e1d04082f267144583cc	4843	sao paulo	SP	2017-05-17	2018-04-10	4	6	1507.60	251.27	0	2026-05-13 13:24:56.700
1892	9b76ad3d04236f76bc71c59470305e13	18550	boituva	SP	2018-08-07	2018-08-07	2	3	394.70	131.57	0	2026-05-13 13:24:56.700
1893	9bade61a92bed55a25d2b67b9f4ed739	83005	sao jose dos pinhais	PR	2018-03-07	2018-03-29	2	3	117.68	39.23	0	2026-05-13 13:24:56.700
1894	9baf5cb77970f539089d09a38bcec5c3	13330	indaiatuba	SP	2017-01-21	2018-08-05	32	33	6129.67	185.75	0	2026-05-13 13:24:56.700
1895	9bc484c87d79cd4874e05ca182658045	2422	sao paulo	SP	2017-11-23	2018-05-02	9	9	1120.00	124.44	0	2026-05-13 13:24:56.700
1896	9bcdfa7b615b3abb9461d9e3ad9886ae	89053	blumenau	SC	2017-01-31	2018-04-16	14	20	2126.07	106.30	0	2026-05-13 13:24:56.700
1897	9bf11dfc0bec77e5a23028043c3c5a8f	32140	contagem	MG	2017-11-24	2017-11-24	1	1	115.00	115.00	0	2026-05-13 13:24:56.700
1898	9c068d10aca38e85c50202e17b4a7e88	79400	coxim	MS	2017-10-12	2018-07-30	17	17	2658.90	156.41	0	2026-05-13 13:24:56.700
1899	9c0e69c7bf2619675bbadf47b43f655a	12230	sao jose dos campos	SP	2017-05-07	2018-06-20	157	206	33702.78	163.61	0	2026-05-13 13:24:56.700
1900	9c1c0c36cd23c20897e473901a8fb149	11702	praia grande	SP	2018-05-18	2018-08-23	6	7	544.97	77.85	0	2026-05-13 13:24:56.700
1901	9c351405b754cc5ce3e2ecf277bb034a	3134	sao paulo	SP	2017-03-28	2017-03-28	1	1	45.00	45.00	0	2026-05-13 13:24:56.700
1902	9c3a1c416c765687bc79a04113269929	35547	carmo da mata	MG	2018-02-01	2018-02-01	1	1	74.90	74.90	0	2026-05-13 13:24:56.700
1903	9c3c24eca51c52b91c1de727d2a2ae06	95020	caxias do sul	RS	2016-10-10	2018-05-21	6	6	307.50	51.25	0	2026-05-13 13:24:56.700
1904	9c4d31c7e46ab03a43fc06e3142afd4e	20785	rio de janeiro	RJ	2018-08-14	2018-08-20	2	2	1218.90	609.45	0	2026-05-13 13:24:56.700
1905	9c54608f0996c32ae4743089d915f845	87900	loanda	PR	2018-06-22	2018-07-18	3	3	194.80	64.93	0	2026-05-13 13:24:56.700
1906	9c57bc60cfad5ee62d35d3f1ce4593a1	81200	curitiba	PR	2017-04-26	2017-04-26	1	1	180.00	180.00	0	2026-05-13 13:24:56.700
1907	9c690ceacd5c66731bf443ea810195cb	37650	camanducaia	MG	2017-08-22	2018-08-06	10	12	871.80	72.65	0	2026-05-13 13:24:56.700
1908	9c7fd21e0aa159b20da593371f08ff7c	6180	osasco	SP	2018-03-14	2018-08-21	7	8	798.30	99.79	0	2026-05-13 13:24:56.700
1909	9cad4b68bb993ee401a3c5aaa2bc26dd	16200	birigui	SP	2018-01-16	2018-07-15	5	7	649.30	92.76	0	2026-05-13 13:24:56.700
1910	9cea4682e16655f7da87f406902e989e	83707	araucaria	PR	2017-03-22	2018-02-02	4	9	87.76	9.75	0	2026-05-13 13:24:56.700
1911	9cf787a239c1aa29dbd76f153dc13f9a	14403	franca	SP	2018-06-05	2018-08-16	4	4	316.00	79.00	0	2026-05-13 13:24:56.700
1912	9d213f303afae4983637247556438ede	14940	ibitinga	SP	2018-07-14	2018-07-24	2	3	47.70	15.90	0	2026-05-13 13:24:56.700
1913	9d39404483343dd55c7ae254494d8388	1044	sao paulo	SP	2017-11-25	2018-04-24	10	10	293.20	29.32	0	2026-05-13 13:24:56.700
1914	9d489893ff6af05029671b785f54b998	13613	leme	SP	2017-06-22	2018-08-23	5	6	298.70	49.78	0	2026-05-13 13:24:56.700
1915	9d4db00d65d7760644ac0c14edb5fd86	18025	sorocaba	SP	2017-12-24	2018-08-18	98	100	9979.70	99.80	0	2026-05-13 13:24:56.700
1916	9d5604a1f112324ad6b2aa552122e0fb	88075	florianopolis	SP	2017-11-14	2018-04-16	13	17	421.50	24.79	0	2026-05-13 13:24:56.700
1917	9d5a9018aee56acb367ba9c3f05d1d6a	74930	aparecida de goiania	GO	2017-03-11	2018-03-21	67	79	10292.31	130.28	0	2026-05-13 13:24:56.700
1918	9d681c7e12db302cb261e721040dde65	80330	curitiba	PR	2018-05-21	2018-08-16	13	14	785.60	56.11	0	2026-05-13 13:24:56.700
1919	9d69ba0a7a626a64dc5db08e529559cf	14075	ribeirao preto	SP	2018-07-13	2018-07-13	1	1	19.30	19.30	0	2026-05-13 13:24:56.700
1920	9d7a1d34a5052409006425275ba1c2b4	14403	franca	SP	2017-07-17	2018-08-20	13	16	1054.82	65.93	0	2026-05-13 13:24:56.700
1921	9da15f4a4ea758d9eeb49000dbe57e22	6290	osasco	SP	2018-07-31	2018-07-31	1	1	196.90	196.90	0	2026-05-13 13:24:56.700
1922	9da1ca0bef29ee170e541927a5aeabdc	15500	votuporanga	SP	2017-06-17	2017-09-25	6	6	1484.40	247.40	0	2026-05-13 13:24:56.700
1923	9dc79dd988ac42f4d56c340d7048420a	3569	sao paulo	SP	2018-08-09	2018-08-27	4	4	749.60	187.40	0	2026-05-13 13:24:56.700
1924	9dd459b29a14bf89d47183cf2cd0e4c7	4716	sao paulo	SP	2018-01-14	2018-08-04	2	2	180.00	90.00	0	2026-05-13 13:24:56.700
1925	9dd59e43f0c9f0553244e8f9c2fb247e	85851	foz do iguacu	PR	2017-10-15	2018-01-23	10	10	356.30	35.63	0	2026-05-13 13:24:56.700
1926	9dda5bbacd45e18d6485fee649205d09	37540	santa rita do sapucai	MG	2017-03-27	2018-08-07	19	22	1912.60	86.94	0	2026-05-13 13:24:56.700
1927	9de4643a8dbde634fe55621059d92273	89225	joinville	SC	2017-01-13	2018-02-21	72	81	17560.34	216.79	0	2026-05-13 13:24:56.700
1928	9df5750209b83567ec144eb299d7d634	93032	sao leopoldo	RS	2016-10-07	2018-07-20	11	11	4917.00	447.00	0	2026-05-13 13:24:56.700
1929	9e17b9d64683aebcbb9ee362d06463b4	14020	ribeirao preto	SP	2017-02-19	2017-02-22	2	3	98.70	32.90	0	2026-05-13 13:24:56.700
1930	9e25199f6ef7e7c347120ff175652c3b	12051	taubate	SP	2017-03-27	2017-03-27	1	1	12.50	12.50	0	2026-05-13 13:24:56.700
1931	9e6229250fedbe05838fef417b74e7fb	16800	mirandopolis	SP	2017-09-24	2018-08-22	74	78	13132.20	168.36	0	2026-05-13 13:24:56.700
1932	9e6967d3cf386d284251784b18ccb485	9550	sao caetano do sul	SP	2018-06-12	2018-08-14	9	11	517.67	47.06	0	2026-05-13 13:24:56.700
1933	9e7c5f4d7770eab65738cca38f9efccf	2562	sao paulo	SP	2018-06-01	2018-08-07	2	2	184.80	92.40	0	2026-05-13 13:24:56.700
1934	9e94fa26a70ede4d26226e918e8706a2	13570	sao carlos	SP	2017-08-04	2017-08-04	1	1	62.80	62.80	0	2026-05-13 13:24:56.700
1935	9e9b539eb2806acee3f5c28085c1db9f	32315	contagem	MG	2017-11-22	2017-12-07	3	3	967.00	322.33	0	2026-05-13 13:24:56.700
1936	9ed65337433adfbedefd23dd76eaa494	5462	sao paulo	SP	2017-12-19	2018-08-01	6	6	1262.60	210.43	0	2026-05-13 13:24:56.700
1937	9ef932e837d8b7f392c0bfee9d359dc2	14940	ibitinga	SP	2017-11-20	2017-11-20	1	1	59.90	59.90	0	2026-05-13 13:24:56.700
1938	9f50216bfd01913736a55a11b55ea842	12020	taubate	SP	2018-06-22	2018-08-18	17	19	1354.00	71.26	0	2026-05-13 13:24:56.700
1939	9f505651f4a6abe901a56cdc21508025	4102	sao paulo	SP	2017-10-05	2018-08-29	397	430	26361.82	61.31	0	2026-05-13 13:24:56.700
1940	9f56a7a649097b166d8ed286ad86a15c	21041	rio de janeiro	RJ	2017-11-06	2017-11-08	2	2	27.98	13.99	0	2026-05-13 13:24:56.700
1941	9fbd5666d8618fa571c4230fafa09bd6	4360	sao paulo	SP	2017-08-30	2017-08-30	1	1	79.90	79.90	0	2026-05-13 13:24:56.700
1942	9fc70243fb26800cba56e8f014797004	30270	belo horizonte	MG	2017-11-13	2018-07-29	6	7	466.60	66.66	0	2026-05-13 13:24:56.700
1943	9fe7c6641c79970ab48185498f547c09	3147	sao paulo	SP	2017-07-10	2017-07-10	1	1	130.00	130.00	0	2026-05-13 13:24:56.700
1944	a00824eb9093d40e589b940ec45c4eb0	18590	bofete	SP	2017-10-05	2018-04-09	3	3	9399.97	3133.32	0	2026-05-13 13:24:56.700
1945	a0415d9b25ede3c4b1e477e9916ffc03	26255	nova iguacu	RJ	2017-04-09	2018-01-09	10	10	4044.10	404.41	0	2026-05-13 13:24:56.700
1946	a066df7361163e7ddc5d7452dd17448b	14401	franca	SP	2017-12-12	2018-05-12	15	17	1078.30	63.43	0	2026-05-13 13:24:56.700
1947	a06c8ff043abea0528ee44171e2140a2	35501	divinopolis	MG	2018-02-22	2018-08-09	8	8	514.50	64.31	0	2026-05-13 13:24:56.700
1948	a080fc8a850289b27500f6b49cca2553	3382	sao paulo	SP	2018-03-13	2018-06-25	4	4	383.00	95.75	0	2026-05-13 13:24:56.700
1949	a08692680c77d30a0b4280da5df01c5a	4719	sao paulo	SP	2017-04-07	2018-01-26	6	17	2433.00	143.12	0	2026-05-13 13:24:56.700
1950	a09a13f18ed27932d08438aa6f12756e	93800	sapiranga	RS	2017-10-28	2017-10-28	1	1	29.90	29.90	0	2026-05-13 13:24:56.700
1951	a0a14e50070f3225b3eabba5b85da517	81900	curitiba	PR	2018-07-30	2018-08-15	4	4	176.20	44.05	0	2026-05-13 13:24:56.700
1952	a0d7fbb07bb5ebc3b05980e750db56f3	8500	ferraz de vasconcelos	SP	2018-05-04	2018-08-12	3	4	848.99	212.25	0	2026-05-13 13:24:56.700
1953	a0e19590a0923cdd0614ea9427713ced	83075	sao jose dos pinhais	PR	2017-05-10	2017-06-25	2	7	258.30	36.90	0	2026-05-13 13:24:56.700
1954	a1040efe9ff4a6f93c28b0499eada8f5	13210	jundiai	SP	2018-02-03	2018-02-03	1	1	1658.83	1658.83	0	2026-05-13 13:24:56.700
1955	a1043bafd471dff536d0c462352beb48	37175	ilicinea	MG	2017-02-14	2018-08-25	718	770	101901.16	132.34	1	2026-05-13 13:24:56.700
1956	a11a0e0ca67423425691db355cff69b0	13330	indaiatuba	SP	2018-07-31	2018-07-31	2	2	448.90	224.45	0	2026-05-13 13:24:56.700
1957	a13580f0e8f782b7a543885a0ef99f08	22790	rio de janeiro	RJ	2017-08-17	2018-05-07	10	10	1304.90	130.49	0	2026-05-13 13:24:56.700
1958	a13aaf2d2886ab9fb30fb9a920160b8f	89207	joinville	SC	2018-07-22	2018-08-02	4	4	1011.52	252.88	0	2026-05-13 13:24:56.700
1959	a1474fd46fd3430168f7ec202da39408	83321	pinhais	SP	2017-02-21	2017-10-22	12	14	2752.50	196.61	0	2026-05-13 13:24:56.700
1960	a150c540f572d0fb53992264bc5c10b5	18035	sorocaba	SP	2018-02-04	2018-02-04	1	1	119.90	119.90	0	2026-05-13 13:24:56.700
1961	a1544b9ea0b2390e020537d4daa89049	13211	jundiai	SP	2017-02-17	2018-08-16	8	8	841.20	105.15	0	2026-05-13 13:24:56.700
1962	a154d7316f158bb42e6fa18bbe3afd3a	3804	sao paulo	SP	2017-03-06	2017-03-10	2	2	139.80	69.90	0	2026-05-13 13:24:56.700
1963	a17f621c590ea0fab3d5d883e1630ec6	18055	sorocaba	SP	2017-03-23	2018-04-05	65	80	2778.58	34.73	0	2026-05-13 13:24:56.700
1964	a1bea7061f61f6fdd9a85a6325ba1033	6311	carapicuiba / sao paulo	SP	2018-06-27	2018-08-26	9	9	810.95	90.11	0	2026-05-13 13:24:56.700
1965	a1bea9970d8f65b240555f99c2214f7f	83323	pinhais	PR	2018-07-23	2018-07-23	1	1	75.00	75.00	0	2026-05-13 13:24:56.700
1966	a1ed30492b3b798bc121845bc4aa7366	4708	sao paulo	SP	2017-07-03	2017-07-03	1	2	41.80	20.90	0	2026-05-13 13:24:56.700
1967	a20d8058c866dbaeca014d2cd20ac62e	12209	sao jose dos campos	SP	2017-12-20	2018-05-16	2	2	1194.00	597.00	0	2026-05-13 13:24:56.700
1968	a213f1bd6458f4a158f3746cb2514559	87043	maringa	PR	2018-05-30	2018-05-30	1	1	41.52	41.52	0	2026-05-13 13:24:56.700
1969	a218df5c097b0ca409cfaac1488cc7f6	14806	araraquara	SP	2018-05-03	2018-06-26	4	4	130.69	32.67	0	2026-05-13 13:24:56.700
1970	a21c11ec5c3f03e7cc9f9203bff9e1c6	6513	santana de parnaiba	SP	2018-08-03	2018-08-07	3	4	385.00	96.25	0	2026-05-13 13:24:56.700
1971	a23266650e7c84bb93fbbba502137478	90220	porto alegre	RS	2017-08-04	2017-12-29	11	16	1512.40	94.53	0	2026-05-13 13:24:56.700
1972	a247197e2e9c19a6a53a6888cb8b660f	15056	sao jose do rio preto	SP	2017-12-20	2017-12-23	2	2	798.00	399.00	0	2026-05-13 13:24:56.700
1973	a254c682cc01e119f83530446f1df9a9	16500	cafelandia	SP	2018-03-19	2018-08-22	6	7	569.40	81.34	0	2026-05-13 13:24:56.700
1974	a2a41aedb70551d4a85aa04dc2fced48	4447	sao paulo	SP	2017-11-16	2017-12-03	2	2	52.79	26.39	0	2026-05-13 13:24:56.700
1975	a2b5b6105ea5942300631d2e76f4ffe0	6283	osasco	SP	2018-05-25	2018-08-20	16	16	3286.69	205.42	0	2026-05-13 13:24:56.700
1976	a2b911e9ad40dc7d61c142a4683e2d85	27353	barra mansa	RJ	2017-05-10	2017-05-10	1	1	85.90	85.90	0	2026-05-13 13:24:56.700
1977	a2deecd5398f5df4987110c80a1972a3	5043	sao paulo	SP	2018-04-04	2018-08-16	16	16	827.43	51.71	0	2026-05-13 13:24:56.700
1978	a2e85714b56b1cb6bb24a9a6e6cad36f	14530	miguelopolis	SP	2017-10-30	2017-10-30	2	3	339.70	113.23	0	2026-05-13 13:24:56.700
1979	a2e874074c877c5a05abae80ad6e488f	15070	sao jose do rio preto	SP	2017-03-21	2018-08-26	44	46	8071.98	175.48	0	2026-05-13 13:24:56.700
1980	a2fa0bdc798ee84cdb08281337cf4fb6	88063	florianopolis	SC	2017-03-08	2018-03-16	10	13	392.75	30.21	0	2026-05-13 13:24:56.700
1981	a3082f442524a1be452e3189e003b361	81560	curitiba	SP	2017-07-10	2018-08-09	3	4	301.60	75.40	0	2026-05-13 13:24:56.700
1982	a35124e2d763d7ca3fbe3b97d143200f	4041	sao paulo	SP	2017-03-15	2017-05-08	4	7	411.50	58.79	0	2026-05-13 13:24:56.700
1983	a353b1083c9863d756d9404695016d64	29150	cariacica	ES	2017-12-07	2017-12-07	1	1	120.00	120.00	0	2026-05-13 13:24:56.700
1984	a35ef466c6fd6d052f5d241240d3c5e2	93347	novo hamburgo	RS	2017-08-14	2017-09-30	3	3	569.90	189.97	0	2026-05-13 13:24:56.700
1985	a369d693961cb93b61ca2cc518872a85	15081	sao jose do rio preto	SP	2017-11-15	2018-07-21	11	18	2597.00	144.28	0	2026-05-13 13:24:56.700
1986	a36ac007a4d18f865c8d32c3b2402c2d	6455	barueri	SP	2017-01-22	2017-09-06	9	9	1359.78	151.09	0	2026-05-13 13:24:56.700
1987	a36b125ac6d5fdbc7f50de85c9157bdc	14020	ribeirao preto	SP	2016-10-10	2018-08-04	24	26	1843.64	70.91	0	2026-05-13 13:24:56.700
1988	a37c340b91cb0169e8b029db6440fba2	4424	sao paulo	SP	2017-06-26	2017-09-14	5	5	345.00	69.00	0	2026-05-13 13:24:56.700
1989	a3a38f4affed601eb87a97788c949667	89204	joinville	SC	2016-10-05	2018-08-23	254	263	26533.32	100.89	0	2026-05-13 13:24:56.700
1990	a3b0df0065e264a91b7bbf5f844af5cd	9721	sao bernardo do capo	SP	2017-09-20	2017-09-23	2	2	186.69	93.34	0	2026-05-13 13:24:56.700
1991	a3b42d266fa8afc874b909422ce88582	14620	orlandia	SP	2018-07-31	2018-07-31	1	6	839.40	139.90	0	2026-05-13 13:24:56.700
1992	a3dd39f583bc80bd8c5901c95878921e	41342	salvador	BA	2017-08-23	2018-04-10	34	37	4607.81	124.54	0	2026-05-13 13:24:56.700
1993	a3e9a2c700480d9bb01fba070ba80a0e	14940	ibitinga	SP	2017-05-09	2018-08-19	130	144	13440.80	93.34	0	2026-05-13 13:24:56.700
1994	a3f0b55de503387383c7b1de3ad7f678	82400	curitiba	PR	2017-09-26	2018-05-21	24	26	4348.40	167.25	0	2026-05-13 13:24:56.700
1995	a3fa18b3f688ec0fca3eb8bfcbd2d5b3	4557	sa?o paulo	SP	2018-04-30	2018-04-30	1	2	47.80	23.90	0	2026-05-13 13:24:56.700
1996	a414555ce331b8c8aea4a9cb8395194d	3638	sao paulo	SP	2018-03-10	2018-05-04	7	8	1450.95	181.37	0	2026-05-13 13:24:56.700
1997	a416b6a846a11724393025641d4edd5e	3702	sao paulo	SP	2017-01-26	2018-08-21	162	181	25670.72	141.83	0	2026-05-13 13:24:56.700
1998	a420f60ff1aa9acc80d0e42959f2b313	5138	sao paulo	SP	2017-08-16	2018-08-13	67	69	7443.30	107.87	0	2026-05-13 13:24:56.700
1999	a425f92c199eb576938df686728acd20	81050	curitiba	PR	2016-09-05	2018-07-30	17	19	1165.80	61.36	0	2026-05-13 13:24:56.700
2000	a435b009cd956ea60748b5cfbddf2e24	14406	franca	SP	2017-05-09	2017-07-26	3	3	361.18	120.39	0	2026-05-13 13:24:56.700
2001	a44fb5a447105f8469bdf16bf9159f25	91920	porto alegre	RS	2017-11-21	2018-08-03	19	19	3706.10	195.06	0	2026-05-13 13:24:56.700
2002	a45314082d50d578a4721c9787ce09ab	15130	mirassol	SP	2018-08-02	2018-08-18	2	2	424.90	212.45	0	2026-05-13 13:24:56.700
2003	a45765f8afb1e594b22bf9e974b46765	2411	sao paulo	SP	2017-03-09	2017-03-09	1	1	79.99	79.99	0	2026-05-13 13:24:56.700
2004	a478c7961d6a992065b24e63b366f90b	89036	blumenau	SC	2017-02-09	2018-02-21	8	9	1281.50	142.39	0	2026-05-13 13:24:56.700
2005	a49928bcdf77c55c6d6e05e09a9b4ca5	3017	sao paulo	SP	2017-06-07	2018-05-27	98	106	8816.70	83.18	0	2026-05-13 13:24:56.700
2006	a4b6b9b992b46e9ef863637af96e04bc	88090	florianopolis	SC	2017-03-23	2017-07-01	7	14	7147.00	510.50	0	2026-05-13 13:24:56.700
2007	a4b8d97cd5d3674eeff96abc99d8ed67	13177	sumare	SP	2018-06-13	2018-06-13	1	1	214.08	214.08	0	2026-05-13 13:24:56.700
2008	a4bd6e9adf39b63f43dc545d3ca1f53d	21020	rio de janeiro	RJ	2017-04-15	2018-05-03	4	5	1848.59	369.72	0	2026-05-13 13:24:56.700
2009	a4e634166243bbb3a13fa584463fa468	6286	osasco	SP	2018-02-26	2018-04-28	2	2	155.55	77.78	0	2026-05-13 13:24:56.700
2010	a4fc6eadaff1576af888509a53420f6a	9561	sao caetano do sul	SP	2018-05-22	2018-05-22	1	1	100.86	100.86	0	2026-05-13 13:24:56.700
2011	a513150f33f99a06569e9cd5c4bb889b	1545	sao paulo	SP	2017-11-27	2017-12-01	2	2	677.00	338.50	0	2026-05-13 13:24:56.700
2012	a5259c149128e82c9d6d46e0c1c812bb	76900	ji parana	RO	2017-07-31	2018-03-09	8	8	1182.26	147.78	0	2026-05-13 13:24:56.700
2013	a53f60f05f822b5c621a50ff6a5cb362	38402	uberlandia	MG	2018-06-25	2018-08-17	4	6	415.40	69.23	0	2026-05-13 13:24:56.700
2014	a56a8043ebf66e42119618fb8cf232c6	89219	joinville	SC	2018-08-03	2018-08-03	1	1	83.00	83.00	0	2026-05-13 13:24:56.700
2015	a56e351445e5863fc8960640ba9190c7	88306	itajai	SC	2018-04-06	2018-04-27	3	4	760.92	190.23	0	2026-05-13 13:24:56.700
2016	a5a1bfcf728ab0e19182959cf0771ee4	13960	socorro	SP	2018-01-07	2018-08-20	21	24	1812.96	75.54	0	2026-05-13 13:24:56.700
2017	a5bff0f43eb51f0cad7c37fac7244c8a	4827	sao paulo	SP	2017-02-20	2017-09-27	4	5	445.00	89.00	0	2026-05-13 13:24:56.700
2018	a5cba26a62b8b4d0145b68b841e62e7f	87303	campo mourao	PR	2017-07-22	2018-08-20	54	55	14737.84	267.96	0	2026-05-13 13:24:56.700
2019	a5dd1946fb63ada8bcaa0c9cd8f11e22	55002	caruaru	PE	2017-09-08	2018-03-11	6	7	219.62	31.37	0	2026-05-13 13:24:56.700
2020	a5ff20ff766e7f50bd5066f33da14413	5522	sao paulo	SP	2018-08-19	2018-08-19	2	4	66.59	16.65	0	2026-05-13 13:24:56.700
2021	a61cc04793308395a840807104365121	13240	jarinu	SP	2018-05-03	2018-05-03	1	1	14.63	14.63	0	2026-05-13 13:24:56.700
2022	a63bfbaa882c8f4542891b4e2246cc7f	24355	niteroi	RJ	2018-06-11	2018-08-23	7	7	6772.00	967.43	0	2026-05-13 13:24:56.700
2023	a64e44665225d19dfc0277eeeaaccc57	19400	sao paulo	SP	2018-06-22	2018-08-22	6	6	335.00	55.83	0	2026-05-13 13:24:56.700
2024	a663d9c3797e90eac99ff60939416a56	3951	sao paulo	SP	2018-05-16	2018-05-16	1	1	235.00	235.00	0	2026-05-13 13:24:56.700
2025	a673821011d0cec28146ea42f5ab767f	3809	sao paulo	SP	2017-02-27	2018-08-22	129	146	13863.69	94.96	0	2026-05-13 13:24:56.700
2026	a67780aba9dd436e7ac0aa1f889e73ec	19027	presidente prudente	SP	2017-11-24	2018-08-06	6	6	863.00	143.83	0	2026-05-13 13:24:56.700
2027	a69aa24cec11168e7e39a3fbc727e925	6330	carapicuiba	SP	2018-06-13	2018-07-18	3	3	105.97	35.32	0	2026-05-13 13:24:56.700
2028	a6bd7d1ccdac48c6b33b28596b7eb122	58280	mamanguape	PB	2017-06-28	2018-07-22	16	16	14368.61	898.04	0	2026-05-13 13:24:56.700
2029	a6fe7de3d16f6149ffe280349a8535a0	14401	franca	SP	2017-07-11	2018-08-06	51	52	2904.80	55.86	0	2026-05-13 13:24:56.700
2030	a70e9066dbfd10b6b97a3f54a1356762	86975	mandaguari	PR	2017-04-25	2017-11-20	2	4	1716.00	429.00	0	2026-05-13 13:24:56.700
2031	a72c2f59332659e361d647515c698798	95270	flores da cunha	RS	2018-01-14	2018-07-16	5	6	802.90	133.82	0	2026-05-13 13:24:56.700
2032	a72f15980dc3e9bfd1a49ac9b2f3af65	17512	marilia	SP	2018-07-25	2018-07-25	1	1	89.90	89.90	0	2026-05-13 13:24:56.700
2033	a7a9b880c49781da66651ccf4ba9ac38	13530	itirapina	SP	2018-06-13	2018-06-13	3	4	307.60	76.90	0	2026-05-13 13:24:56.700
2034	a7b7354cc588f7566a848bcbb1ce3d96	1215	sao paulo	SP	2017-03-13	2017-03-23	2	2	79.80	39.90	0	2026-05-13 13:24:56.700
2035	a7c53f6b3b61adbdaa99dda97e8cbd56	14780	barretos	SP	2017-03-06	2017-03-06	1	1	99.00	99.00	0	2026-05-13 13:24:56.700
2036	a7c88262832dfc683781d6a421edefae	8710	mogi das cruzes	SP	2017-03-13	2018-02-12	5	5	1520.00	304.00	0	2026-05-13 13:24:56.700
2037	a7d0f8dd44f57ef6de7f7f02e3d82630	3225	sao paulo	SP	2018-06-25	2018-08-19	2	2	73.79	36.89	0	2026-05-13 13:24:56.700
2038	a7dc4098e4da6e41b426269d12ae7e91	4386	sao paulo	SP	2018-07-19	2018-08-10	2	3	518.00	172.67	0	2026-05-13 13:24:56.700
2039	a7ecf689b40a44361e259b28939023e4	29102	vila velha	ES	2018-07-13	2018-07-13	1	1	389.00	389.00	0	2026-05-13 13:24:56.700
2040	a7f13822ceb966b076af67121f87b063	8577	itaquaquecetuba	SP	2016-10-04	2017-05-04	75	86	12477.64	145.09	0	2026-05-13 13:24:56.700
2041	a806a4bb063ea7ca6d374eafa50a6058	29161	serra	ES	2018-01-02	2018-02-12	5	6	294.40	49.07	0	2026-05-13 13:24:56.700
2042	a81466620e46a6970b22ef40379fdfc9	88730	sao ludgero	SC	2017-10-11	2017-10-13	2	2	321.80	160.90	0	2026-05-13 13:24:56.700
2043	a8739afb32aaa45e01815ca76f76f54b	9850	sao bernardo do campo	SP	2018-06-07	2018-08-06	13	15	298.83	19.92	0	2026-05-13 13:24:56.700
2044	a888faf2d1baececa6baf9c3d603ee1f	87502	umuarama	PR	2017-01-28	2018-05-02	54	55	17765.80	323.01	0	2026-05-13 13:24:56.700
2045	a89e143d5211473ae18db9577ee34b64	13486	limeira	SP	2017-06-04	2017-10-07	2	2	140.00	70.00	0	2026-05-13 13:24:56.700
2046	a90a5da8b09e44264a177c0374a5ac87	84010	ponta grossa	PR	2017-02-20	2017-03-08	3	3	74.70	24.90	0	2026-05-13 13:24:56.700
2047	a938325a4b357fd23a6a4d5bb126408e	26510	nilopolis	RJ	2017-09-15	2018-08-14	24	25	3231.00	129.24	0	2026-05-13 13:24:56.700
2048	a9415cf907dfa12f9ed18693244f5329	36320	prados	MG	2018-01-19	2018-01-19	1	2	210.00	105.00	0	2026-05-13 13:24:56.700
2049	a99504ac23ed125aaf5302af6cc30af9	14300	batatais	SP	2017-10-14	2017-10-14	1	1	978.00	978.00	0	2026-05-13 13:24:56.700
2050	a9ae440659f48b7849df83e82734150b	9015	santo andre	SP	2017-10-13	2017-10-13	1	1	285.00	285.00	0	2026-05-13 13:24:56.700
2051	a9b533a26e898b12e8b8d4c07279bf4d	21545	rio de janeiro	RJ	2017-07-31	2017-12-08	4	4	119.60	29.90	0	2026-05-13 13:24:56.700
2052	aa17b35ce4de7b565be3249ba838944f	13214	jundiai	SP	2017-08-24	2017-09-01	2	2	79.80	39.90	0	2026-05-13 13:24:56.700
2053	aa1eb17b9fdf6dfd546e25c45c7b9235	4794	sao paulo	SP	2017-12-01	2018-04-25	3	4	117.99	29.50	0	2026-05-13 13:24:56.700
2054	aa2640d851ec322526f1295bbeb20092	1156	sao paulo	SP	2018-05-06	2018-05-06	1	2	159.98	79.99	0	2026-05-13 13:24:56.700
2055	aa762680c40618316a896838866140ea	82510	curitiba	PR	2018-04-06	2018-05-11	3	3	261.00	87.00	0	2026-05-13 13:24:56.700
2056	aa8af66c623d7d544dfe4bb85b5ebe3b	32672	betim	MG	2018-06-03	2018-06-03	1	1	99.00	99.00	0	2026-05-13 13:24:56.700
2057	aac29b1b99776be73c3049939652091d	38408	uberlandia	MG	2017-01-25	2018-08-08	98	138	6755.91	48.96	0	2026-05-13 13:24:56.700
2058	aac51c486b672a9850d59f3e84b1cf88	2752	sao paulo	SP	2018-08-12	2018-08-24	10	13	728.28	56.02	0	2026-05-13 13:24:56.700
2059	aadfe0417e61315688b6bd7043361e25	74340	goiania	GO	2017-08-03	2017-08-03	1	1	289.90	289.90	0	2026-05-13 13:24:56.700
2060	aae3bfea055532c57fb453ed3ec80b30	9271	santo andre	SP	2017-01-18	2018-05-15	48	50	3057.92	61.16	0	2026-05-13 13:24:56.700
2061	aae5953b9edddf14749c0d65d60eb4b9	31035	belo horizonte	MG	2017-09-30	2017-10-18	2	2	173.00	86.50	0	2026-05-13 13:24:56.700
2062	aae5e7b457a3c72ee230a47d98fceda5	83040	sao jose dos pinhas	PR	2018-04-05	2018-08-17	5	7	604.80	86.40	0	2026-05-13 13:24:56.700
2063	aaed1309374718fdd995ee4c58c9dfcd	89120	timbo	SC	2016-10-09	2018-08-01	105	112	9376.95	83.72	0	2026-05-13 13:24:56.700
2064	aafe36600ce604f205b86b5084d3d767	88115	sao jose	SC	2017-02-18	2018-08-16	129	131	9251.40	70.62	0	2026-05-13 13:24:56.700
2065	ab27bbbad5239bc31a34709275a70db4	18279	tatui	SP	2017-10-31	2018-07-03	3	11	382.90	34.81	0	2026-05-13 13:24:56.700
2066	ab3e0c171fe84a7ba7de130f19cfb485	86690	colorado	PR	2017-04-16	2018-04-05	7	10	863.42	86.34	0	2026-05-13 13:24:56.700
2067	ab75b89cc49c9ab3160d0c91565a442a	17604	tupa	SP	2017-07-05	2017-09-08	2	2	37.98	18.99	0	2026-05-13 13:24:56.700
2068	ab91571efab27993ff2f6b36e38055c3	4319	sao paulo	SP	2018-03-23	2018-07-25	3	4	102.24	25.56	0	2026-05-13 13:24:56.700
2069	ab9db4cf53b08b828b64dccaafc2d9f0	96530	paraiso do sul	RS	2017-05-18	2018-07-19	5	5	277.67	55.53	0	2026-05-13 13:24:56.700
2070	aba1721a889e04decc910aa13b768ef4	5729	sao paulo	SP	2017-02-08	2018-08-21	83	92	14103.30	153.30	0	2026-05-13 13:24:56.700
2071	abbf6046bbdf1028606a5bc7f00c99e7	89820	xanxere	SC	2018-01-24	2018-05-02	7	7	2217.15	316.74	0	2026-05-13 13:24:56.700
2072	abc015ebac1d283a323ca9db35ede4b9	14055	ribeirao preto	SP	2017-02-10	2017-12-09	12	13	1106.80	85.14	0	2026-05-13 13:24:56.700
2073	abcd2cb37d46c2c8fb1bf071c859fc5b	78020	cuiaba	MT	2017-05-29	2018-08-11	45	52	4880.22	93.85	0	2026-05-13 13:24:56.700
2074	abe021b01ba992245271b9aa422032df	80420	curitiba	PR	2017-02-04	2017-05-09	2	2	6720.00	3360.00	0	2026-05-13 13:24:56.700
2075	abe42c5d03695b4257b5c6cbf4e6784e	21235	rio de janeiro	RJ	2017-08-31	2018-08-05	50	50	17159.00	343.18	0	2026-05-13 13:24:56.700
2076	ac137bac82ffa8548e62bd9d01d2a14f	3631	sao paulo	SP	2017-05-15	2017-05-15	1	1	49.60	49.60	0	2026-05-13 13:24:56.700
2077	ac1ed5fc15901fbc92920361eb4ab350	3334	sao paulo	SP	2017-06-17	2017-06-17	1	1	110.25	110.25	0	2026-05-13 13:24:56.700
2078	ac3508719a1d8f5b7614b798f70af136	92030	canoas	RS	2017-05-23	2018-08-05	103	104	12775.84	122.84	0	2026-05-13 13:24:56.700
2079	ac51cac5e20d69ff485a54746488ef48	14096	ribeirao preto	SP	2018-01-14	2018-01-30	4	4	759.90	189.97	0	2026-05-13 13:24:56.700
2080	ac6417315ae5da8f9a38ee11de6f7780	7400	aruja	SP	2017-04-27	2018-04-27	8	8	788.90	98.61	0	2026-05-13 13:24:56.700
2081	ac9b01377919cdbd2a1bbb8d5837c70b	8773	mogi das cruzes	SP	2018-08-05	2018-08-05	1	1	55.90	55.90	0	2026-05-13 13:24:56.700
2082	acadd4d36859671cb635527c6c977533	14270	santa rosa de viterbo	SP	2017-12-15	2018-08-08	12	12	2381.00	198.42	0	2026-05-13 13:24:56.700
2083	acb6c2ca5c82411c1fdb88d5fd5eb95e	3423	sao paulo	SP	2017-02-16	2018-08-01	10	11	413.88	37.63	0	2026-05-13 13:24:56.700
2084	acce39e832338debb07b02385cde5967	32110	contagem	MG	2018-05-12	2018-08-26	44	44	4748.10	107.91	0	2026-05-13 13:24:56.700
2085	ace601496e211a664100321f038f50af	2372	sao paulo	SP	2017-02-15	2017-02-15	1	1	165.00	165.00	0	2026-05-13 13:24:56.700
2086	aced59e9b31ef866a94f9e7f29d8d418	3306	sao paulo	SP	2017-02-13	2018-08-26	61	67	7268.50	108.49	0	2026-05-13 13:24:56.700
2087	acf974e4d5950ad143a247471b831eb9	95059	caxias do sul	RS	2017-03-07	2017-10-30	5	12	423.80	35.32	0	2026-05-13 13:24:56.700
2088	ad14615bdd492b01b0d97922e87cb87f	88704	tubarao	SC	2017-02-10	2017-02-10	1	1	8.25	8.25	0	2026-05-13 13:24:56.700
2089	ad273c9eb54ecb4532de4bf75bae9e4e	80420	curitiba	PR	2017-03-01	2018-08-09	10	11	645.00	58.64	0	2026-05-13 13:24:56.700
2090	ad420dd0c4f92f8af951ac24b86d0cf5	38230	fronteira	MG	2017-04-26	2018-08-24	42	46	4705.29	102.29	0	2026-05-13 13:24:56.700
2091	ad738d3fcf42655ed15c4960b7b6c601	93425	novo hamburgo	RS	2017-05-21	2017-05-21	1	1	65.00	65.00	0	2026-05-13 13:24:56.700
2092	ad75519a07f039025e83795a4418470f	76500	santa terezinha de goias	GO	2018-01-26	2018-08-15	3	9	302.10	33.57	0	2026-05-13 13:24:56.700
2093	ad781527c93d00d89a11eecd9dcad7c1	15015	sao jose do rio preto	SP	2017-07-17	2018-05-16	44	44	6899.57	156.81	0	2026-05-13 13:24:56.700
2094	ad87df7699e83b8a91822a4a0b765c3a	13820	jaguariuna	SP	2017-03-21	2017-06-25	6	7	349.90	49.99	0	2026-05-13 13:24:56.700
2095	ad8ada0ffa993cb1197d102d9ab21a3e	38445	araguari	MG	2018-03-13	2018-03-13	1	2	599.80	299.90	0	2026-05-13 13:24:56.700
2096	ad8b531ae67582f096925cff5630d0d1	84172	castro	PR	2017-04-23	2017-11-24	3	3	208.35	69.45	0	2026-05-13 13:24:56.700
2097	ad97a199236354e53fcd91a5a913e9a2	88350	brusque	SC	2017-11-16	2018-07-23	17	18	13205.90	733.66	0	2026-05-13 13:24:56.700
2098	adbc26658d6c7b4b6219f9d934598091	81770	curitiba	PR	2017-08-28	2018-08-21	88	92	11806.40	128.33	0	2026-05-13 13:24:56.700
2099	adbe70ab2c97442046d393988c8d1d27	9321	maua	SP	2017-09-07	2017-10-12	5	5	289.50	57.90	0	2026-05-13 13:24:56.700
2100	adcf50477d6a1f5d91bb9d54c4903cb5	35530	claudio	MG	2017-02-08	2018-06-29	19	38	1425.14	37.50	0	2026-05-13 13:24:56.700
2101	ade45994b717ccee333492330fbf037b	87505	umuarama	PR	2018-06-09	2018-08-15	10	10	7196.00	719.60	0	2026-05-13 13:24:56.700
2102	aded58c8142dedc5494a81f948431fab	22051	rio de janeiro	RJ	2018-04-01	2018-04-23	4	5	289.50	57.90	0	2026-05-13 13:24:56.700
2103	ae45ad30c2d2e5913094769690a239d2	14405	franca	SP	2017-12-08	2017-12-08	1	2	251.80	125.90	0	2026-05-13 13:24:56.700
2104	ae45df84722b1d15c5f32b23a095746c	3062	sao paulo	SP	2018-02-22	2018-08-21	9	12	901.83	75.15	0	2026-05-13 13:24:56.700
2105	ae7ab174effdead6c241e547e4ca13f0	86703	arapongas	PR	2018-06-11	2018-08-11	6	7	2778.60	396.94	0	2026-05-13 13:24:56.700
2106	ae8bfdbf1c2a2a2dee92d799db0a31c6	85900	toledo	PR	2017-02-15	2017-05-15	8	8	339.92	42.49	0	2026-05-13 13:24:56.700
2107	ae9690c6e8fee182c28c9ff8e11ca52c	4361	sao paulo	SP	2016-10-09	2016-10-09	1	1	47.40	47.40	0	2026-05-13 13:24:56.700
2108	aeb36d67f1414f234d42a29e27cf1f17	9060	santo andre	SP	2018-05-14	2018-08-06	4	4	3263.80	815.95	0	2026-05-13 13:24:56.700
2109	aec99834ab5d38ead22766ada8497e87	83411	colombo	PR	2018-07-20	2018-07-20	1	1	459.00	459.00	0	2026-05-13 13:24:56.700
2110	af3ef48d0e13835e529c29ac573c63e5	14802	araraquara	SP	2018-05-16	2018-08-22	21	21	1405.63	66.93	0	2026-05-13 13:24:56.700
2111	af4a0e4cfe1d9c26b6712b1be25a72e5	35670	mateus leme	MG	2017-08-01	2018-03-15	21	26	8757.98	336.85	0	2026-05-13 13:24:56.700
2112	af7cdac9d9897cddead9c6b08976c642	18500	laranjal paulista	SP	2018-03-14	2018-08-18	6	6	543.54	90.59	0	2026-05-13 13:24:56.700
2113	afa6714acee029b2dfdf357e5579cc03	13690	descalvado	SP	2016-10-08	2018-08-20	16	17	3220.76	189.46	0	2026-05-13 13:24:56.700
2114	afac9f6b0c4e5f0a7ee87e922cd0f873	17047	bauru	SP	2018-02-17	2018-02-17	1	1	20.99	20.99	0	2026-05-13 13:24:56.700
2115	afe0067131b73e40875c9b6c10bd2e21	35590	lagoa da prata	MG	2017-02-22	2018-06-10	46	46	5130.40	111.53	0	2026-05-13 13:24:56.700
2116	b00af24704019bd2e1b335e70ad11f7c	40130	salvador	BA	2018-06-20	2018-06-20	1	1	189.00	189.00	0	2026-05-13 13:24:56.700
2117	b01c2b7b8599b325103ebcddc67413e1	95800	venancio aires	RS	2018-07-13	2018-08-18	4	4	169.45	42.36	0	2026-05-13 13:24:56.700
2118	b026643914f651e8371425e5b8a1e780	22783	rio de janeiro	RJ	2017-07-07	2017-07-07	1	1	27.90	27.90	0	2026-05-13 13:24:56.700
2119	b0398568231ba5e6734af1881671a317	29704	colatina	ES	2018-03-22	2018-04-10	4	4	656.77	164.19	0	2026-05-13 13:24:56.700
2120	b05b432bf68945d4d9783f9e3ca29ee8	16200	birigui	SP	2017-09-11	2017-09-12	2	2	224.80	112.40	0	2026-05-13 13:24:56.700
2121	b080809eaacb49e5ca07290981472431	30431	belo horizonte	MG	2017-02-24	2018-05-15	11	11	424.00	38.55	0	2026-05-13 13:24:56.700
2122	b0b346d3a89f5eb4c2968af3f083cd43	13105	campinas	SP	2017-11-14	2018-08-03	11	12	614.00	51.17	0	2026-05-13 13:24:56.700
2123	b0f2a6122a90a93eb03e68653dd960e3	80710	curitiba	PR	2018-04-28	2018-08-08	6	7	1620.30	231.47	0	2026-05-13 13:24:56.700
2124	b1204cfda1d4948679db3cfc0d3cb95c	7170	guarulhos	SP	2017-01-17	2018-07-25	7	11	2903.70	263.97	0	2026-05-13 13:24:56.700
2125	b127efdabeffb5d559349c7b172eb75d	4308	sao paulo	SP	2017-01-26	2017-05-17	10	10	308.50	30.85	0	2026-05-13 13:24:56.700
2126	b12cfd255810394b60caef18ae163547	85810	cascavel	PR	2017-11-20	2017-11-24	2	2	560.00	280.00	0	2026-05-13 13:24:56.700
2127	b14db04aa7881970e83ffa9426897925	18048	sorocaba	SP	2016-10-06	2018-08-19	83	111	5898.60	53.14	0	2026-05-13 13:24:56.700
2128	b16d3dadc47d4eb18be3d88bad0775ce	93608	estancia velha	RS	2018-05-29	2018-08-16	10	11	722.10	65.65	0	2026-05-13 13:24:56.700
2129	b17b679f4f5ce2e03ce6968c62648246	14090	ribeirao preto	SP	2016-10-05	2018-05-14	55	57	4084.75	71.66	0	2026-05-13 13:24:56.700
2130	b18871c324516afa228a13e8f1ef0ae9	4186	sao paulo	SP	2018-02-28	2018-06-18	9	23	1064.60	46.29	0	2026-05-13 13:24:56.700
2131	b18dc380845b24038cfc48006478f099	9951	diadema	SP	2017-10-06	2018-08-03	44	54	8353.30	154.69	0	2026-05-13 13:24:56.700
2132	b19c48688808720822399ffa9f2dbe2f	4801	sao paulo	SP	NULL	NULL	1	1	959.99	959.99	0	2026-05-13 13:24:56.700
2133	b19f3ca2ea475913750f25a5c37c8d8f	35501	divinopolis	MG	2017-10-05	2018-08-07	24	24	6202.91	258.45	0	2026-05-13 13:24:56.700
2134	b1a81260566c1bac3114a6d124413f27	99500	carazinho	RS	2018-03-11	2018-08-15	51	54	8684.69	160.83	0	2026-05-13 13:24:56.700
2135	b1aaae6b66ad3c40f54b389d7ea4bee0	4714	sao paulo	SP	2017-01-22	2017-05-24	15	17	1176.50	69.21	0	2026-05-13 13:24:56.700
2136	b1ac6ea7895bc3dd6f0f6f4abbdd2821	92030	canoas	RS	2017-03-11	2018-01-15	40	41	3139.00	76.56	0	2026-05-13 13:24:56.700
2137	b1b3948701c5c72445495bd161b83a4c	3390	sao paulo	SP	2017-06-06	2017-08-12	18	18	24699.19	1372.18	0	2026-05-13 13:24:56.700
2138	b1fc4f64df5a0e8b6913ab38803c57a9	24440	sao goncalo	RJ	2017-05-09	2018-08-10	107	121	7994.74	66.07	0	2026-05-13 13:24:56.700
2139	b1fecf4da1fa2689bccffa0121953643	79107	campo grande	MS	2016-10-04	2017-05-27	19	20	3669.64	183.48	0	2026-05-13 13:24:56.700
2140	b2479f944e1b90cf8a5de1bbfde284d6	14940	ibitinga	SP	2018-01-12	2018-08-20	103	131	4752.51	36.28	0	2026-05-13 13:24:56.700
2141	b248792ac0b60ec3f93d80af1b4fae47	9560	sao caetano do sul	SP	2018-07-23	2018-08-22	7	9	454.50	50.50	0	2026-05-13 13:24:56.700
2142	b26741d31a563d769b4af0465ab20c56	88061	florianopolis	SC	2018-02-20	2018-03-26	2	2	648.00	324.00	0	2026-05-13 13:24:56.700
2143	b274baf5bbd142410eb2958cf685d684	95780	montenegro	RS	2018-05-16	2018-07-20	7	7	585.90	83.70	0	2026-05-13 13:24:56.700
2144	b29d3380981c51df13fc6fbe87e1763d	14057	ribeirao preto	SP	2018-04-28	2018-08-02	6	7	435.30	62.19	0	2026-05-13 13:24:56.700
2145	b2a6d334e2833acea353624840e25a0e	4133	sao paulo	SP	2017-08-05	2018-06-05	25	26	1650.98	63.50	0	2026-05-13 13:24:56.700
2146	b2ac621f0d0322434d04a12b078b9369	80220	curitiba	PR	2017-08-22	2018-08-16	30	30	9575.50	319.18	0	2026-05-13 13:24:56.700
2147	b2ba3715d723d245138f291a6fe42594	3470	sao paulo	SP	2016-10-04	2018-08-22	337	363	51676.88	142.36	0	2026-05-13 13:24:56.700
2148	b2bdc5e7940a7d7ca8c4a37953b27a42	13880	vargem grande do sul	SP	2017-10-30	2017-10-30	1	1	250.00	250.00	0	2026-05-13 13:24:56.700
2149	b2c97074649f92197d9387d9033dda5f	18604	botucatu	SP	2018-04-23	2018-08-14	10	11	684.71	62.25	0	2026-05-13 13:24:56.700
2150	b2eecf5ea250510da76590ca79d60e5d	3318	sao paulo	SP	2017-03-05	2017-11-11	9	11	1060.00	96.36	0	2026-05-13 13:24:56.700
2151	b2f4d63c7203f539a78252565ca32257	28950	armacao dos buzios	RJ	2017-09-09	2017-09-09	1	1	14.90	14.90	0	2026-05-13 13:24:56.700
2152	b32be1695eb7ec5f10f72d9610a12527	95012	caxias do sul	RS	2017-11-24	2018-08-13	45	46	26874.00	584.22	0	2026-05-13 13:24:56.700
2153	b335c59ab742f751a85db9c411a86739	38442	araguari	MG	2016-10-04	2017-12-12	33	35	2873.34	82.10	0	2026-05-13 13:24:56.700
2154	b33aaadd1a8891d2dfef0c4c3bdf0371	13481	limeira	SP	2018-01-12	2018-06-21	16	17	1504.00	88.47	0	2026-05-13 13:24:56.700
2155	b33e7c55446eabf8fe1a42d037ac7d6d	14850	pradopolis	SP	2017-10-10	2018-08-15	152	155	44985.17	290.23	0	2026-05-13 13:24:56.700
2156	b347677812ea483b0f528eaf8cbc09b7	82540	curitiba	PR	2017-11-24	2018-06-22	21	21	7288.99	347.09	0	2026-05-13 13:24:56.700
2157	b372ee768ed69e46ca8cdbd267aa7a38	15013	sao jose do rio preto	SP	2017-03-18	2018-08-23	63	69	12630.00	183.04	0	2026-05-13 13:24:56.700
2158	b37c4c02bda3161a7546a4e6d222d5b2	3667	sao paulo	SP	2017-04-23	2018-07-15	4	15	24075.00	1605.00	0	2026-05-13 13:24:56.700
2159	b3809b8d4394588a47c8470ea331e135	4810	sao paulo	SP	2018-07-06	2018-07-06	1	1	89.00	89.00	0	2026-05-13 13:24:56.700
2160	b39d7fe263ef469605dbb32608aee0af	14940	ibitinga	SP	2017-09-16	2018-08-23	44	49	5193.10	105.98	0	2026-05-13 13:24:56.700
2161	b3b17aab11f273023a5f22ca52e1eb70	86065	londrina	PR	2018-01-25	2018-06-09	7	13	6850.00	526.92	0	2026-05-13 13:24:56.700
2162	b3e2faf2c1004d674f16a3aa3197f0e1	14093	ribeirao preto	SP	2017-02-07	2017-05-10	3	3	61.47	20.49	0	2026-05-13 13:24:56.700
2163	b3f19518fcec265b2e97af287725f981	15170	tanabi	SP	2017-03-20	2017-08-26	9	9	486.91	54.10	0	2026-05-13 13:24:56.700
2164	b410bdd36d5db7a65dcd42b7ead933b8	74645	goiania	GO	2018-01-24	2018-08-21	44	44	7726.90	175.61	0	2026-05-13 13:24:56.700
2165	b416191c9813d821a295cfabafff4161	14407	franca	SP	2017-08-16	2017-08-16	2	2	117.80	58.90	0	2026-05-13 13:24:56.700
2166	b43d8b707f887a30f4675391098354a0	44600	ipira	SP	2018-04-07	2018-07-22	3	4	1342.00	335.50	0	2026-05-13 13:24:56.700
2167	b44dbfbf62e52125f3c15d230569ea91	4251	sao paulo	SP	2018-04-19	2018-08-10	4	8	609.37	76.17	0	2026-05-13 13:24:56.700
2168	b452cb0ae35044c4a53179c39f49fb06	18047	sorocaba	SP	2018-06-01	2018-06-02	2	2	63.70	31.85	0	2026-05-13 13:24:56.700
2169	b45d7ebfb7378630f1bcd74b6ff86ff7	30285	belo horizonte	MG	2017-09-03	2018-02-26	5	5	1007.50	201.50	0	2026-05-13 13:24:56.700
2170	b494891378bd8f4560abe576c52deacd	4160	sao paulo	SP	2018-06-28	2018-08-20	20	22	2958.90	134.50	0	2026-05-13 13:24:56.700
2171	b499c00f28f4b7069ff6550af8c1348a	13481	limeira	SP	2016-10-03	2018-08-24	152	187	10327.13	55.23	0	2026-05-13 13:24:56.700
2172	b4a476fbd28de64b1e347abf9089366a	6653	itapevi	SP	2017-03-29	2018-06-26	33	38	5724.04	150.63	0	2026-05-13 13:24:56.700
2173	b4b447d715f9ab302a188fb43d3e96b3	4711	sao paulo	SP	2018-07-28	2018-08-26	5	5	685.93	137.19	0	2026-05-13 13:24:56.700
2174	b4f8921fcc4ff77b66bea6dda43dcd51	95034	caxias do sul	RS	2018-05-19	2018-08-21	18	20	11395.05	569.75	0	2026-05-13 13:24:56.700
2175	b4ffb71f0cb1b1c3d63fad021ecf93e1	3880	sao paulo	SP	2017-02-01	2018-08-18	144	165	6656.09	40.34	0	2026-05-13 13:24:56.700
2176	b55638ad525e906c698fa2ce742c1742	88780	imbituba	SC	2017-11-06	2018-08-08	11	12	1094.80	91.23	0	2026-05-13 13:24:56.700
2177	b561927807645834b59ef0d16ba55a24	2955	sao paulo	SP	2018-01-19	2018-08-26	85	95	4501.99	47.39	0	2026-05-13 13:24:56.700
2178	b566ab0ef88016e00422755e305103c6	37640	extrema	MG	2018-03-11	2018-07-23	5	5	1208.00	241.60	0	2026-05-13 13:24:56.700
2179	b56828a9f9027f3c918c04ca720d9e3c	11707	praia grande	SP	2017-10-03	2018-05-02	3	3	360.00	120.00	0	2026-05-13 13:24:56.700
2180	b56906f7fd1696e043f1bcce164c487b	19830	echapora	SP	2016-10-06	2018-08-08	40	42	2148.49	51.15	0	2026-05-13 13:24:56.700
2181	b57e8460909fa137df7951b4a3b5ea84	90640	porto alegre	RS	2017-03-02	2017-03-02	1	2	198.00	99.00	0	2026-05-13 13:24:56.700
2182	b586cd24c010a13916af621b0325fbba	89164	rio do sul	SC	2018-06-17	2018-08-23	6	7	1108.94	158.42	0	2026-05-13 13:24:56.700
2183	b5abf4f36adc043117b4fca82c22984c	72251	brasilia	DF	2017-04-11	2018-08-11	11	12	1247.80	103.98	0	2026-05-13 13:24:56.700
2184	b5b800c4065bebf4d3442311c9857344	3561	sao paulo	SP	2018-05-01	2018-05-01	1	1	79.90	79.90	0	2026-05-13 13:24:56.700
2185	b5bb2b985208834bd5bd86c7a402bbad	95800	venancio aires	RS	2018-01-31	2018-01-31	2	2	621.06	310.53	0	2026-05-13 13:24:56.700
2186	b5d034ac251546e25afe9067f05c1539	6852	itapecerica da serra	SP	NULL	NULL	1	1	69.90	69.90	0	2026-05-13 13:24:56.700
2187	b5dd7151a92ccaaa282cbe9681a05f44	14020	ribeirao preto	SP	2018-07-18	2018-07-18	1	1	85.00	85.00	0	2026-05-13 13:24:56.700
2188	b5e3e38609125694d2ea2417522a60b7	88020	florianopolis	SC	2017-04-16	2017-09-19	16	17	995.04	58.53	0	2026-05-13 13:24:56.700
2189	b5f0712d22a873b6797ab6cc65c3fcba	2316	sao paulo	SP	2018-08-13	2018-08-13	1	1	12.99	12.99	0	2026-05-13 13:24:56.700
2190	b5f49fe968dff6b112861e6cd8e192ef	80710	curitiba	PR	2018-01-18	2018-01-18	1	2	194.70	97.35	0	2026-05-13 13:24:56.700
2191	b64d51f0435e884e8de603b1655155ae	7077	garulhos	SP	2018-04-07	2018-08-24	17	23	416.18	18.09	0	2026-05-13 13:24:56.700
2192	b67d6c666e8dce1d078c882825e12704	3641	sao paulo	SP	2018-07-06	2018-08-08	7	8	352.84	44.11	0	2026-05-13 13:24:56.700
2193	b6c6854d4d92a5f6f46be8869da3fa1a	1042	sao paulo	SP	2017-04-28	2017-04-28	1	1	69.90	69.90	0	2026-05-13 13:24:56.700
2194	b6d44737c043328708f6749c2dbe50bd	9230	santo andre	SP	2017-03-15	2018-08-07	62	80	5369.60	67.12	0	2026-05-13 13:24:56.700
2195	b6dc74ed30f124f95227bed4e43a3bed	86702	arapongas	PR	2017-01-31	2017-12-05	11	13	518.96	39.92	0	2026-05-13 13:24:56.700
2196	b6e1504972665f739dec4facb9943775	13405	piracicaba	SP	2017-05-22	2018-03-26	14	14	1484.48	106.03	0	2026-05-13 13:24:56.700
2197	b6f52e346160519c24a23af05410ad32	1254	sao paulo	SP	2018-04-26	2018-04-26	1	1	129.90	129.90	0	2026-05-13 13:24:56.700
2198	b74d1c09cb380e1d03a6f859c6f4224b	20061	rio de janeiro	RJ	2018-02-23	2018-08-09	31	39	2221.60	56.96	0	2026-05-13 13:24:56.700
2199	b76a1f8356322f12529c37b67d5c96c2	11015	santos	SP	2017-12-19	2018-02-19	5	5	298.50	59.70	0	2026-05-13 13:24:56.700
2200	b76dba6c951ab00dc4edf0a1aa88037e	3237	sao paulo	SP	2017-01-06	2018-08-27	159	169	2574.78	15.24	0	2026-05-13 13:24:56.700
2201	b76f4d90e85657a240495c876313adc5	13185	hortolandia	SP	2018-08-25	2018-08-25	1	1	299.00	299.00	0	2026-05-13 13:24:56.700
2202	b77a27b1864483e721dc831d5ba4afa0	25251	duque de caxias	RJ	2017-03-30	2017-05-10	2	2	41.80	20.90	0	2026-05-13 13:24:56.700
2203	b7ba853e9551f4558440881fd3e5c815	95500	santo antonio da patrulha	RS	2016-10-04	2016-10-06	2	2	376.80	188.40	0	2026-05-13 13:24:56.700
2204	b7cc6c5e001441ae8cdd5c69a480cbe4	89520	curitibanos	SC	2017-02-26	2018-01-30	6	6	651.80	108.63	0	2026-05-13 13:24:56.700
2205	b7d5b4b87af9d42b601865d3f3810bff	88020	florianopolis	SC	2017-05-06	2017-11-07	2	2	1049.00	524.50	0	2026-05-13 13:24:56.700
2206	b7e1750c1157341d2abd0251e07c186b	5741	sao paulo	SP	2017-02-14	2017-04-20	3	4	159.60	39.90	0	2026-05-13 13:24:56.700
2207	b7ed9fb14c8eadb37adb9c45d67ab0fb	12331	jacarei	SP	2017-07-01	2018-07-27	7	11	566.00	51.45	0	2026-05-13 13:24:56.700
2208	b8114f2f589a6804810f04f99b36b498	9633	sao bernardo do campo	SP	2018-04-04	2018-08-17	8	11	1399.62	127.24	0	2026-05-13 13:24:56.700
2209	b81e3a6c866a764974fe849821abeebd	9360	maua	SP	2018-07-14	2018-08-15	8	11	836.15	76.01	0	2026-05-13 13:24:56.700
2210	b839e41795b7f3ad94cc2014a52f6796	9541	sao caetano do sul	SP	2018-03-01	2018-08-25	33	36	42829.00	1189.69	0	2026-05-13 13:24:56.700
2211	b83cedfb587e7911540e3f576d6917ce	4870	sao paulo	SP	2017-06-23	2018-05-14	24	25	2224.95	89.00	0	2026-05-13 13:24:56.700
2212	b8555308bfdb4ca1ed54325a58da9a97	9751	sao bernardo do campo	SP	2017-12-11	2018-08-23	26	28	3047.20	108.83	0	2026-05-13 13:24:56.700
2213	b8578d2d823bd8e251f6fdd02b40902d	89069	blumenau	SC	2018-04-12	2018-07-19	9	9	1255.60	139.51	0	2026-05-13 13:24:56.700
2214	b8630e1121437d41cb08e3c749c2c2e2	25070	duque de caxias	RJ	2017-11-25	2018-08-06	12	12	6988.00	582.33	0	2026-05-13 13:24:56.700
2215	b86a47b3366e3b5424a7b225781f4908	37900	passos	MG	2018-01-05	2018-01-05	1	1	86.50	86.50	0	2026-05-13 13:24:56.700
2216	b87a7ea0c30fad2dd6781b74a0064859	4133	sao paulo	SP	2018-01-10	2018-07-02	9	9	515.40	57.27	0	2026-05-13 13:24:56.700
2217	b88e7c57cb2d8b973b7dd4a2bfa14b36	81350	curitiba	PR	2017-05-21	2017-12-01	4	4	353.90	88.47	0	2026-05-13 13:24:56.700
2218	b8a0adc91af209270c2c725168eb00fd	14940	ibitinga	SP	2018-04-16	2018-06-27	6	6	281.40	46.90	0	2026-05-13 13:24:56.700
2219	b8bc237ba3788b23da09c0f1f3a3288c	88303	itajai	SC	2017-08-07	2018-06-30	45	47	13685.71	291.19	0	2026-05-13 13:24:56.700
2220	b8d890108a7a80e4f5d59eea9f362438	81110	curitiba	PR	2017-09-05	2017-10-19	2	3	89.70	29.90	0	2026-05-13 13:24:56.700
2221	b906dd0e57f282c7089171b6ed07982e	87083	parana	PR	2018-04-18	2018-06-25	2	2	175.00	87.50	0	2026-05-13 13:24:56.700
2222	b90e891671cffd9557f33a97dc523645	83010	sao jose dos pinhais	PR	2017-08-18	2018-08-23	34	39	4449.00	114.08	0	2026-05-13 13:24:56.700
2223	b92e3c8f9738272ff7c59e111e108d7c	36502	uba	MG	2017-01-17	2018-08-07	62	70	8231.09	117.59	0	2026-05-13 13:24:56.700
2224	b94cc9f10ddc85e4ba73a6f7974e7101	27930	macae	RJ	2017-11-02	2018-06-12	39	39	25346.10	649.90	0	2026-05-13 13:24:56.700
2225	b98b715fe9e276204e2a3464f48cd796	3827	sao paulo	SP	2017-02-03	2018-04-24	6	6	450.58	75.10	0	2026-05-13 13:24:56.700
2226	b9a03475e6447e631b6799ec8274800f	85830	formosa do oeste	PR	2017-11-06	2018-07-28	10	11	1349.10	122.65	0	2026-05-13 13:24:56.700
2227	b9c0ffa92f3ff9a5a3d45ef7213c0842	8246	sao paulo	SP	2017-09-17	2017-12-14	3	3	490.00	163.33	0	2026-05-13 13:24:56.700
2228	b9ca8e8baa5d4aa038394a700f63e69f	3001	sao paulo	SP	2018-04-23	2018-08-28	14	14	1289.77	92.13	0	2026-05-13 13:24:56.700
2229	b9de031b671cd48b28fae9d828cbf2b4	4283	sao paulo	SP	2018-07-18	2018-07-18	1	1	155.32	155.32	0	2026-05-13 13:24:56.700
2230	b9ec22de23f18567de0e09d776ca0309	72318	brasilia	DF	2018-06-22	2018-08-14	2	2	341.98	170.99	0	2026-05-13 13:24:56.700
2231	ba143b05f0110f0dc71ad71b4466ce92	2274	sao paulo	SP	2018-04-24	2018-08-18	85	86	6110.58	71.05	0	2026-05-13 13:24:56.700
2232	ba5daa4041e1f15cdf34b76e3e18a450	4363	sao paulo	SP	2018-02-03	2018-08-20	15	15	806.80	53.79	0	2026-05-13 13:24:56.700
2233	ba6b4a237f92479743cf0ca06b67a9ac	23550	rio de janeiro	RJ	2018-01-17	2018-08-03	8	8	801.89	100.24	0	2026-05-13 13:24:56.700
2234	ba6b68b55fe8704377a7d43c8e5c0185	30130	belo horizonte	MG	2017-05-02	2017-06-03	5	5	739.77	147.95	0	2026-05-13 13:24:56.700
2235	ba6ce6de456f6c11d08c17701ba5c26f	18044	sorocaba	SP	2018-02-15	2018-07-23	6	7	744.35	106.34	0	2026-05-13 13:24:56.700
2236	ba89796db68db180bd389de96b2ff3b6	5763	sao paulo	SP	2018-07-13	2018-07-29	2	2	309.80	154.90	0	2026-05-13 13:24:56.700
2237	ba8e85df286308fe68a2ce83a8f8b2d6	88135	santa catarina	SC	2018-06-12	2018-06-12	1	1	80.90	80.90	0	2026-05-13 13:24:56.700
2238	ba90964cff9b9e0e6f32b23b82465f7b	7140	guarulhos	SP	2018-02-25	2018-08-15	38	38	44212.50	1163.49	0	2026-05-13 13:24:56.700
2239	baa49d93c8c8841e27400a300f5d74b2	88113	sao jose	SC	2017-05-11	2017-06-05	6	6	246.40	41.07	0	2026-05-13 13:24:56.700
2240	bab0a8cd684e41ba6e2637dca0979d3b	22793	rio de janeiro	RJ	2017-08-22	2017-08-22	1	1	269.90	269.90	0	2026-05-13 13:24:56.700
2241	babcc0ab201e4c60188427cae51a5b8b	13660	porto ferreira	SP	NULL	NULL	1	1	79.00	79.00	0	2026-05-13 13:24:56.700
2242	bac44fa8e13424950488659b5f765c41	4534	sao paulo	SP	2016-10-04	2016-10-04	1	1	19.90	19.90	0	2026-05-13 13:24:56.700
2243	bac692d6c0ed08467878018e6cc9c26c	89041	blumenau	SC	2018-07-31	2018-07-31	1	3	477.00	159.00	0	2026-05-13 13:24:56.700
2244	bacb1f0ed56ad24198f5810d2b3fe9a5	12328	jacarei	SP	2017-04-30	2018-01-17	42	42	6940.45	165.25	0	2026-05-13 13:24:56.700
2245	baeda7047354773262ba2405f97038ba	13471	americana	SP	2017-09-30	2017-09-30	1	1	35.00	35.00	0	2026-05-13 13:24:56.700
2246	baf15155e37ef5492731459bdc05be8a	5715	sao paulo	SP	2017-03-16	2017-03-16	1	1	47.00	47.00	0	2026-05-13 13:24:56.700
2247	bafc5aa11e413978be29040f51342e70	30130	belo horizonte	MG	2017-12-04	2018-01-25	9	9	1679.55	186.62	0	2026-05-13 13:24:56.700
2248	bb135baca94c82fcb731335ad5b04a03	4362	sao paulo	SP	2017-01-21	2018-08-11	18	38	1049.80	27.63	0	2026-05-13 13:24:56.700
2249	bb2afe2061d53c6968aa0cffa233a8ec	4307	sao paulo	SP	2018-05-09	2018-07-21	5	6	549.40	91.57	0	2026-05-13 13:24:56.700
2250	bb3dca718920a4d7ec3cc9ffb025108b	8011	sao paulo	SP	2017-02-08	2017-02-15	2	3	108.00	36.00	0	2026-05-13 13:24:56.700
2251	bb5bd94c8f59cc050072d2930c869cac	5008	sao paulo	SP	2017-02-12	2018-06-08	16	17	2543.87	149.64	0	2026-05-13 13:24:56.700
2252	bb5d956dece964a06c12bceb66b923ae	20930	rio de janeiro	RJ	2018-01-21	2018-02-19	2	2	1278.36	639.18	0	2026-05-13 13:24:56.700
2253	bb7a14e229b1c95156719c3d9552eeee	23095	rio de janeiro	RJ	2017-10-09	2018-04-20	11	11	3190.10	290.01	0	2026-05-13 13:24:56.700
2254	bb7ad8a45c027be8ab075b8e465f8ca0	88056	floranopolis	SC	2018-07-22	2018-07-28	2	2	19.98	9.99	0	2026-05-13 13:24:56.700
2255	bba3293d6f5d5af2f415e004e8b93ae3	4726	sao paulo	SP	2017-09-02	2018-06-22	17	17	11702.10	688.36	0	2026-05-13 13:24:56.700
2256	bba74270a87732727b5a3b4fd9ac1c39	32604	betim	MG	2017-10-02	2018-05-31	36	41	6001.59	146.38	0	2026-05-13 13:24:56.700
2257	bba8d0c234a52b87b3957037a215d1a4	74343	goiania	GO	2018-05-04	2018-05-04	1	1	120.00	120.00	0	2026-05-13 13:24:56.700
2258	bbad7e518d7af88a0897397ffdca1979	1512	sao paulo	SP	2017-06-05	2018-08-06	69	85	4462.22	52.50	0	2026-05-13 13:24:56.700
2259	bbaff50f3b708fda865918715276cd87	12940	atibaia	SP	2017-03-15	2018-08-06	12	16	449.70	28.11	0	2026-05-13 13:24:56.700
2260	bbd3acfe6de99892e73940d3fdceaf68	9111	santo andre	SP	2018-08-18	2018-08-21	2	2	69.00	34.50	0	2026-05-13 13:24:56.700
2261	bbe87dce25ba8b38bb61cc7210a3f10b	13870	sao joao da boa vista	SP	2018-05-11	2018-08-24	2	2	287.00	143.50	0	2026-05-13 13:24:56.700
2262	bbf4a892cac7b82422baa711dffb8997	82200	curitiba	PR	2018-06-11	2018-06-11	1	1	70.00	70.00	0	2026-05-13 13:24:56.700
2263	bbf9ad41dca6603e614efcdad7aab8c4	60348	fortaleza	CE	2017-02-05	2018-06-23	14	14	7846.00	560.43	0	2026-05-13 13:24:56.700
2264	bc07d855eac23aab5ac8a120f21d16b2	8710	mogi das cruzes	SP	2018-03-08	2018-08-12	12	13	1283.11	98.70	0	2026-05-13 13:24:56.700
2265	bc2ac6b95e1accce9858528ee566c17e	13085	campinas	SP	2017-08-21	2018-05-21	18	22	2045.00	92.95	0	2026-05-13 13:24:56.700
2266	bc302730ea8cf49b5c74f579febb5bbf	13015	campinas	SP	2017-08-07	2018-08-02	11	11	2640.90	240.08	0	2026-05-13 13:24:56.700
2267	bc30de0d71bd6260b936a026b5cf7200	13920	pedreira	SP	2018-04-11	2018-04-26	3	3	392.37	130.79	0	2026-05-13 13:24:56.700
2268	bc39d8938f90a3a2b98193723ed59774	7791	cajamar	SP	2018-04-26	2018-06-21	2	2	306.80	153.40	0	2026-05-13 13:24:56.700
2269	bc47d5d1490df2b36add65d733eafaba	9163	santo andre	SP	2018-01-11	2018-08-08	24	25	1004.80	40.19	0	2026-05-13 13:24:56.700
2270	bc503e244f187939d10c92a5c8e378ce	16200	birigui	SP	2017-04-04	2018-02-26	7	16	637.67	39.85	0	2026-05-13 13:24:56.700
2271	bc8c8d665ec4664d286be0d521722b19	4851	sao paulo	SP	2018-08-06	2018-08-06	1	1	22.50	22.50	0	2026-05-13 13:24:56.700
2272	bca9230d3bbb4efa51872bf605a2f1ad	4296	sao paulo	SP	2018-06-07	2018-08-27	5	5	117.57	23.51	0	2026-05-13 13:24:56.700
2273	bcc9dd23e2a8bd8267cf92b19304a1b9	14940	ibitinga	SP	2018-01-19	2018-02-21	3	3	202.79	67.60	0	2026-05-13 13:24:56.700
2274	bccf933e006e9b94a6184af782963e77	19806	assis	SP	2017-10-06	2018-08-21	45	46	4162.74	90.49	0	2026-05-13 13:24:56.700
2275	bcd2d7510d58e293f20fad6438c1b314	81540	curitiba	PR	2017-02-09	2017-02-09	1	1	23.90	23.90	0	2026-05-13 13:24:56.700
2276	bce6a5ecf98e99fd2a8868b15c51f04b	7180	guarulhos	SP	2018-06-02	2018-08-22	14	15	3464.90	230.99	0	2026-05-13 13:24:56.700
2277	bcf5566870987da7bc811fbc8c5b9fd9	3378	sao paulo	SP	2017-08-10	2017-08-10	1	4	96.00	24.00	0	2026-05-13 13:24:56.700
2278	bd0389da23d89b726abf911cccc54596	71691	brasilia	DF	2017-03-13	2018-08-14	87	90	7472.16	83.02	0	2026-05-13 13:24:56.700
2279	bd0a1b0aadca9a83d9304f7e8ff5fbd5	1212	sao paulo	SP	2018-07-15	2018-07-29	4	4	150.60	37.65	0	2026-05-13 13:24:56.700
2280	bd149ed516d4c5d418d5781f8e18919f	7241	guarulhos	SP	2017-10-31	2018-08-23	8	9	414.00	46.00	0	2026-05-13 13:24:56.700
2281	bd15ee794d5e640d9dd71b665b2ab15b	14078	ribeirao preto	SP	2018-03-21	2018-08-14	12	12	374.80	31.23	0	2026-05-13 13:24:56.700
2282	bd1d49a326abfa9b1036772e40445430	17017	bauru	SP	2017-11-07	2018-06-15	12	13	637.70	49.05	0	2026-05-13 13:24:56.700
2283	bd23da7354813347129d751591d1a6e2	3971	sao paulo	SP	2017-07-17	2018-08-17	89	90	10544.30	117.16	0	2026-05-13 13:24:56.700
2284	bd43e172d599bed47a85da877172ca8c	89280	sao bento do sul	SC	2018-07-17	2018-07-17	1	1	23.92	23.92	0	2026-05-13 13:24:56.700
2285	bd4431c1a8dfa744b59e1e2a8bc99b9e	20761	rio de janeiro	RJ	2018-04-05	2018-08-07	7	7	809.50	115.64	0	2026-05-13 13:24:56.700
2286	bd4889b5e9133b35b66e42a8665cea5c	2963	sao paulo	SP	2017-04-08	2018-07-19	36	42	6271.90	149.33	0	2026-05-13 13:24:56.700
2287	bd4ff04377f974574f7f0bf9d6ce7dde	17370	santa maria da serra	SP	2016-10-05	2017-02-20	4	4	164.96	41.24	0	2026-05-13 13:24:56.700
2288	bd65d163ded559eb90a10cd09fec178f	3526	sao paulo	SP	2017-08-21	2017-08-21	1	2	19.80	9.90	0	2026-05-13 13:24:56.700
2289	bd697db56ff8e7c9cd1abeb7f72029b2	3533	sao paulo	SP	2017-02-12	2018-08-10	22	22	3069.78	139.54	0	2026-05-13 13:24:56.700
2290	bdae679a9b282249bc23b9b69dae9a99	72210	brasilia	DF	2018-02-14	2018-08-13	6	12	663.15	55.26	0	2026-05-13 13:24:56.700
2291	bdb3edbaee43a761e2d4f258dc08f348	18680	lencois paulista	SP	2017-11-21	2017-12-18	5	5	259.50	51.90	0	2026-05-13 13:24:56.700
2292	bdf0d02d36a1d839d0c39c4a887cdd49	16200	birigui	SP	2018-01-07	2018-02-04	5	7	120.00	17.14	0	2026-05-13 13:24:56.700
2293	be1e9e378700cecaa4ebf71433d7915c	14025	ribeirao preto	SP	2017-11-19	2018-01-22	2	2	119.89	59.95	0	2026-05-13 13:24:56.700
2294	be3b4b0f050a6aa1b2d901c4b77e979f	84430	imbituva	PR	2018-04-26	2018-06-08	3	8	578.20	72.27	0	2026-05-13 13:24:56.700
2295	be67f78487e2cecb0d55bc769709e4f5	32419	ibirite	MG	2018-03-23	2018-03-23	1	1	102.00	102.00	0	2026-05-13 13:24:56.700
2296	be7a093e5b4d147b36b72bb1f9e415e5	85900	toledo	PR	2018-07-07	2018-07-07	1	1	60.90	60.90	0	2026-05-13 13:24:56.700
2297	be8e909810184b9b19e886129149d8e5	13418	piracicaba	SP	2017-10-03	2018-05-13	15	15	629.85	41.99	0	2026-05-13 13:24:56.700
2298	be9a160a9011f627c3e121d076c1ec7b	89256	jaragua do sul	SC	2017-03-26	2017-12-08	7	7	2934.00	419.14	0	2026-05-13 13:24:56.700
2299	beadbee30901a7f61d031b6b686095ad	7097	guarulhos	SP	2018-05-28	2018-08-22	64	68	4373.98	64.32	0	2026-05-13 13:24:56.700
2300	bec568278124768c474ee90971ca94d1	3553	sao paulo	SP	2018-06-17	2018-07-30	2	2	219.90	109.95	0	2026-05-13 13:24:56.700
2301	bede56095ba33c42038fb85f707b8a42	13271	valinhos	SP	2017-08-20	2017-12-17	2	2	3973.90	1986.95	0	2026-05-13 13:24:56.700
2302	bee36b4f9a2b9fdcaff6ec05df202ed0	3308	sao paulo	SP	2017-02-11	2017-03-05	2	2	33.80	16.90	0	2026-05-13 13:24:56.700
2303	bf00385a5f7fc1ef39a13c2e9ee50a5f	1224	sao paulo	SP	2018-07-07	2018-08-27	29	29	870.30	30.01	0	2026-05-13 13:24:56.700
2304	bf0045791395e66460eb04749c68672a	4256	sao paulo	SP	2017-02-07	2017-03-15	2	2	119.80	59.90	0	2026-05-13 13:24:56.700
2305	bf0d50a6410d487dc97d2baac0a8c0be	13408	piracicaba	SP	2018-05-09	2018-05-09	1	1	27.90	27.90	0	2026-05-13 13:24:56.700
2306	bf100ecb7997df312b285358fb32f92c	83070	sao jose dos pinhais	PR	2017-01-23	2018-02-04	20	21	1991.90	94.85	0	2026-05-13 13:24:56.700
2307	bf3c6d2a28b2b5501e6c15448982dcc9	4180	sao paulo	SP	2017-05-29	2018-05-09	35	43	3956.50	92.01	0	2026-05-13 13:24:56.700
2308	bf84056e679dbe9c69929847a40e338f	2537	sao paulo	SP	2018-02-19	2018-04-29	36	40	2024.04	50.60	0	2026-05-13 13:24:56.700
2309	bf961104a38e01b9062ee026bb657dee	14055	ribeirao preto	SP	2017-02-02	2017-02-09	4	4	585.56	146.39	0	2026-05-13 13:24:56.700
2310	bfd27a966d91cfaafdb25d076585f0da	13930	serra negra	SP	2017-02-05	2018-07-02	117	118	19921.00	168.82	0	2026-05-13 13:24:56.700
2311	bfd938b22bc99bce1ae60dc602889f52	22775	rio de janeiro	RJ	2017-01-22	2017-04-15	6	12	922.80	76.90	0	2026-05-13 13:24:56.700
2312	bff9deb0ec77d437f3305a79cf25529e	13481	limeira	SP	2018-06-23	2018-08-16	5	5	161.95	32.39	0	2026-05-13 13:24:56.700
2313	c003204e1ab016dfa150abc119207b24	7790	cajamar	SP	2017-10-18	2018-08-26	197	202	25108.09	124.30	0	2026-05-13 13:24:56.700
2314	c00396cbdd2e088fe4281baa5920aef1	83535	campo magro	PR	2018-04-04	2018-04-04	1	3	832.41	277.47	0	2026-05-13 13:24:56.700
2315	c004e5ea15737026cecaee0447e00b75	2035	sao paulo	SP	2018-08-06	2018-08-10	2	2	4700.00	2350.00	0	2026-05-13 13:24:56.700
2316	c0098efcf800861dcae589affca31408	14080	ribeirao preto	SP	2017-12-06	2018-07-17	9	9	1189.28	132.14	0	2026-05-13 13:24:56.700
2317	c013e57c075a06e5b5c48ee03c525719	13568	sao carlos	SP	2018-02-27	2018-08-26	42	45	1971.55	43.81	0	2026-05-13 13:24:56.700
2318	c026ef0d72e9132d9fa112308090c8dc	20766	rio de janeiro	RJ	2018-08-05	2018-08-05	1	1	520.00	520.00	0	2026-05-13 13:24:56.700
2319	c03121937e54a93fcc1825c3098bbb6e	82800	curitiba	PR	2017-03-28	2018-05-03	7	7	1043.00	149.00	0	2026-05-13 13:24:56.700
2320	c04d70d515d15a7e3db3a73320598566	24020	niteroi	RJ	2017-05-24	2017-11-13	3	4	158.20	39.55	0	2026-05-13 13:24:56.700
2321	c0563dd588b775f2e37747ef6ad6c92c	9220	santo andre	SP	2017-02-28	2018-08-20	28	28	3697.20	132.04	0	2026-05-13 13:24:56.700
2322	c092292535a57dacd95a8765f5518f87	26600	paracambi	RJ	2018-07-05	2018-07-05	1	1	125.00	125.00	0	2026-05-13 13:24:56.700
2323	c0aff2da32c17759d30b22fb0af6649d	88032	florianopolis	SC	2018-06-11	2018-08-22	4	5	188.80	37.76	0	2026-05-13 13:24:56.700
2324	c0e0b73d039eb9a99b6ce4cb7a429cd3	89170	laurentino	SC	2018-06-15	2018-06-15	1	1	29.88	29.88	0	2026-05-13 13:24:56.700
2325	c0e6839516f5398edc34adf5f1d53d1a	11430	guaruja	SP	2017-05-06	2017-08-12	3	3	432.92	144.31	0	2026-05-13 13:24:56.700
2326	c0f3eea2e14555b6faeea3dd58c1b1c3	4195	sao paulo	SP	2018-08-03	2018-08-03	1	1	79.99	79.99	0	2026-05-13 13:24:56.700
2327	c0f783394e37cd9c9d7f5f81141450fa	13416	piracicaba	SP	2017-11-10	2017-12-13	6	6	249.40	41.57	0	2026-05-13 13:24:56.700
2328	c113b8df1fc375bc3d73d29c1b1144d1	8021	sao paulo	SP	2017-06-15	2017-08-02	3	5	333.00	66.60	0	2026-05-13 13:24:56.700
2329	c12b92bf1c350f3e6bf88d3596219c86	17400	garca	SP	2018-05-01	2018-07-28	17	17	4808.78	282.87	0	2026-05-13 13:24:56.700
2330	c12d7463a579237ffb9248bd7cff378b	8275	sao paulo	SP	2016-10-06	2016-10-06	1	1	25.90	25.90	0	2026-05-13 13:24:56.700
2331	c13ef0cfbe42f190780f621ce81f2234	1207	sao paulo sp	SP	2018-01-18	2018-01-18	1	1	390.00	390.00	0	2026-05-13 13:24:56.700
2332	c13fb473e7cb8b83ccd543c094df0608	5319	sao paulo	SP	2017-01-30	2017-03-20	2	2	54.80	27.40	0	2026-05-13 13:24:56.700
2333	c1552b1dab6e6f760950368ae61fb600	12215	sao jose dos campos	SP	2018-08-22	2018-08-25	2	2	53.80	26.90	0	2026-05-13 13:24:56.700
2334	c157bdeedcbc9a8e3c8bf0d87ff24428	18120	mairinque	SP	2017-05-05	2017-08-20	7	10	514.27	51.43	0	2026-05-13 13:24:56.700
2335	c161d1327ebc3a156c09582ab2f59f6c	3521	sao paulo	SP	2017-08-04	2018-02-09	3	3	52.99	17.66	0	2026-05-13 13:24:56.700
2336	c18309219e789960add0b2255ca4b091	20521	rio de janeiro	RJ	2017-12-05	2017-12-05	1	1	9.90	9.90	0	2026-05-13 13:24:56.700
2337	c1849d4d32d7a6cecd5aa471809d3135	9070	santo andre	SP	2018-08-04	2018-08-26	3	3	388.98	129.66	0	2026-05-13 13:24:56.700
2338	c1d1ebb4745cc43cb6f05e9c8a705c9a	8070	sao paulo	SP	2017-04-20	2017-11-18	3	3	34.50	11.50	0	2026-05-13 13:24:56.700
2339	c1dde11f12d05c478f5de2d7319ad3b2	1026	sao paulo	SP	2018-08-19	2018-08-19	1	1	12.50	12.50	0	2026-05-13 13:24:56.700
2340	c1ed9e3daf6154542826a6996af0fb8c	88308	itajai	SC	2017-08-15	2018-03-02	9	17	971.25	57.13	0	2026-05-13 13:24:56.700
2341	c1f12f926d0ba950578b4fa41115cbb6	4317	sao paulo	SP	2018-02-24	2018-08-01	2	4	479.60	119.90	0	2026-05-13 13:24:56.700
2342	c200c73f9d7e5a08ca439d6a0803da7c	83507	almirante tamandare	PR	2017-05-23	2017-05-23	1	2	40.00	20.00	0	2026-05-13 13:24:56.700
2343	c240c4061717ac1806ae6ee72be3533b	20920	rio de janeiro	RJ	2018-05-08	2018-05-08	1	1	59.90	59.90	0	2026-05-13 13:24:56.700
2344	c24173065483e421f9e5e7f599de101d	3548	sao paulo	SP	2017-07-11	2017-11-24	9	9	373.91	41.55	0	2026-05-13 13:24:56.700
2345	c26a2be5b53b7db6b276280da212a779	28630	nova friburgo	RJ	2017-08-08	2018-08-03	13	18	7482.00	415.67	0	2026-05-13 13:24:56.700
2346	c26ba52cf8d2f34915f2f6b7ffa0a3f3	21510	rio de janeiro	RJ	2017-12-10	2018-02-15	4	4	125.96	31.49	0	2026-05-13 13:24:56.700
2347	c273175f7c6c80fb02f051e2fc6d0d72	5849	sao paulo	SP	2017-01-25	2017-07-20	14	14	1188.23	84.87	0	2026-05-13 13:24:56.700
2348	c286ec035ee04ba81c97508f0b5df544	81320	curitiba	PR	2017-05-12	2017-09-20	2	2	493.00	246.50	0	2026-05-13 13:24:56.700
2349	c2bda99904207edd1834f03e0022b007	8280	sao paulo	SP	2017-08-11	2017-09-27	2	2	79.80	39.90	0	2026-05-13 13:24:56.700
2350	c2d70ce2c5d0a2eb75e78668236e6dc8	4275	sao paulo	SP	2017-09-22	2018-08-27	13	15	2470.90	164.73	0	2026-05-13 13:24:56.700
2351	c31eff8334d6b3047ed34bebd4d62c36	13322	salto	SP	2017-11-25	2018-08-17	122	123	13191.50	107.25	0	2026-05-13 13:24:56.700
2352	c3251e13f1bbda6c74e37c160f991e19	13660	porto ferreira	SP	2017-03-18	2017-05-26	2	2	437.80	218.90	0	2026-05-13 13:24:56.700
2353	c32fc744b9160ac853450488e3cfea93	14020	ribeirao preto	SP	2018-03-19	2018-06-06	3	3	185.70	61.90	0	2026-05-13 13:24:56.700
2354	c33847515fa6305ce6feb1e818569f13	88359	brusque	SC	2018-05-09	2018-08-22	114	128	15519.85	121.25	0	2026-05-13 13:24:56.700
2355	c33a5c3c983090c8b78a28e65052a20d	88802	criciuma	SC	2018-01-15	2018-06-24	9	9	629.10	69.90	0	2026-05-13 13:24:56.700
2356	c353f8fc0ce8344999f17d578eb69a5e	90850	porto alegre	RS	2017-01-23	2017-02-06	2	2	175.98	87.99	0	2026-05-13 13:24:56.700
2357	c35672b10ad50968f567ea3f4b91e877	26551	mesquita	RJ	2017-08-21	2018-08-04	18	22	1150.57	52.30	0	2026-05-13 13:24:56.700
2358	c35affa65afd250151285c5917fc1c8a	8050	sao paluo	SP	2017-11-04	2018-06-25	9	9	5279.91	586.66	0	2026-05-13 13:24:56.700
2359	c360e4787614ed31ac7a2f95d3b22dc6	18681	lencois paulista	SP	2018-06-13	2018-06-13	1	1	188.90	188.90	0	2026-05-13 13:24:56.700
2360	c37b2059d4f90d4feead554e5246565e	5170	sao paulo	SP	2017-11-03	2018-07-02	12	16	839.30	52.46	0	2026-05-13 13:24:56.700
2361	c3867b4666c7d76867627c2f7fb22e21	14580	guara	SP	2017-03-30	2018-07-09	245	259	37153.40	143.45	0	2026-05-13 13:24:56.700
2362	c394e193cda3b4225ff2094d32184849	4104	sao paulo	SP	2018-04-19	2018-05-20	3	12	3419.88	284.99	0	2026-05-13 13:24:56.700
2363	c398bc00a606d33758afd91f4e64fd15	21740	rio de janeiro	RJ	2018-05-30	2018-06-28	2	2	150.00	75.00	0	2026-05-13 13:24:56.700
2364	c3aad7dc65449ae90a5e9c3c6c1e78e0	15350	auriflama/sp	SP	2018-08-10	2018-08-23	6	6	510.00	85.00	0	2026-05-13 13:24:56.700
2365	c3acdfac4e3e97ff87529454fbc03642	5705	sao paulo	SP	2018-03-24	2018-08-16	12	12	16788.00	1399.00	0	2026-05-13 13:24:56.700
2366	c3cfdc648177fdbbbb35635a37472c53	80610	curitiba	PR	2017-01-27	2018-08-27	278	307	43048.18	140.22	0	2026-05-13 13:24:56.700
2367	c3e1abd72a42fe690fcd89cf5720fe29	13840	mogi guacu	SP	2018-05-22	2018-08-13	13	13	1798.61	138.35	0	2026-05-13 13:24:56.700
2368	c3e2398fcc7e581cda2e546557bf6968	4781	sao paulo	SP	2018-06-23	2018-06-23	1	1	14.90	14.90	0	2026-05-13 13:24:56.700
2369	c3ee2331a724e6fc02c4b698b57a73f3	5108	sao paulo	SP	2017-11-22	2017-12-02	2	3	1347.00	449.00	0	2026-05-13 13:24:56.700
2370	c3f5668699a1b04c0fa61ecea1e2bff6	86808	apucarana	PR	2018-03-26	2018-08-02	3	3	407.81	135.94	0	2026-05-13 13:24:56.700
2371	c3fe93ba3085f92855c97e57f38c8c05	81510	curitiba	PR	2017-06-08	2018-07-24	7	7	245.00	35.00	0	2026-05-13 13:24:56.700
2372	c42fd8e4d47dfb18ce5222f2dd7752f9	6246	osasco	SP	2017-02-13	2017-05-21	7	11	466.99	42.45	0	2026-05-13 13:24:56.700
2373	c43d924a0f1688ee9fae0efcd6f539d4	20710	rio de janeiro	RJ	2016-10-09	2016-10-09	1	1	29.90	29.90	0	2026-05-13 13:24:56.700
2374	c447f8dd3ed213f291d65ef074a268eb	19802	assis	SP	2017-02-06	2017-06-19	7	8	655.00	81.88	0	2026-05-13 13:24:56.700
2375	c458e2045a8aa8964f8879af03fdcce6	9572	sao caetano do sul	SP	2017-02-12	2017-05-05	4	9	494.91	54.99	0	2026-05-13 13:24:56.700
2376	c4af86330efa7a2620772227d2d670c9	8840	mogi das cruzes	SP	2018-01-02	2018-06-15	4	4	5396.00	1349.00	0	2026-05-13 13:24:56.700
2377	c4b911d06343b21dd906651f8101cb49	17560	vera cruz	SP	2017-11-08	2017-11-09	2	2	90.98	45.49	0	2026-05-13 13:24:56.700
2378	c4d51195486dc781531876a7d00453d8	19023	presidente prudente	SP	2018-03-31	2018-06-05	17	17	11468.98	674.65	0	2026-05-13 13:24:56.700
2379	c4f7fee5b0db50e87766f5a4d1b1b758	18085	sorocaba	SP	2018-04-15	2018-07-12	8	9	11961.83	1329.09	0	2026-05-13 13:24:56.700
2380	c4fabeea6e569d42d02993bb1f4f1cbc	60741	fortaleza	CE	2018-01-12	2018-08-07	11	11	859.30	78.12	0	2026-05-13 13:24:56.700
2381	c4fb51fb1c5b7c07bc5e67be6e7e8f6e	80060	curitiba	PR	2017-07-24	2018-08-12	15	16	1567.90	97.99	0	2026-05-13 13:24:56.700
2382	c500367424994318b9e779ff1ae9a330	13145	paulinia	SP	2017-09-01	2017-12-01	9	9	4346.40	482.93	0	2026-05-13 13:24:56.700
2383	c510bc1718f0f2961eaa42a23330681a	13330	indaiatuba	SP	2018-04-17	2018-08-13	13	13	12251.00	942.38	0	2026-05-13 13:24:56.700
2384	c522be04e020c1e7b79f3acff36513d5	6501	santana de parnaiba	SP	2018-05-01	2018-08-23	7	7	739.93	105.70	0	2026-05-13 13:24:56.700
2385	c52c644cc0dc85121207a27013efc6af	36325	tiradentes	MG	2018-08-10	2018-08-10	1	2	397.80	198.90	0	2026-05-13 13:24:56.700
2386	c53bcd3be457a342a97e39e5a9f0be22	49980	neopolis	SE	2017-01-30	2018-07-22	5	5	509.50	101.90	0	2026-05-13 13:24:56.700
2387	c542f5a8c64d973f30e9df8d06f70b4a	2013	sao paulo	SP	2017-01-18	2017-01-18	1	1	81.00	81.00	0	2026-05-13 13:24:56.700
2388	c54679b132454625907c773d273d4126	11443	guaruja	SP	2018-03-27	2018-07-28	7	8	1032.00	129.00	0	2026-05-13 13:24:56.700
2389	c5e60e39c0f42b8e827daa13cff74afa	3449	sao paulo	SP	2018-08-15	2018-08-26	6	8	134.00	16.75	0	2026-05-13 13:24:56.700
2390	c5ebe6598748b0aeaa61cfb820478b92	95910	lajeado	RS	2018-07-04	2018-08-28	3	3	297.00	99.00	0	2026-05-13 13:24:56.700
2391	c5f7e746b7e6d07def6c0dae9903279b	81350	curitiba	PR	2018-04-15	2018-08-22	10	11	1429.00	129.91	0	2026-05-13 13:24:56.700
2392	c5f7feb04a6a1fb3596322bfc3cf1917	9571	sao caetano do sul	SP	2018-06-14	2018-08-17	11	11	1720.60	156.42	0	2026-05-13 13:24:56.700
2393	c60b801f2d52c7f7f91de00870882a75	7174	guarulhos	SP	2018-01-27	2018-08-21	41	41	12913.50	314.96	0	2026-05-13 13:24:56.700
2394	c611f4ce9ce875bcc063fa97fd4d7d12	12944	atibaia	SP	2018-07-31	2018-07-31	1	1	319.00	319.00	0	2026-05-13 13:24:56.700
2395	c6218512d16fcac0af02fe92691cf274	32315	contagem	MG	2017-04-11	2017-06-02	8	8	674.00	84.25	0	2026-05-13 13:24:56.700
2396	c6381b1321d7d97717a5bb4ed5b77882	4276	sao paulo	SP	2018-07-09	2018-08-09	2	3	66.00	22.00	0	2026-05-13 13:24:56.700
2397	c6381d2d013342748761e906d45aff76	93180	portao	RS	2017-10-31	2018-07-25	15	28	2042.98	72.96	0	2026-05-13 13:24:56.700
2398	c64a2aec32cc408a8a4c6d7c46017f91	95625	imbe	RS	2017-11-24	2018-02-14	9	9	3221.50	357.94	0	2026-05-13 13:24:56.700
2399	c66dccfb3f109511246da627dd5a2498	11900	registro	SP	2018-01-15	2018-08-24	45	45	12708.55	282.41	0	2026-05-13 13:24:56.700
2400	c679fb69a36e1d8349e8c50a217b4d58	95020	caxias do sul	RS	2018-07-22	2018-08-20	14	17	1825.68	107.39	0	2026-05-13 13:24:56.700
2401	c68fb906c8f4b4b946d8386bfa6e5467	14870	jaboticabal	SP	2017-03-18	2018-07-30	45	48	4541.16	94.61	0	2026-05-13 13:24:56.700
2402	c6a7539d424a8402232c2228d7a03c5e	3191	sao paulo	SP	2017-09-05	2018-05-22	10	15	607.50	40.50	0	2026-05-13 13:24:56.700
2403	c6bda72e4dbf5c5866b13cb1810c6d03	3087	sao paulo	SP	2017-07-12	2018-08-23	59	59	14059.38	238.29	0	2026-05-13 13:24:56.700
2404	c70a353f02429c00775a46a75fb787da	8275	sao paulo	SP	2018-07-17	2018-08-10	6	6	242.00	40.33	0	2026-05-13 13:24:56.700
2405	c70c1b0d8ca86052f45a432a38b73958	13186	hortolandia	SP	2018-04-06	2018-08-29	261	338	36537.37	108.10	0	2026-05-13 13:24:56.700
2406	c714262700f93defc16bf17a51a4cb23	2751	sao paulo	SP	2018-03-16	2018-05-15	4	4	421.80	105.45	0	2026-05-13 13:24:56.700
2407	c716e0b86ed568878475b60fbb6323ad	22783	rio de janeiro	SP	2018-03-26	2018-03-26	1	1	35.00	35.00	0	2026-05-13 13:24:56.700
2408	c7246702dc991a06d788120dc7544391	60440	fortaleza	CE	2018-02-19	2018-02-19	1	1	54.86	54.86	0	2026-05-13 13:24:56.700
2409	c72de06d72748d1a0dfb2125be43ba63	46430	guanambi	BA	2018-05-10	2018-08-18	21	22	17522.00	796.45	0	2026-05-13 13:24:56.700
2410	c731d18cea9bf687ffee82a241c25b11	89701	concordia	SC	2017-02-23	2018-08-27	24	26	3662.00	140.85	0	2026-05-13 13:24:56.700
2411	c747d5b92c7648417faea95d36d763e8	61800	pacatuba	CE	2017-11-24	2017-11-24	1	1	139.00	139.00	0	2026-05-13 13:24:56.700
2412	c74f14c1e26cf1bd5bd34b6a1e274426	89900	sao miguel do oeste	SC	2018-01-27	2018-01-27	1	1	39.00	39.00	0	2026-05-13 13:24:56.700
2413	c76d418370990614e89e956c7a7567d9	6787	taboao da serra	SP	2017-08-11	2017-09-12	2	2	305.24	152.62	0	2026-05-13 13:24:56.700
2414	c79151301b9d90985d1fa52879213105	87083	maringa	PR	2017-11-18	2018-04-16	4	8	322.30	40.29	0	2026-05-13 13:24:56.700
2415	c794dab4928dd97beb41d05514441e86	13160	artur nogueira	SP	2017-12-08	2018-06-24	16	16	1312.40	82.03	0	2026-05-13 13:24:56.700
2416	c7a0a13cbcf29d5ce51c8f80afdc0b89	89170	laurentino	SC	2017-10-04	2018-08-08	8	9	483.08	53.68	0	2026-05-13 13:24:56.700
2417	c7b7db6c8f3c64a7cc1afa634db21d50	4367	sao paulo	SP	2018-03-11	2018-03-11	1	1	1489.00	1489.00	0	2026-05-13 13:24:56.700
2418	c7bb64409aa480bb7d0335faaaf3d242	89218	joinville	SC	2018-06-23	2018-07-02	4	4	97.60	24.40	0	2026-05-13 13:24:56.700
2419	c7c7b2682c648339a0e9846bb1023a39	12916	braganca paulista	SP	2017-10-12	2017-12-13	2	3	168.00	56.00	0	2026-05-13 13:24:56.700
2420	c7dcd301ecfe5ab7f778ac172cf74be7	30120	belo horizonte	MG	2016-10-04	2016-10-06	4	4	457.69	114.42	0	2026-05-13 13:24:56.700
2421	c7fdb77fdbff3c41981bc52f787e959e	9111	santo andre	SP	2018-01-10	2018-07-21	10	12	696.32	58.03	0	2026-05-13 13:24:56.700
2422	c8025364abeecb115431bf95c11a747f	90630	porto alegre	RS	2018-05-16	2018-08-09	2	2	928.00	464.00	0	2026-05-13 13:24:56.700
2423	c8143b3069f6746a77421b5ce30a450c	75345	abadia de goias	GO	2017-07-02	2017-07-02	1	1	142.47	142.47	0	2026-05-13 13:24:56.700
2424	c826c40d7b19f62a09e2d7c5e7295ee2	7133	guarulhos	SP	2017-08-27	2018-08-27	354	373	45643.74	122.37	0	2026-05-13 13:24:56.700
2425	c840d3fdbba0790404fdae73d253b253	81530	curitiba	PR	2017-10-21	2018-06-29	9	14	4522.28	323.02	0	2026-05-13 13:24:56.700
2426	c8417879a15366a17c30af34c798c332	4445	sao paulo	SP	2017-02-22	2017-09-28	26	36	1767.90	49.11	0	2026-05-13 13:24:56.700
2427	c84592044b180dec206770c38603814b	1026	sao paulo	SP	2018-02-28	2018-05-22	15	15	511.94	34.13	0	2026-05-13 13:24:56.700
2428	c8467937e403e76a8ee9f0ab13f6f5ef	37704	pocos de caldas	MG	2017-09-21	2018-08-13	30	33	1853.79	56.18	0	2026-05-13 13:24:56.700
2429	c847e075301870dd144a116762eaff9a	38022	uberaba	MG	2017-02-15	2018-01-10	42	43	15348.70	356.95	0	2026-05-13 13:24:56.700
2430	c85d7b477a709c85a1e8b8f25aa1b270	9640	sao bernardo do campo	SP	2017-06-28	2017-06-28	1	2	75.00	37.50	0	2026-05-13 13:24:56.700
2431	c864036feaab8c1659f65ea4faebe1da	83605	campo largo	PR	2017-07-19	2018-08-09	58	58	10454.20	180.24	0	2026-05-13 13:24:56.700
2432	c8660dcf9ba70575f45d80fe28c27713	2040	sao paulo	SP	2017-02-07	2017-03-20	4	7	335.00	47.86	0	2026-05-13 13:24:56.700
2433	c8665a4dd081a2c436b1cd921079d0d9	14750	pitangueiras	SP	2018-06-18	2018-06-18	1	1	79.39	79.39	0	2026-05-13 13:24:56.700
2434	c8771b1a10bb99bb34d3c459c5cffb53	36512	tocantins	SP	2017-05-30	2017-05-30	1	1	64.90	64.90	0	2026-05-13 13:24:56.700
2435	c878515173c84a492ebe50d6b493230b	85880	itaipulandia	PR	2017-03-13	2017-11-15	9	10	1118.84	111.88	0	2026-05-13 13:24:56.700
2436	c87abc38c8ed3240861729e1aeadf221	5713	sao paulo	SP	2017-12-26	2017-12-26	1	1	133.00	133.00	0	2026-05-13 13:24:56.700
2437	c88f62b4c386a59281014d677864d016	86707	arapongas	PR	2017-03-04	2017-03-04	1	1	1099.00	1099.00	0	2026-05-13 13:24:56.700
2438	c89cf7c468a48af70aada384e722f9e2	25730	petropolis	RJ	2017-06-07	2018-08-06	14	14	745.00	53.21	0	2026-05-13 13:24:56.700
2439	c8b0e2b0a7095e5d8219575d5e7e1181	8598	itaquaquecetuba	SP	2017-07-12	2018-08-17	84	85	12170.21	143.18	0	2026-05-13 13:24:56.700
2440	c8b3445d737de6befde0c88ede534a5e	5734	sao paulo	SP	2017-11-17	2018-06-27	30	36	3149.04	87.47	0	2026-05-13 13:24:56.700
2441	c8c1bea22194a4eefa2dc9a9fa89f536	88210	porto belo	SC	2018-06-04	2018-08-03	7	13	1266.00	97.38	0	2026-05-13 13:24:56.700
2442	c8cc60ffd415254af5d9b9f34f32c369	18053	sorocaba	SP	2018-06-05	2018-08-15	8	9	722.20	80.24	0	2026-05-13 13:24:56.700
2443	c8e135e7b21ecbc36c1153a29d2f5a06	1411	sao paulo	SP	2017-02-01	2017-05-28	7	7	1165.50	166.50	0	2026-05-13 13:24:56.700
2444	c963a25b8671419c6ce9eebe8fd03218	23943	angra dos reis rj	RJ	2018-05-01	2018-05-01	1	1	49.00	49.00	0	2026-05-13 13:24:56.700
2445	c97aa4ee7420f937da13b7f9e2228b99	93510	novo hamburgo	RS	2018-08-17	2018-08-17	1	1	29.90	29.90	0	2026-05-13 13:24:56.700
2446	c990d6cf976a5718aaedc539f383ab88	13145	paulinia	SP	2017-10-05	2018-01-20	10	11	200.90	18.26	0	2026-05-13 13:24:56.700
2447	c9a06ece156bb057372c68718ec8909b	73020	brasilia	DF	2016-10-05	2017-02-28	14	14	4688.90	334.92	0	2026-05-13 13:24:56.700
2448	c9aafcd0621b2207c10e32c649cada4d	8011	sao paulo	SP	2018-07-14	2018-08-12	44	52	2997.25	57.64	0	2026-05-13 13:24:56.700
2449	c9c7905cffc4ef9ff9f113554423e671	6871	itapecerica da serra	SP	2017-06-02	2018-08-21	127	139	10657.18	76.67	0	2026-05-13 13:24:56.700
2450	c9d2ba8dde44a275ae06475ed1d2fafc	38400	uberlandia	MG	2017-02-06	2017-02-06	1	1	28.79	28.79	0	2026-05-13 13:24:56.700
2451	c9e5ad1f6647f5dbd1172adf6ae3cada	90240	porto alegre	RS	2017-10-23	2018-06-09	4	4	259.03	64.76	0	2026-05-13 13:24:56.700
2452	ca3bd7cd9f149df75950150d010fe4a2	4361	sao paulo	SP	2017-01-25	2018-08-06	71	138	9731.85	70.52	0	2026-05-13 13:24:56.700
2453	ca4b77513ac2040591b0d8fae6958380	9190	sando andre	SP	2018-07-15	2018-08-22	14	15	1772.45	118.16	0	2026-05-13 13:24:56.700
2454	ca5832c6960267b71041f74bb39e8b12	89820	xanxere	SC	2017-06-19	2017-06-19	1	1	79.90	79.90	0	2026-05-13 13:24:56.700
2455	ca77545ca4d2dfd1431bf61334e2fa3c	87020	maringa	PR	2018-01-02	2018-04-24	6	10	760.00	76.00	0	2026-05-13 13:24:56.700
2456	ca7c6bd577e559472af1c699de9e764e	9812	sao bernardo do campo	SP	2018-03-22	2018-04-04	6	8	148.00	18.50	0	2026-05-13 13:24:56.700
2457	caa9bc43a9fe8cf9c564ddd8a03cc4a6	12308	jacarei	SP	2018-04-16	2018-08-27	13	14	803.87	57.42	0	2026-05-13 13:24:56.700
2458	cab85505710c7cb9b720bceb52b01cee	2252	sao paulo	SP	2016-10-08	2018-08-28	206	209	11389.10	54.49	0	2026-05-13 13:24:56.700
2459	cac4c8e7b1ca6252d8f20b2fc1a2e4af	13347	indaiatuba	SP	2016-10-08	2018-08-16	75	83	4168.18	50.22	0	2026-05-13 13:24:56.700
2460	cac4e0bc1a3269fa2b6ea5e763f6115b	88351	brusque	SC	2017-11-26	2018-03-27	2	3	57.88	19.29	0	2026-05-13 13:24:56.700
2461	cac63f48c38cd7d002a7e846dcd99a23	13170	sumare	SP	2017-11-27	2018-08-18	10	10	874.00	87.40	0	2026-05-13 13:24:56.700
2462	cac876b37d3abcd6bd76caca30277996	85816	cascavel	PR	2018-02-13	2018-07-26	27	33	2229.77	67.57	0	2026-05-13 13:24:56.700
2463	cad10cc982ab6a391570c211b995c17c	18701	avare	SP	NULL	NULL	1	1	47.40	47.40	0	2026-05-13 13:24:56.700
2464	cad9969167c09b48ae6f1d123f7fa68d	37706	pocos de caldas	MG	2018-07-24	2018-07-31	2	2	43.20	21.60	0	2026-05-13 13:24:56.700
2465	cb0b3bcf14e0a709df412a99424a59d7	4255	sao paulo	SP	2018-04-05	2018-04-16	2	2	460.00	230.00	0	2026-05-13 13:24:56.700
2466	cb162c8eef257253782d245c08d9097c	6419	barueri	SP	2017-11-19	2017-11-19	1	1	34.99	34.99	0	2026-05-13 13:24:56.700
2467	cb32766839f443db85c82a43c4a6c19e	13506	rio claro	SP	2017-02-10	2017-02-26	2	2	234.00	117.00	0	2026-05-13 13:24:56.700
2468	cb3dd9ce66268c7a3ca7241ac70ab58c	3028	sao paulo	SP	2017-02-07	2018-04-23	50	52	2879.76	55.38	0	2026-05-13 13:24:56.700
2469	cb41bfbcbda0aea354a834ab222f9a59	3520	sao paulo	SP	2017-11-28	2018-07-06	12	12	4002.00	333.50	0	2026-05-13 13:24:56.700
2470	cb4a705d00e100b9732d0ca34817d441	88032	florianopolis	SC	2017-11-24	2017-11-24	1	2	998.00	499.00	0	2026-05-13 13:24:56.700
2471	cb5df0dcb9e280b1780e9d589889f2c7	15115	bady bassitt	SP	2017-01-29	2017-06-14	16	19	2934.72	154.46	0	2026-05-13 13:24:56.700
2472	cb5ff1b9715e99589f3e0c7a6afab9e3	87060	maringa	PR	2018-08-02	2018-08-21	4	4	85.00	21.25	0	2026-05-13 13:24:56.700
2473	cb6c9f5888a7a090c75beaf615925792	29100	vila velha	ES	2018-04-30	2018-08-19	11	11	779.89	70.90	0	2026-05-13 13:24:56.700
2474	cb810bd318f51b3dc3c753944d61a1fa	24240	niteroi	RJ	2018-08-16	2018-08-16	1	1	1750.00	1750.00	0	2026-05-13 13:24:56.700
2475	cb8bcce248bb1fb274ba762d8b971456	37540	santa rita do sapucai	MG	2017-01-26	2018-08-18	68	69	9402.20	136.26	0	2026-05-13 13:24:56.700
2476	cb9fb4ca75d7ba8437480e8dde64fe98	3551	sao paulo	SP	2017-06-07	2017-10-11	10	10	532.14	53.21	0	2026-05-13 13:24:56.700
2477	cbbd5ae8f53de5f5097cd8217b529e24	6544	santana de parnaiba	SP	2017-02-10	2017-02-12	2	2	351.80	175.90	0	2026-05-13 13:24:56.700
2478	cbd996ad3c1b7dc71fd0e5f5df9087e2	15081	sao jose do rio preto	SP	2017-02-15	2018-08-27	165	196	8411.04	42.91	0	2026-05-13 13:24:56.700
2479	cbf09e831b0c11f6f23ffb51004db972	9726	sbc/sp	SP	2018-05-03	2018-08-21	10	10	1535.20	153.52	0	2026-05-13 13:24:56.700
2480	cc1f04647be106ba74e62b21f358af25	2739	sao paulo	SP	2018-06-22	2018-06-22	1	1	11.90	11.90	0	2026-05-13 13:24:56.700
2481	cc3d14116804f7209f3884f6367f1152	82940	curitiba	PR	2017-05-03	2018-08-21	27	30	5477.80	182.59	0	2026-05-13 13:24:56.700
2482	cc419e0650a3c5ba77189a1882b7556a	9015	santo andre	SP	2017-01-31	2018-08-27	1706	1775	104288.42	58.75	1	2026-05-13 13:24:56.700
2483	cc5a78bbad32776dc4e3af205218368c	35501	divinopolis	MG	2018-05-08	2018-08-24	33	38	4269.18	112.35	0	2026-05-13 13:24:56.700
2484	cc63f0dd2acba93ffed4fe9f8e0321fa	15025	sao jose do rio preto	SP	2018-05-10	2018-08-24	55	63	7096.71	112.65	0	2026-05-13 13:24:56.700
2485	cc80e2f693fa6e2408f47ccf62413fc1	81050	curitiba	PR	2017-11-27	2017-12-01	2	2	420.00	210.00	0	2026-05-13 13:24:56.700
2486	cca3071e3e9bb7d12640c9fbe2301306	14940	ibitinga	SP	2016-10-03	2018-08-22	712	830	64009.89	77.12	0	2026-05-13 13:24:56.700
2487	ccada0ef508e698917a6eab263375905	85948	pato bragado	PR	2017-07-13	2017-10-05	3	3	172.80	57.60	0	2026-05-13 13:24:56.700
2488	ccb83a794700270fde70898fe9ff368b	88960	sombrio	SC	2017-02-21	2017-08-06	12	12	11062.00	921.83	0	2026-05-13 13:24:56.700
2489	ccbd753e6863fe7314dc6c0ca5a074e7	89046	blumenau	SC	2018-08-12	2018-08-12	1	1	495.00	495.00	0	2026-05-13 13:24:56.700
2490	ccc4bbb5f32a6ab2b7066a4130f114e3	80310	curitiba	PR	2017-01-07	2018-08-21	187	192	74004.62	385.44	0	2026-05-13 13:24:56.700
2491	cce6ab8d1682639fe45ab70234f1665f	81020	curitiba	SP	2017-05-31	2018-07-15	63	66	2522.70	38.22	0	2026-05-13 13:24:56.700
2492	ccf8813e5a7d6c84d865cd38bfc2b130	12080	taubate	SP	2017-08-30	2018-08-23	26	26	2635.50	101.37	0	2026-05-13 13:24:56.700
2493	cd06602b43d8800bd0afad514919d35c	4119	sao paulo	SP	2017-01-26	2018-08-04	44	53	2588.07	48.83	0	2026-05-13 13:24:56.700
2494	cd2169d9f31ff6fbb9ca3373b0c9e354	28633	nova friburgo	RJ	2018-06-15	2018-06-15	1	1	569.00	569.00	0	2026-05-13 13:24:56.700
2495	cd233f8bfa30ebfd651f47ee7d054951	16208	birigui	SP	2018-08-19	2018-08-19	1	1	79.90	79.90	0	2026-05-13 13:24:56.700
2496	cd3d09fbe6e3e9ff0c0ac0c300e93ae7	13380	nova odessa	SP	2018-06-30	2018-08-18	12	12	651.04	54.25	0	2026-05-13 13:24:56.700
2497	cd52a8efd71af3336b14b5039b951cc1	88136	palhoca	SP	2017-09-11	2017-11-25	3	3	170.80	56.93	0	2026-05-13 13:24:56.700
2498	cd68562d3f44870c08922d380acae552	14050	ribeirao preto	SP	2017-04-16	2018-06-15	125	132	18569.70	140.68	0	2026-05-13 13:24:56.700
2499	cd6efc47efaabf134f8bdb654e10b4f1	23050	rio de janeiro	RJ	2017-11-13	2018-08-15	31	32	4158.55	129.95	0	2026-05-13 13:24:56.700
2500	cd843d4cf8ef32827de0396605163ba3	36071	juiz de fora	MG	2017-07-28	2018-08-13	5	5	1915.00	383.00	0	2026-05-13 13:24:56.700
2501	cda598c48d7c614bc1cad7d8ff6f0010	15137	mirassol	SP	2018-03-17	2018-08-15	17	18	1118.60	62.14	0	2026-05-13 13:24:56.700
2502	ce20a2ec1514c25e16f2b5b39bc818f0	5186	sao paulo	SP	2018-06-01	2018-08-13	4	7	287.00	41.00	0	2026-05-13 13:24:56.700
2503	ce248b21cb2adc36282ede306b7660e5	89251	jaragua do sul	SC	2017-07-18	2018-08-04	65	66	15230.06	230.76	0	2026-05-13 13:24:56.700
2504	ce27a3cc3c8cc1ea79d11e561e9bebb6	3006	sao paulo	SP	2016-10-04	2018-08-25	135	164	10682.65	65.14	0	2026-05-13 13:24:56.700
2505	ce33c6211beaa8fef4cae8b52db39862	8655	suzano	SP	2017-02-12	2017-02-12	1	1	49.00	49.00	0	2026-05-13 13:24:56.700
2506	ce3ad9de960102d0677a81f5d0bb7b2d	20031	rio de janeiro	RJ	2018-07-30	2018-07-30	1	1	158.00	158.00	0	2026-05-13 13:24:56.700
2507	ce4755084bc097113867e6454f8f5e52	14090	ribeirao preto	SP	2018-06-12	2018-06-12	1	1	18.90	18.90	0	2026-05-13 13:24:56.700
2508	ce616e1913288884e7742faac9d981db	6711	cotia	SP	2018-05-19	2018-08-21	15	24	365.10	15.21	0	2026-05-13 13:24:56.700
2509	ce69a8021d18961dd2a40269b7c2c293	81070	curitiba	PR	2018-03-27	2018-08-20	19	19	4818.00	253.58	0	2026-05-13 13:24:56.700
2510	ce7d1888639e6fb06b2749cbfdac1ff7	37443	baependi	MG	2017-08-12	2018-08-18	78	84	11793.89	140.40	0	2026-05-13 13:24:56.700
2511	cea729054f157f5870bdd321a958d994	3161	sao paulo	SP	2018-03-27	2018-08-13	24	26	2482.10	95.47	0	2026-05-13 13:24:56.700
2512	ceaec5548eefc6e23e6607c5435102e7	3821	sao paulo	SP	2018-01-18	2018-08-15	203	211	52917.18	250.79	0	2026-05-13 13:24:56.700
2513	ceb7b4fb9401cd378de7886317ad1b47	22790	04482255	RJ	2017-08-25	2017-08-25	1	1	399.90	399.90	0	2026-05-13 13:24:56.700
2514	cecd97bc34ed8330bd4cd15713eda670	89819	cordilheira alta	SC	2018-08-13	2018-08-13	1	1	57.99	57.99	0	2026-05-13 13:24:56.700
2515	cee48807215b30a12ca2ca10ffb5f250	11431	guaruja	SP	2017-08-04	2018-08-21	39	40	7212.23	180.31	0	2026-05-13 13:24:56.700
2516	cf1313c6e2c01c2f4b014f97db4bcd2b	22050	rio de janeiro \rio de janeiro	RJ	2018-06-15	2018-08-06	5	5	315.70	63.14	0	2026-05-13 13:24:56.700
2517	cf2384dd2f1dddea3f838efed0945e65	13930	serra negra	SP	2017-03-09	2018-08-02	16	16	2101.50	131.34	0	2026-05-13 13:24:56.700
2518	cf281cf8b7affbdfe751b29cc85580e1	61760	eusebio	CE	2016-10-06	2016-10-06	1	1	64.90	64.90	0	2026-05-13 13:24:56.700
2519	cf654707ed6a99f112c7ec3d6f314b8b	4615	sao paulo	SP	2018-05-14	2018-08-14	3	4	756.00	189.00	0	2026-05-13 13:24:56.700
2520	cf6f6bc4df3999b9c6440f124fb2f687	4937	sao paulo	SP	2017-05-01	2017-05-01	1	1	3.50	3.50	0	2026-05-13 13:24:56.700
2521	cf8ab1616079e2793aa29d524df01bb1	4088	sao paulo	SP	2017-12-01	2018-03-09	9	9	14391.00	1599.00	0	2026-05-13 13:24:56.700
2522	cfa5ab0e4d3fc212fd0b3410e7081c62	36500	uba	MG	2017-10-15	2018-08-20	16	21	6180.80	294.32	0	2026-05-13 13:24:56.700
2523	cfb1a033743668a192316f3c6d1d2671	18110	votorantim	SP	2017-02-01	2018-08-10	147	184	12803.64	69.58	0	2026-05-13 13:24:56.700
2524	cfd7ddab722b902f7ac5b5f3ba6d723d	32372	contagem	MG	2018-06-07	2018-08-02	12	13	3385.03	260.39	0	2026-05-13 13:24:56.700
2525	cfe94489ddd337d1e29e12f2a7205d10	3178	sao paulo	SP	2018-02-26	2018-08-22	20	24	2376.00	99.00	0	2026-05-13 13:24:56.700
2526	d03698c2efd04a549382afa6623e27fb	45658	ilheus	BA	2016-10-07	2018-07-31	18	21	8865.47	422.17	0	2026-05-13 13:24:56.700
2527	d05ae8f7a5bd1d2a690a44cd079e4e27	22775	rio de janeiro	RJ	2017-04-22	2018-08-18	78	81	13436.00	165.88	0	2026-05-13 13:24:56.700
2528	d06d019f72a04e5497a0b64190af170c	6703	cotia	SP	2018-03-28	2018-08-21	17	17	2415.93	142.11	0	2026-05-13 13:24:56.700
2529	d0d70d21e2234dd7cd3cf63fe414148a	58865	sao bento	PB	2018-06-28	2018-08-15	8	9	598.40	66.49	0	2026-05-13 13:24:56.700
2530	d101c6da914ae3d53f7bee42283f2fe2	8072	sao paulo	SP	2016-10-05	2017-05-30	13	16	1297.40	81.09	0	2026-05-13 13:24:56.700
2531	d12c926d74ceff0a90a21184466ce161	2634	sao paulo	SP	2016-10-06	2018-05-13	78	99	3944.18	39.84	0	2026-05-13 13:24:56.700
2532	d13e50eaa47b4cbe9eb81465865d8cfc	9210	santo andre	SP	2018-08-04	2018-08-28	67	69	7155.05	103.70	0	2026-05-13 13:24:56.700
2533	d149de2f383552baea37a7198c2296ce	4193	sao paulo	SP	2018-08-20	2018-08-27	3	3	320.70	106.90	0	2026-05-13 13:24:56.700
2534	d1582f4043306e6b91afa6a8a884f898	3445	sao paulo	SP	2017-11-20	2018-02-12	9	9	990.00	110.00	0	2026-05-13 13:24:56.700
2535	d17f467e4bf608a510c20d82f4ba3b6b	95098	caxias do sul	RS	2018-07-17	2018-07-31	12	12	3021.66	251.81	0	2026-05-13 13:24:56.700
2536	d180e07dc1e58c31c3f0cd599dc4d945	30620	belo horizonte	MG	2018-01-26	2018-01-26	1	1	58.80	58.80	0	2026-05-13 13:24:56.700
2537	d197aa8fbc64087f61984deef05f6227	12224	sao jose dos campos	SP	2018-05-16	2018-08-21	6	7	519.09	74.16	0	2026-05-13 13:24:56.700
2538	d1a1b40ec554c593a1a99366746289dd	85501	pato branco	PR	2017-01-26	2017-01-26	1	1	49.70	49.70	0	2026-05-13 13:24:56.700
2539	d1a5cc844736958c11b8efab9a2b4c87	80310	curitiba	PR	2017-10-23	2017-10-23	1	1	237.60	237.60	0	2026-05-13 13:24:56.700
2540	d1aa1ec0839dcab73a6161130eb1f94a	80220	curitiba	PR	2017-04-19	2017-04-19	1	1	119.90	119.90	0	2026-05-13 13:24:56.700
2541	d1b65fc7debc3361ea86b5f14c68d2e2	13844	mogi guacu	SP	2017-03-28	2018-06-06	40	41	11703.07	285.44	0	2026-05-13 13:24:56.700
2542	d1b9d4be4b6f9ebd85f8acd6745ba612	34006	nova lima	MG	2017-10-11	2018-08-21	11	11	1154.35	104.94	0	2026-05-13 13:24:56.700
2543	d1c281d3ae149232351cd8c8cc885f0d	14940	ibitinga	SP	2017-02-14	2018-08-16	215	240	26942.60	112.26	0	2026-05-13 13:24:56.700
2544	d1c7fa84e48cfa21a0e595167c1c500e	99730	jacutinga	RS	2018-03-24	2018-07-23	12	12	1156.03	96.34	0	2026-05-13 13:24:56.700
2545	d1e2fe627180431ffda076abb303c56f	25900	rio de janeiro	RJ	2018-03-23	2018-03-23	1	1	289.00	289.00	0	2026-05-13 13:24:56.700
2546	d1ef48b38baca7e831711c4a0aeb398f	86800	apucarana	PR	2018-02-23	2018-07-25	29	35	1469.12	41.97	0	2026-05-13 13:24:56.700
2547	d20b021d3efdf267a402c402a48ea64b	14940	ibitinga	SP	2017-02-26	2018-07-30	90	106	4140.17	39.06	0	2026-05-13 13:24:56.700
2548	d23019c84ffae2d5ef2270367b8605fc	86073	londrina	PR	2017-10-10	2018-08-22	39	39	29205.10	748.85	0	2026-05-13 13:24:56.700
2549	d2374cbcbb3ca4ab1086534108cc3ab7	14940	ibitinga	SP	2017-02-10	2018-08-21	524	631	21223.92	33.64	0	2026-05-13 13:24:56.700
2550	d2572f31e9023e9850ef986a636ff9bf	30640	belo horizonte	MG	2017-03-25	2017-03-25	1	1	279.00	279.00	0	2026-05-13 13:24:56.700
2551	d25aa0aaacb370e912f8cf6efeba38b3	89108	massaranduba	SC	2018-03-11	2018-08-14	17	21	2658.45	126.59	0	2026-05-13 13:24:56.700
2552	d263fa444c1504a75cbca5cc465f592a	13478	americana	SP	2018-07-24	2018-07-24	1	1	399.00	399.00	0	2026-05-13 13:24:56.700
2553	d26aa40b90272d4843d63be7c1462c8d	3065	sao paulo	SP	2018-07-11	2018-08-01	2	2	152.90	76.45	0	2026-05-13 13:24:56.700
2554	d297f1055de2956aedfd3b04113dce3e	13382	nova odessa	SP	2018-08-20	2018-08-20	1	1	54.30	54.30	0	2026-05-13 13:24:56.700
2555	d29ba1220fb8634fa3a107e54497b8a4	13560	sao carlos	SP	2018-04-15	2018-08-15	9	9	724.94	80.55	0	2026-05-13 13:24:56.700
2556	d2df77822373f19934e87694d8640767	86706	arapongas	PR	2018-04-18	2018-04-26	2	2	155.90	77.95	0	2026-05-13 13:24:56.700
2557	d2e753bb80b7d4faa77483ed00edc8ca	45810	porto seguro	BA	2017-10-06	2018-05-18	14	15	1320.70	88.05	0	2026-05-13 13:24:56.700
2558	d2f3e277560ed4c6361284429b00f037	12942	atibaia	SP	2017-07-08	2017-10-08	7	7	320.55	45.79	0	2026-05-13 13:24:56.700
2559	d32e3909cfb714fb2a6cb092c85b9c5f	13215	jundiai	SP	2017-08-10	2018-04-25	10	11	2827.90	257.08	0	2026-05-13 13:24:56.700
2560	d354c38a7182125a748cb10474fe963b	28495	aperibe	RJ	2017-05-02	2018-03-16	18	20	1610.33	80.52	0	2026-05-13 13:24:56.700
2561	d3674f271c91f824f82d24d92011f669	72233	brasilia	DF	2017-07-07	2018-08-12	20	20	1718.30	85.92	0	2026-05-13 13:24:56.700
2562	d36b07fd3c5088e477a72d1fccfe29d4	18200	itapetininga	SP	2017-05-06	2017-05-06	1	1	328.90	328.90	0	2026-05-13 13:24:56.700
2563	d379f449f2a3b271bc01c0782020f705	35500	divinopolis	MG	2017-01-28	2018-08-22	28	29	4423.06	152.52	0	2026-05-13 13:24:56.700
2564	d3891911c2feae53c52fea2bd14054e5	6760	sao paulo	SP	2018-06-04	2018-06-19	2	2	141.00	70.50	0	2026-05-13 13:24:56.700
2565	d3dcf0604eabf0224fbd5948b5e02f69	3654	sao paulo	SP	2018-02-15	2018-07-27	9	9	2902.30	322.48	0	2026-05-13 13:24:56.700
2566	d3e7d37c0df9aef383f3f2a15b0dddfb	83050	sao jose dos pinhais	PR	2018-07-22	2018-07-22	1	1	161.00	161.00	0	2026-05-13 13:24:56.700
2567	d3f39f05462b79a4562d35893a28f159	13730	mococa	SP	2017-06-21	2018-06-17	34	38	2411.30	63.46	0	2026-05-13 13:24:56.700
2568	d4828feed4cda2cd9d6b37899a95a71e	63020	juzeiro do norte	CE	2018-08-07	2018-08-07	1	1	39.90	39.90	0	2026-05-13 13:24:56.700
2569	d4910f1cdcfdabd48d6b316e395d4a23	9190	santo andre	SP	2018-08-10	2018-08-17	11	12	1146.88	95.57	0	2026-05-13 13:24:56.700
2570	d4a5e99e0dd915df64ba55a7fbd583fd	5041	sao paulo	SP	2017-10-26	2017-10-26	2	6	65.15	10.86	0	2026-05-13 13:24:56.700
2571	d4d99b60c4c94cd35acd502cec65dc8d	4904	sao paulo	SP	2016-10-09	2016-10-09	1	1	72.90	72.90	0	2026-05-13 13:24:56.700
2572	d4e12e7884759a14fa0f5f896c791cae	2242	sao paulo	SP	2017-09-07	2018-07-23	29	32	1400.00	43.75	0	2026-05-13 13:24:56.700
2573	d4e4b5192cba4e0e66eb12a9d347239d	85904	toledo	PR	2017-03-14	2017-11-06	12	12	441.80	36.82	0	2026-05-13 13:24:56.700
2574	d4f117125b59ce73c3302f88ee40c458	4058	sao paulo	SP	2017-12-05	2018-08-12	17	17	783.29	46.08	0	2026-05-13 13:24:56.700
2575	d4f91e8be86b38da2ee35bc489645a9d	12512	guaratingueta	SP	2016-10-08	2016-10-08	1	1	49.99	49.99	0	2026-05-13 13:24:56.700
2576	d4ffeb15b67e81ff9af2b4252d99fb7e	12943	atibaia	SP	2018-04-26	2018-07-27	11	12	1400.40	116.70	0	2026-05-13 13:24:56.700
2577	d50d79cb34e38265a8649c383dcffd48	8290	sao paulo	SP	2016-10-08	2018-08-10	70	70	13012.42	185.89	0	2026-05-13 13:24:56.700
2578	d51e0a403fe2e689ece6c73359d96e12	17580	pompeia	SP	2017-08-21	2018-07-25	19	26	7790.00	299.62	0	2026-05-13 13:24:56.700
2579	d52cbce9845184537284a23c3bc3da0e	88495	garopaba	SC	2018-02-02	2018-03-02	2	4	75.00	18.75	0	2026-05-13 13:24:56.700
2580	d558ebe531605a1285ab2b1bc3256dfb	35501	divinopolis	MG	2018-03-16	2018-06-09	3	3	709.00	236.33	0	2026-05-13 13:24:56.700
2581	d566c37fa119d5e66c4e9052e83ee4ea	4131	sao paulo	SP	2018-03-16	2018-08-26	65	73	5145.70	70.49	0	2026-05-13 13:24:56.700
2582	d57e18d5f73c7ccb7f7339b61166898d	3613	sao paulo	SP	2017-09-10	2018-08-21	61	63	3187.70	50.60	0	2026-05-13 13:24:56.700
2583	d58d521f3789def2e7a22715e0badd93	3643	sao paulo	SP	2017-11-10	2018-03-20	2	2	65.98	32.99	0	2026-05-13 13:24:56.700
2584	d594982fd877af63ace38ea1fca27c76	1031	sao paulo	SP	2018-06-29	2018-08-21	7	7	217.04	31.01	0	2026-05-13 13:24:56.700
2585	d598f929fc44e1e38678e7f47250ec04	73801	formosa	GO	2018-06-22	2018-06-22	1	1	69.90	69.90	0	2026-05-13 13:24:56.700
2586	d5b9a084373da994a6e37f732169a853	9182	santo andre	SP	2018-01-20	2018-05-07	7	7	1769.00	252.71	0	2026-05-13 13:24:56.700
2587	d5ba419e26d246a0719437cf37d9b46d	3437	sao paulo	SP	2017-05-05	2018-08-22	34	35	4061.40	116.04	0	2026-05-13 13:24:56.700
2588	d5c530f4884a75ae0dba9c148718d278	35660	centro	MG	2017-09-15	2017-11-28	6	9	280.88	31.21	0	2026-05-13 13:24:56.700
2589	d624126b9206f595fb3fbb6ba03b28a8	80045	curitiba	PR	2017-05-14	2018-08-16	23	28	7198.80	257.10	0	2026-05-13 13:24:56.700
2590	d63c73efd41eb002280e7ec831424edb	13405	piracicaba	SP	2017-11-20	2017-11-20	2	2	5598.00	2799.00	0	2026-05-13 13:24:56.700
2591	d63f306de130e0391d38a792541723b8	3236	sao paulo	SP	2018-08-20	2018-08-20	1	1	49.00	49.00	0	2026-05-13 13:24:56.700
2592	d650b663c3b5f6fb392b6326366efa9a	6713	cotia	SP	2017-12-03	2018-08-13	60	60	19242.90	320.72	0	2026-05-13 13:24:56.700
2593	d65f31d2413268e671989503f6cf9993	13160	artur nogueira	SP	2017-02-07	2017-03-05	2	3	488.80	162.93	0	2026-05-13 13:24:56.700
2594	d66c11a9572221d92fbb8c4897db5f9b	20770	rio de janeiro	RJ	2018-06-23	2018-08-22	16	16	776.56	48.53	0	2026-05-13 13:24:56.700
2595	d66c305afaec317ebee552073a674429	33936	ribeirao das neves	MG	2017-01-11	2017-05-19	41	47	4886.46	103.97	0	2026-05-13 13:24:56.700
2596	d673a59aac7a70d8b01e6902bf090a11	14940	ibitinga	SP	2017-10-31	2018-08-23	79	84	3908.94	46.54	0	2026-05-13 13:24:56.700
2597	d6ab728cf30867cf3f1a2e216ae2f9b7	3185	sao paulo	SP	2018-03-12	2018-08-21	12	14	2002.00	143.00	0	2026-05-13 13:24:56.700
2598	d6b1ce66b035a475f00c017792ff9769	13327	salto	SP	2018-03-17	2018-08-26	92	108	12277.40	113.68	0	2026-05-13 13:24:56.700
2599	d6b664fa0667064c6d76394e7848d790	14801	araraquara	SP	2017-05-04	2018-05-16	6	6	6080.00	1013.33	0	2026-05-13 13:24:56.700
2600	d6cd01c59123df02fc226eadbadb5f89	1207	sao paulo	SP	2018-01-11	2018-05-28	2	3	244.90	81.63	0	2026-05-13 13:24:56.700
2601	d71d863e5ef30d94e440c11be17dcd8f	6144	osasco	SP	2017-10-15	2018-05-19	29	36	11900.90	330.58	0	2026-05-13 13:24:56.700
2602	d73cbd89533ce8b041a9190241453ac8	36525	guiricema	MG	2017-03-23	2017-07-31	4	4	368.60	92.15	0	2026-05-13 13:24:56.700
2603	d7485b33791774c36108f8c69602d48d	81020	curitiba	PR	2018-04-06	2018-07-24	10	10	399.82	39.98	0	2026-05-13 13:24:56.700
2604	d7827b2af99326a03b0ed9c7a24db0d3	86076	londrina	SP	2018-04-12	2018-04-12	1	1	1455.00	1455.00	0	2026-05-13 13:24:56.700
2605	d79e8478eed9999493990b44955fb22e	20081	rio de janeiro / rio de janeiro	RJ	2018-06-28	2018-08-19	5	5	721.89	144.38	0	2026-05-13 13:24:56.700
2606	d7ab82074b5f1dfba46db123df101bff	12941	atibaia	SP	2018-01-03	2018-01-04	2	3	38.67	12.89	0	2026-05-13 13:24:56.700
2607	d7b2377bae6ace1b11fc69a11900ac36	2415	sao paulo	SP	2017-08-31	2017-11-29	4	4	329.60	82.40	0	2026-05-13 13:24:56.700
2608	d7d517afce974cd491b8d52bb5b5b1fc	3508	sao paulo	SP	2018-08-16	2018-08-16	1	1	89.99	89.99	0	2026-05-13 13:24:56.700
2609	d7f1cfc638473be93baedbfd02208016	26112	belford roxo	RJ	2018-07-19	2018-07-19	1	1	30.00	30.00	0	2026-05-13 13:24:56.700
2610	d85efbc8eff2b7adf524e2820569adc8	5268	sao paulo	SP	2018-05-12	2018-05-12	1	1	55.00	55.00	0	2026-05-13 13:24:56.700
2611	d8b8f2cf9ff6ba0389072541cb42498c	73813	formosa	GO	2018-05-23	2018-05-23	1	1	149.00	149.00	0	2026-05-13 13:24:56.700
2612	d8bf0fc082fd4a77fc2e5679b6c00133	3184	sao paulo	SP	2018-07-20	2018-07-20	1	1	139.90	139.90	0	2026-05-13 13:24:56.700
2613	d8c7ba53e7e38711eaef8c2849d6d2e1	87120	floresta	PR	2018-05-08	2018-08-21	22	22	1190.87	54.13	0	2026-05-13 13:24:56.700
2614	d8cf3b6a2151949f930d0252b180ec42	87160	mandaguacu	PR	2018-04-13	2018-06-21	6	19	623.70	32.83	0	2026-05-13 13:24:56.700
2615	d8d9567d0bfb0bc7eb845a205ba42657	3688	sao paulo	SP	2018-03-28	2018-08-22	4	4	74.60	18.65	0	2026-05-13 13:24:56.700
2616	d8dd176509baa37f359644d082bf7f7b	9570	sao caetano do sul	SP	2017-11-16	2017-11-25	2	2	198.00	99.00	0	2026-05-13 13:24:56.700
2617	d90fe2229fee1a5da999ccd0c06c1667	3416	sao paulo	SP	2018-07-22	2018-08-08	3	3	450.00	150.00	0	2026-05-13 13:24:56.700
2618	d91fb3b7d041e83b64a00a3edfb37e4f	11704	praia grande	SP	2017-02-07	2018-08-24	535	536	40889.74	76.29	0	2026-05-13 13:24:56.700
2619	d921b68bf747894be13a97ae52b0f386	35570	formiga	MG	2018-04-17	2018-08-22	77	77	15645.80	203.19	0	2026-05-13 13:24:56.700
2620	d93844a9c55ba7ce353388bcf849ea56	82320	curitiba	PR	2017-03-15	2018-04-29	12	14	2708.50	193.46	0	2026-05-13 13:24:56.700
2621	d93919c944be9cff128f6c9cb899eacb	13375	mombuca	SP	2017-11-29	2018-07-24	33	33	2666.70	80.81	0	2026-05-13 13:24:56.700
2622	d93b8458c6fe139d85cfa5eadbf55bd2	2238	sao paulo	SP	2017-11-19	2017-11-19	1	1	19.90	19.90	0	2026-05-13 13:24:56.700
2623	d9442042130b7fe579d1295f9f4a248f	3550	sao paulo	SP	2017-04-23	2017-09-11	19	22	772.16	35.10	0	2026-05-13 13:24:56.700
2624	d94a40fd42351c259927028d163af842	37443	baependi	MG	2017-07-22	2018-08-05	101	110	13823.80	125.67	0	2026-05-13 13:24:56.700
2625	d94ba08b99bedd6a5f6c875ecc4a6fac	86800	apucarana	PR	2017-04-12	2017-07-27	9	10	599.00	59.90	0	2026-05-13 13:24:56.700
2626	d97df38225e5abadaff1e72cb72b823c	9560	sao caetano do sul	SP	2017-11-03	2018-08-08	29	29	1846.00	63.66	0	2026-05-13 13:24:56.700
2627	d98eec89afa3380e14463da2aabaea72	90010	porto alegre	RS	2017-01-18	2018-08-27	168	183	6968.53	38.08	0	2026-05-13 13:24:56.700
2628	d9a84e1403de8da0c3aa531d6d108ba6	3562	sao paulo	SP	2018-02-22	2018-08-28	54	59	1425.20	24.16	0	2026-05-13 13:24:56.700
2629	d9b00a97818674c7f8d8b1ef0e689679	84035	ponta grossa	PR	2018-08-14	2018-08-14	1	1	69.90	69.90	0	2026-05-13 13:24:56.700
2630	d9bd94811c3338dceb4181f3dbc0c73e	4186	sao paulo	SP	2018-05-01	2018-08-21	54	61	6911.02	113.30	0	2026-05-13 13:24:56.700
2631	d9c349beabc06aa6ff1c6d68b5e9e22e	3586	sao paulo	SP	2018-04-30	2018-04-30	1	1	168.10	168.10	0	2026-05-13 13:24:56.700
2632	d9cb0052a666de5308b32f32ad5f1b1c	15400	olimpia	SP	2018-01-19	2018-05-15	3	3	231.90	77.30	0	2026-05-13 13:24:56.700
2633	d9cd369bffa979d1634f8e1318bf2f1b	15115	bady bassitt	SP	2018-05-13	2018-08-10	3	3	678.00	226.00	0	2026-05-13 13:24:56.700
2634	d9d43faf741ceaa8da52fdbb81d9e0e3	36010	juiz de fora	SP	2018-04-05	2018-08-07	6	8	210.00	26.25	0	2026-05-13 13:24:56.700
2635	d9e7e7778b32987280a6f2cb9a39c57d	3304	sao paulo	SP	2018-01-10	2018-06-05	11	13	722.50	55.58	0	2026-05-13 13:24:56.700
2636	d9e8c084b68fe958861d8f2c21202e6b	5528	sao paulo	SP	2017-10-05	2018-07-20	9	12	3050.00	254.17	0	2026-05-13 13:24:56.700
2637	da03c298e3999e9d828591fc2179d109	4041	sao paulo	SP	2017-12-04	2018-02-28	4	5	787.70	157.54	0	2026-05-13 13:24:56.700
2638	da20530872245d6cd9d2f5725613c430	95650	igrejinha	RS	2017-10-18	2017-10-26	2	3	314.96	104.99	0	2026-05-13 13:24:56.700
2639	da2782c804606d2a5d8e1760dbb3e7ec	2022	sao paulo	SP	2017-11-26	2017-11-26	1	1	89.00	89.00	0	2026-05-13 13:24:56.700
2640	da3fede3469bf49b7293ce3fc45b294d	8743	mogi das cruzes	SP	2018-03-17	2018-03-17	1	1	44.90	44.90	0	2026-05-13 13:24:56.700
2641	da4d149c0ddbac90557103ac0a0ec356	9861	sbc	SP	2018-08-20	2018-08-20	1	1	730.00	730.00	0	2026-05-13 13:24:56.700
2642	da6a60cc8cc724fe51be021ff8be779c	28941	sao pedro da aldeia	RJ	2018-05-21	2018-08-17	12	13	728.79	56.06	0	2026-05-13 13:24:56.700
2643	da7039f29f90ce5b4846ffc0fcc93beb	9041	santo andre	SP	2018-05-09	2018-08-18	17	18	1259.10	69.95	0	2026-05-13 13:24:56.700
2644	da8622b14eb17ae2831f4ac5b9dab84a	13405	piracicaba	SP	2017-02-05	2018-08-28	1314	1551	160236.57	103.31	1	2026-05-13 13:24:56.700
2645	dace965ca58120f92f8d742a9fa1864b	14015	sao paulo	SP	2018-03-25	2018-05-19	8	8	1442.00	180.25	0	2026-05-13 13:24:56.700
2646	dadc51ef321949ec9a3ab25cd902e23d	4821	sao paulo	SP	2017-09-15	2017-09-15	1	1	85.00	85.00	0	2026-05-13 13:24:56.700
2647	daeb5653dd96c1b11860f72209795012	31310	belo horizonte	MG	2017-09-07	2018-08-10	40	41	2305.90	56.24	0	2026-05-13 13:24:56.700
2648	daf565f087a52def0fd5c5825b3661bc	88350	brusque	SC	2018-06-16	2018-08-22	9	9	813.90	90.43	0	2026-05-13 13:24:56.700
2649	db1f0f7c7e5e87f40b62226f020bb297	83322	pinhais	PR	2017-04-03	2017-05-09	3	3	59.01	19.67	0	2026-05-13 13:24:56.700
2650	db2956745b3a8e9f3785c99f34b5d25e	11600	sao sebastiao	SP	2018-04-14	2018-08-10	47	48	8599.00	179.15	0	2026-05-13 13:24:56.700
2651	db4350fd57ae30082dec7acbaacc17f9	3126	sao paulo	SP	2017-03-06	2018-08-21	137	146	3331.31	22.82	0	2026-05-13 13:24:56.700
2652	db46ca7bce82b11f7e247539271fc390	23080	rio de janeiro	RJ	2017-03-21	2017-07-05	16	16	933.97	58.37	0	2026-05-13 13:24:56.700
2653	db6a4d4b5f1f5f98820ce6ce2619e2de	2968	sao paulo	SP	2018-01-08	2018-01-08	1	1	135.99	135.99	0	2026-05-13 13:24:56.700
2654	db7ed69a53aa9fb1c01930ba54a88bbe	13820	jaguariuna	SP	2018-06-22	2018-06-22	1	1	109.00	109.00	0	2026-05-13 13:24:56.700
2655	dbb9b48c841a0e39e21f98e1a6b2ec3e	3929	sao paulo	SP	2017-01-11	2018-06-26	108	118	7186.85	60.91	0	2026-05-13 13:24:56.700
2656	dbbcfe2c8d026742134ac3e28ccde274	81630	curitiba	PR	2017-07-25	2018-06-06	4	4	308.59	77.15	0	2026-05-13 13:24:56.700
2657	dbc22125167c298ef99da25668e1011f	37564	borda da mata	MG	2017-04-09	2018-08-23	406	429	33776.78	78.73	0	2026-05-13 13:24:56.700
2658	dbc51f5e45d654ecc16cb68e6817ecea	14402	franca	SP	2017-02-24	2017-02-24	1	1	199.99	199.99	0	2026-05-13 13:24:56.700
2659	dbd66278cbfe1aa1000f90a217ca4695	5588	sao paulo	SP	2017-11-25	2018-08-23	85	99	4928.90	49.79	0	2026-05-13 13:24:56.700
2660	dbdd0ec73a4817971d962698f2fea022	60710	fortaleza	CE	2018-04-30	2018-08-19	16	16	6384.00	399.00	0	2026-05-13 13:24:56.700
2661	dbec9a0a7efeff029d4d9dce7dc4cc95	31920	belo horizonte	MG	2018-06-15	2018-08-14	3	3	1170.00	390.00	0	2026-05-13 13:24:56.700
2662	dc120d932ddf9d4dfb6fd68beefda622	83010	sao jose dos pinhais	PR	2018-04-25	2018-04-25	1	1	130.00	130.00	0	2026-05-13 13:24:56.700
2663	dc317f341ab0e22f39acbd9dbf9b4a1f	94910	cachoeirinha	RS	2017-01-16	2018-07-01	55	58	18988.40	327.39	0	2026-05-13 13:24:56.700
2664	dc4a0fc896dc34b0d5bfec8438291c80	14940	ibitinga	SP	2017-02-04	2018-08-20	231	249	24180.77	97.11	0	2026-05-13 13:24:56.700
2665	dc50afafdfa325eadc890c7fa42a8f4e	87050	maringa	PR	2018-06-25	2018-08-11	4	4	424.20	106.05	0	2026-05-13 13:24:56.700
2666	dc64d75cc406bb0697be983831430e60	31560	belo horizonte	MG	2018-05-22	2018-08-16	4	4	813.00	203.25	0	2026-05-13 13:24:56.700
2667	dc7192adf8ba09569261f4a8d576afe0	18401	itapeva	SP	2018-07-22	2018-08-22	7	8	917.00	114.63	0	2026-05-13 13:24:56.700
2668	dc8798cbf453b7e0f98745e396cc5616	5455	sao paulo	SP	2016-10-05	2017-11-20	41	51	2056.30	40.32	0	2026-05-13 13:24:56.700
2669	dcb7367a92f5ffb89f1e2152ed260285	17700	osvaldo cruz	SP	2018-03-18	2018-03-18	1	1	79.90	79.90	0	2026-05-13 13:24:56.700
2670	dcf3755cefcdc158ad0b7bdde51e871b	96503	cachoeira do sul	RS	2018-03-18	2018-08-11	3	3	269.70	89.90	0	2026-05-13 13:24:56.700
2671	dd264199fc8b687ad029de7de6d760e6	85815	cascavel	PR	2017-01-19	2017-01-19	1	1	87.90	87.90	0	2026-05-13 13:24:56.700
2672	dd2bdf855a9172734fbc3744021ae9b9	31255	belo horizonte	MG	2016-10-05	2018-01-03	108	113	10816.70	95.72	0	2026-05-13 13:24:56.700
2673	dd39ad39b5d3df33037e141c72497ba6	4282	sao paulo	SP	2017-05-03	2017-06-10	2	2	135.80	67.90	0	2026-05-13 13:24:56.700
2674	dd4d95ba2d15c071e6c695e2ef6ce169	29315	cachoeiro de itapemirim	ES	2018-07-08	2018-08-12	4	4	1748.00	437.00	0	2026-05-13 13:24:56.700
2675	dd533b429f380718b70ad9922c294bae	14781	barretos	SP	2017-03-31	2018-03-07	41	45	2819.77	62.66	0	2026-05-13 13:24:56.700
2676	dd5450b022b2d00a2145a66331e1aef6	89208	joinville	SC	2018-06-29	2018-06-29	1	1	59.00	59.00	0	2026-05-13 13:24:56.700
2677	dd55f1bb788714a40e7954c3be6df745	1021	sao paulo	SP	2017-11-10	2018-07-16	35	37	7041.76	190.32	0	2026-05-13 13:24:56.700
2678	dd58ee93286b0821565574c570e9e1dc	81650	curitiba	PR	2017-01-30	2017-05-06	2	2	2948.00	1474.00	0	2026-05-13 13:24:56.700
2679	dd7ddc04e1b6c2c614352b383efe2d36	3471	sao paulo	SP	2017-04-26	2018-07-25	122	143	9178.51	64.19	0	2026-05-13 13:24:56.700
2680	dd88d13bea9e4c2bf47daf224f8141e5	95900	lajeado	RS	2018-04-10	2018-04-10	1	1	458.00	458.00	0	2026-05-13 13:24:56.700
2681	dd8a29ce82d5c705ba932d81494600a5	8220	sao paulo	SP	2017-05-25	2017-09-01	2	2	205.75	102.88	0	2026-05-13 13:24:56.700
2682	dd9661d3cda1e6feb237f0c4d8b26f2e	89620	campos novos	SC	2017-10-12	2017-10-12	1	1	174.00	174.00	0	2026-05-13 13:24:56.700
2683	dda37071807e404c5bb2a1590c66326f	3282	sao paulo	SP	2018-04-24	2018-04-24	1	1	199.99	199.99	0	2026-05-13 13:24:56.700
2684	ddd51ae8cda92f3995a51fc0f0f3eec7	23062	rio de janeiro	RJ	2017-01-28	2018-01-16	8	25	842.70	33.71	0	2026-05-13 13:24:56.700
2685	dde698c6d0bd24834c586e5111c2bba7	25755	petropolis	RJ	2018-07-30	2018-07-30	1	1	155.90	155.90	0	2026-05-13 13:24:56.700
2686	de09d00cfc265b8804c7df34075a68fa	2118	sao paulo	SP	2017-10-15	2018-05-07	3	3	784.00	261.33	0	2026-05-13 13:24:56.700
2687	de0c78824586e9a5f5f04fd84e25df39	6730	vargem grande paulista	SP	2018-04-08	2018-07-31	14	16	2489.30	155.58	0	2026-05-13 13:24:56.700
2688	de23c3b98a88888289c6f5cc1209054a	5530	sao paulo	SP	2017-05-05	2018-08-17	164	181	26399.67	145.85	0	2026-05-13 13:24:56.700
2689	de66a66f2dd06bb9ec37aa96987466a3	20910	rio de janeiro	RJ	2016-10-10	2017-02-04	7	8	353.32	44.16	0	2026-05-13 13:24:56.700
2690	de722cd6dad950a92b7d4f82673f8833	51250	recife	PE	2018-01-09	2018-08-23	339	379	55426.10	146.24	0	2026-05-13 13:24:56.700
2691	de9727ca376d1be6ec121b110aa7954c	87114	sarandi	PR	2018-05-12	2018-08-15	10	12	1058.70	88.23	0	2026-05-13 13:24:56.700
2692	deaadd805612bf94faaa9fa702516e11	5756	sao paulo	SP	2017-05-09	2017-05-09	1	1	50.00	50.00	0	2026-05-13 13:24:56.700
2693	debe6615cd90cc0c2eac2b8988e1f628	4282	sao paulo	SP	2017-01-28	2017-03-20	5	5	278.50	55.70	0	2026-05-13 13:24:56.700
2694	dedcab67899479e4ea5dcc4eba47f587	89258	jaragua do sul	SC	2018-06-10	2018-08-17	2	2	84.00	42.00	0	2026-05-13 13:24:56.700
2695	dee656f0f566ed1aa85bd137c943f08f	12701	cruzeiro	SP	2017-10-10	2018-08-22	93	95	6271.98	66.02	0	2026-05-13 13:24:56.700
2696	df0f42bc4c2142eacf0eaf2cffd0cfbb	88306	itajai	SC	2017-11-19	2018-07-15	14	16	1654.00	103.38	0	2026-05-13 13:24:56.700
2697	df47da4ae86fa4db890d05aaf24e21d8	4360	sao paulo	SP	2018-07-23	2018-08-23	5	5	310.50	62.10	0	2026-05-13 13:24:56.700
2698	df560393f3a51e74553ab94004ba5c87	87900	loanda	PR	2016-10-04	2018-03-10	28	29	3661.18	126.25	0	2026-05-13 13:24:56.700
2699	df56d7b40d437f88407c5f78b63bc328	85812	cascavel	PR	2017-10-19	2018-03-28	22	25	2791.28	111.65	0	2026-05-13 13:24:56.700
2700	df683dfda87bf71ac3fc63063fba369d	95180	farroupilha	RS	2017-03-13	2017-03-13	1	1	39.90	39.90	0	2026-05-13 13:24:56.700
2701	df91910b6a03bb2e3358fa6a35e32f6f	9560	sao paulo	SP	2018-06-24	2018-08-14	14	14	2312.10	165.15	0	2026-05-13 13:24:56.700
2702	dfa0c4c6229ab200a4a1336b4d7128ff	88085	florianopolis	SC	2018-05-02	2018-08-23	77	86	4777.10	55.55	0	2026-05-13 13:24:56.700
2703	dfc475d54e1b6dbeeb7d7d9bdaa63827	81460	curitiba	PR	2018-02-21	2018-08-13	19	21	1793.76	85.42	0	2026-05-13 13:24:56.700
2704	dfc5fb7259bb2b599ca565e6e9448f0f	9780	sao bernardo do campo	SP	2017-07-27	2018-08-06	33	34	6124.63	180.14	0	2026-05-13 13:24:56.700
2705	dff87e4de60c9736ce8df835951b09bc	3172	sao paulo	SP	2017-11-12	2017-11-15	2	2	998.00	499.00	0	2026-05-13 13:24:56.700
2706	e00d85ce20ea50c1224c66ca5050527d	6286	osasco	SP	2017-07-13	2017-07-13	1	1	149.00	149.00	0	2026-05-13 13:24:56.700
2707	e0482f2c769468c3bbcd8a01e09d98c5	2320	sao paulo	SP	2018-08-10	2018-08-10	1	1	189.00	189.00	0	2026-05-13 13:24:56.700
2708	e0487761face83d64fcada2408959a36	1021	sao paulo	SP	2018-08-24	2018-08-27	2	2	49.25	24.63	0	2026-05-13 13:24:56.700
2709	e067ad2c1c0b48758eb1b5228bcf7a68	11045	santos	SP	2017-02-01	2018-08-13	54	61	5042.55	82.66	0	2026-05-13 13:24:56.700
2710	e06f09ec0a4aca210779cf1cfc63cf19	4773	sao paulo	SP	2017-06-27	2017-12-19	29	31	5279.49	170.31	0	2026-05-13 13:24:56.700
2711	e0878efa0e0b7e5313ac0b43bc04c081	80230	curitiba	PR	2017-11-04	2018-03-05	27	29	5065.30	174.67	0	2026-05-13 13:24:56.700
2712	e09887ca8c7bf8a4621ce481820414ef	8431	sao paulo	SP	2017-09-09	2017-11-25	3	4	119.96	29.99	0	2026-05-13 13:24:56.700
2713	e0a366315b1b726b6c7832d664c0f530	2258	sao paulo	SP	2017-06-10	2018-08-16	43	51	7400.09	145.10	0	2026-05-13 13:24:56.700
2714	e0a3c37054ade6478d923a6efc10f308	88340	camboriu	SC	2018-07-17	2018-07-17	2	2	219.80	109.90	0	2026-05-13 13:24:56.700
2715	e0b162a693bc7f9eab00f783a31d60ea	96020	pelotas	RS	2018-05-04	2018-05-04	1	1	20.00	20.00	0	2026-05-13 13:24:56.700
2716	e0eabded302882513ced4ea3eb0c7059	13023	campinas	SP	2018-04-02	2018-06-03	8	8	978.40	122.30	0	2026-05-13 13:24:56.700
2717	e116c7455dd26a4d8c3e92532583905f	1140	sao paulo	SP	2018-04-05	2018-04-05	1	2	36.76	18.38	0	2026-05-13 13:24:56.700
2718	e1643dff33666ca629e3644c02738179	3182	sao paulo	SP	2018-05-11	2018-05-28	3	3	170.00	56.67	0	2026-05-13 13:24:56.700
2719	e174dc2de86d60fee178170a154c05e7	9210	santo andre	SP	2017-08-17	2017-08-17	1	1	19.80	19.80	0	2026-05-13 13:24:56.700
2720	e1a210d482714ce337763a19aef94ba4	85807	cascavel	PR	2017-04-30	2017-04-30	1	1	49.90	49.90	0	2026-05-13 13:24:56.700
2721	e1b12447a7563944843191754aeb5562	7145	guarulhos	SP	2017-09-12	2018-01-05	9	10	472.46	47.25	0	2026-05-13 13:24:56.700
2722	e1bed63d68ac36fe1f3061befe196af5	13848	mogi guacu	SP	2017-01-30	2017-01-30	1	1	199.00	199.00	0	2026-05-13 13:24:56.700
2723	e1c76f339ebd5460999f25a2aa8c92c5	3029	sao paulo	SP	2018-05-12	2018-05-12	1	1	899.90	899.90	0	2026-05-13 13:24:56.700
2724	e1dc0754bada9ee4cfe9713f22f61292	25035	duque de caxias	RJ	2018-06-13	2018-08-20	12	12	885.00	73.75	0	2026-05-13 13:24:56.700
2725	e21a1e8be4715b0fcfd5385643bc49c4	88715	jaguaruna	SC	2017-04-25	2018-02-22	21	24	703.60	29.32	0	2026-05-13 13:24:56.700
2726	e24d3429d294b2eb200b064ebb035879	3514	sao paulo	SP	2018-06-25	2018-08-26	19	22	1878.58	85.39	0	2026-05-13 13:24:56.700
2727	e24fc9fcd865784fb25705606fe3dfe7	12913	braganca paulista	SP	2016-10-08	2018-03-26	52	56	12936.00	231.00	0	2026-05-13 13:24:56.700
2728	e250d617a0ad591ba9bd663e584a895d	7084	guarulhos	SP	2018-02-26	2018-08-21	8	20	904.12	45.21	0	2026-05-13 13:24:56.700
2729	e256a62e0ac58c0edfba09966142d561	81320	curitiba	PR	2018-04-15	2018-07-29	12	14	1474.11	105.29	0	2026-05-13 13:24:56.700
2730	e26901d5ab434ce92fd9b5c256820a4e	9350	maua	SP	2017-01-30	2017-09-12	202	221	11990.90	54.26	0	2026-05-13 13:24:56.700
2731	e2a1ac9bf33e5549a2a4f834e70df2f8	1210	sao paulo	SP	2017-03-08	2017-07-06	5	5	14999.45	2999.89	0	2026-05-13 13:24:56.700
2732	e2aee0892199b1d92530e371abd825bf	86600	rolandia	PR	2017-01-12	2018-07-31	38	41	5662.57	138.11	0	2026-05-13 13:24:56.700
2733	e2c92f9c1c7746d899d18f2e158bbff7	15054	sao jose do rio preto	SP	2018-04-18	2018-08-07	14	14	1894.70	135.34	0	2026-05-13 13:24:56.700
2734	e333046ce6517bd8bb510291d44f0130	18950	ipaussu	SP	2017-07-13	2018-08-24	68	74	7268.00	98.22	0	2026-05-13 13:24:56.700
2735	e38db885400cd35c71dfd162f2c1dbcf	70740	brasilia	DF	2017-08-20	2018-08-15	30	32	2066.80	64.59	0	2026-05-13 13:24:56.700
2736	e3a386fc36e22064434e1fa256f6a9fa	13165	engenheiro coelho	SP	2018-01-23	2018-08-16	16	17	793.90	46.70	0	2026-05-13 13:24:56.700
2737	e3b4998c7a498169dc7bce44e6bb6277	3635	sao paulo	SP	2017-01-16	2017-02-12	3	3	6897.90	2299.30	0	2026-05-13 13:24:56.700
2738	e3d3b3efac954a60d61be70b7e05b49b	3370	sao paulo	SP	2018-06-06	2018-06-25	3	3	1282.05	427.35	0	2026-05-13 13:24:56.700
2739	e3dd723429d1b23614b7fa85e2c7a853	9810	sao bernardo do campo	SP	2018-03-25	2018-06-08	7	8	471.05	58.88	0	2026-05-13 13:24:56.700
2740	e3e15e2c0b9700561efac21c6be48066	5315	sao paulo	SP	2018-02-04	2018-07-14	3	4	97.24	24.31	0	2026-05-13 13:24:56.700
2741	e3e290b38963293022cdcd6db8328103	1403	sao paulo	SP	2017-11-25	2017-12-03	3	3	135.70	45.23	0	2026-05-13 13:24:56.700
2742	e4253cef933647000a82ff39c67b7bde	5856	sao paulo	SP	2017-05-07	2017-05-20	2	2	68.00	34.00	0	2026-05-13 13:24:56.700
2743	e433f5fd4050e3352b5d83522b7fe24b	86702	arapongas	PR	2018-08-23	2018-08-23	1	1	548.06	548.06	0	2026-05-13 13:24:56.700
2744	e439f7176d763f92de325271111b2fd5	89219	joinville	SC	2018-05-01	2018-08-01	7	7	1348.40	192.63	0	2026-05-13 13:24:56.700
2745	e45edf75f568ed2f93f78d060e246e25	22790	rio de janeiro	RJ	2018-06-06	2018-07-24	6	7	164.30	23.47	0	2026-05-13 13:24:56.700
2746	e46bc031f2c5bae4ccb40bb90712e9b4	5174	sao paulo	SP	2018-04-06	2018-04-06	1	1	277.30	277.30	0	2026-05-13 13:24:56.700
2747	e48b04bf1aa1ef711caebeb7aede6180	80240	curitiba	PR	2017-01-26	2018-07-31	25	25	3187.10	127.48	0	2026-05-13 13:24:56.700
2748	e48cc16ab70bfa09e1401740dce0b3d7	16022	aracatuba	SP	2017-05-27	2018-06-14	14	17	1084.83	63.81	0	2026-05-13 13:24:56.700
2749	e49c26c3edfa46d227d5121a6b6e4d37	55325	brejao	PE	2017-02-04	2018-07-25	35	36	3654.25	101.51	0	2026-05-13 13:24:56.700
2750	e4ebd3f87bf70440014f07ddda7fbe03	19470	presidente epitacio	SP	2017-12-07	2018-03-05	7	7	671.50	95.93	0	2026-05-13 13:24:56.700
2751	e4f121bf6ef8b9a1d4d3e65dd0473fab	15085	sao jose do rio preto	SP	2018-04-01	2018-05-07	2	2	70.00	35.00	0	2026-05-13 13:24:56.700
2752	e4fc40017a6d22c46a14ac2e17f87c3e	86702	arapongas	PR	2017-05-30	2017-08-01	3	3	387.00	129.00	0	2026-05-13 13:24:56.700
2753	e503f22be6a4f456d9851920a5d9c670	4508	sao paulo	SP	2018-07-30	2018-08-14	2	2	198.90	99.45	0	2026-05-13 13:24:56.700
2754	e504a4e2efaa45cbff7e268a2c58c956	13520	sao pedro	SP	2018-05-14	2018-08-15	11	12	1188.80	99.07	0	2026-05-13 13:24:56.700
2755	e51f22821f0c12a16ad5c020cdcd55e9	6341	carapicuiba	SP	2018-05-29	2018-08-07	4	4	898.71	224.68	0	2026-05-13 13:24:56.700
2756	e53d5b9b29d1218281f4a907ada18626	85903	toledo	PR	2018-07-20	2018-08-20	4	5	350.67	70.13	0	2026-05-13 13:24:56.700
2757	e546117ed9cafbc40239c0c78635c584	4705	sao paulo	SP	2018-04-23	2018-08-23	2	2	456.00	228.00	0	2026-05-13 13:24:56.700
2758	e5475dcab1e07b63d7f6e902d8f5eda8	9921	diadema	SP	2017-09-10	2018-08-06	19	19	2192.00	115.37	0	2026-05-13 13:24:56.700
2759	e5545d4d4473876ea78c5bcebca365c3	17512	marilia	SP	2018-06-27	2018-06-27	1	1	44.50	44.50	0	2026-05-13 13:24:56.700
2760	e560e4022d8f7aebf155db95946c5c0f	31110	belo horizonte	MG	2018-06-12	2018-07-11	2	2	780.00	390.00	0	2026-05-13 13:24:56.700
2761	e5899683388855d3dabe8913bbe365de	13575	sao carlos	SP	2018-07-01	2018-08-22	3	3	452.88	150.96	0	2026-05-13 13:24:56.700
2762	e58a5b390e28abc0b216cfb0e07d27d7	22640	rio de janeiro	RJ	2018-04-25	2018-08-09	7	7	1022.60	146.09	0	2026-05-13 13:24:56.700
2763	e595809a6c31ec4314fd06ef198c244d	88370	navegantes	SC	2018-03-12	2018-03-12	1	1	39.00	39.00	0	2026-05-13 13:24:56.700
2764	e59aa562b9f8076dd550fcddf0e73491	82810	curitiba	PR	2017-09-05	2018-08-20	70	84	31574.30	375.88	0	2026-05-13 13:24:56.700
2765	e59e489e2ea74bd409b798b5daf49de3	87060	maringa	PR	2017-09-05	2018-05-01	3	5	495.00	99.00	0	2026-05-13 13:24:56.700
2766	e59e575a175fadcadf8479e191770425	26210	nova iguacu	RJ	2018-06-09	2018-06-09	1	1	199.90	199.90	0	2026-05-13 13:24:56.700
2767	e5a3438891c0bfdb9394643f95273d8e	13483	limeira	SP	2017-05-15	2018-04-11	224	255	7738.35	30.35	0	2026-05-13 13:24:56.700
2768	e5a38146df062edaf55c38afa99e42dc	1233	sao paulo	SP	2016-10-08	2018-08-21	121	125	15360.07	122.88	0	2026-05-13 13:24:56.700
2769	e5bd51692380fd8cabb19b756b95e714	9220	santo andre	SP	2017-12-20	2018-05-05	3	3	119.70	39.90	0	2026-05-13 13:24:56.700
2770	e5c84227854980f1db19a58958c551d9	83823	fazenda rio grande	PR	2018-07-26	2018-08-15	4	4	72.81	18.20	0	2026-05-13 13:24:56.700
2771	e5cbe890e679490127e9a390b46bbd20	1041	sao paulo	SP	2018-06-11	2018-08-19	2	2	908.99	454.50	0	2026-05-13 13:24:56.700
2772	e5d4b2b0c3bca22085f7a19a28de0c42	89201	joinville	SC	2017-08-26	2017-11-26	4	4	205.80	51.45	0	2026-05-13 13:24:56.700
2773	e5def42655b7490edac5a56fe8e9e603	13900	amparo	SP	2017-03-28	2017-03-28	1	1	129.90	129.90	0	2026-05-13 13:24:56.700
2774	e5e33c0d8e7e002f398f5dc4cbbb338f	17032	bauru	SP	2017-03-04	2018-08-08	28	29	6698.70	230.99	0	2026-05-13 13:24:56.700
2775	e5f9e61ceb5f523cc966e0f34095032f	88353	brusque	SC	2017-07-10	2018-02-28	4	4	2238.00	559.50	0	2026-05-13 13:24:56.700
2776	e601b04acf48b4576e73ddca9481f0dc	4476	sao paulo	SP	2018-04-13	2018-08-27	15	16	491.94	30.75	0	2026-05-13 13:24:56.700
2777	e603cf3fec55f8697c9059638d6c8eb5	96080	pelotas	RS	2017-02-07	2017-06-16	8	11	297.00	27.00	0	2026-05-13 13:24:56.700
2778	e627629ba868740e287800f1a9be81c2	1421	sao paulo	SP	2017-02-03	2017-07-13	13	13	504.50	38.81	0	2026-05-13 13:24:56.700
2779	e628d4a53c109f09ca88098338b3a3f5	30170	belo horizonte	MG	2017-12-11	2017-12-11	1	1	285.00	285.00	0	2026-05-13 13:24:56.700
2780	e62b2d6ac10570a035a30bafcf01d263	5767	sao paulo	SP	2017-09-16	2018-08-20	62	71	5340.39	75.22	0	2026-05-13 13:24:56.700
2781	e63e8bfa530fb16910dd6956e592bb81	7160	guarulhos	SP	2017-08-07	2018-08-28	42	43	1311.70	30.50	0	2026-05-13 13:24:56.700
2782	e644cbadf7eeb30d0d29f335ce7d52ec	3029	sao paulo	SP	2018-07-19	2018-08-21	8	10	878.90	87.89	0	2026-05-13 13:24:56.700
2783	e64882b4ef12aee8d0faca4db5b681f4	74210	goiania	GO	2018-01-12	2018-01-12	1	2	230.00	115.00	0	2026-05-13 13:24:56.700
2784	e64d65bc8dbec2accda90c58de5d1246	13500	rio claro	SP	2017-11-19	2018-03-15	12	12	1678.80	139.90	0	2026-05-13 13:24:56.700
2785	e64ddbe1cbcf4f2fc3092b7c481f3f9d	3513	sao paulo	SP	2018-03-30	2018-03-30	1	1	20.90	20.90	0	2026-05-13 13:24:56.700
2786	e6a69c4a27dfdd98ffe5aa757ad744bc	4424	sao paulo	SP	2017-02-01	2018-06-10	24	29	2076.20	71.59	0	2026-05-13 13:24:56.700
2787	e6ffc9ac6a7adc9d16a1cfc2286dd546	2565	sao paulo	SP	2018-03-29	2018-03-29	1	1	34.99	34.99	0	2026-05-13 13:24:56.700
2788	e70053bf73d1b5863932e53a9fa47496	5059	sao paulo	SP	2018-02-14	2018-08-04	7	7	4025.00	575.00	0	2026-05-13 13:24:56.700
2789	e72b4feb7abe210c52aa667abc25a3a2	3122	sao paulo	SP	2017-06-17	2017-06-17	1	2	38.20	19.10	0	2026-05-13 13:24:56.700
2790	e732329483fd5f27367dd997b47f598a	89030	blumenau	SC	2017-08-31	2017-08-31	1	1	109.90	109.90	0	2026-05-13 13:24:56.700
2791	e73bf2cea7fe4b0b4d287a7568ed1099	89812	chapeco	SC	2018-07-29	2018-08-26	4	5	737.70	147.54	0	2026-05-13 13:24:56.700
2792	e76ecc7e9a1a1e3c6df9d2a8261c423d	30140	belo horizonte	MG	2017-08-13	2017-08-13	1	1	20.00	20.00	0	2026-05-13 13:24:56.700
2793	e7d5b006eb624f13074497221eb37807	9291	santo andre	SP	2017-08-12	2018-07-19	28	63	3478.93	55.22	0	2026-05-13 13:24:56.700
2794	e7df4cd29ab5abab70fb0783ddb53987	4122	sao paulo	SP	2017-02-16	2018-08-19	23	24	9608.70	400.36	0	2026-05-13 13:24:56.700
2795	e7f3bf1ecd8526eb7f3b18059e6716e5	11680	ubatuba	SP	2017-02-28	2017-09-25	18	19	1471.54	77.45	0	2026-05-13 13:24:56.700
2796	e819bcfade7b5d88a27325eb6cfd62c5	7242	guarulhos	SP	2018-07-20	2018-08-20	5	11	202.90	18.45	0	2026-05-13 13:24:56.700
2797	e81e1f9c3e762e620f3fb60a51499e16	89520	curitibanos	SC	2017-05-02	2018-04-25	17	18	4465.99	248.11	0	2026-05-13 13:24:56.700
2798	e82de6494d91d3c4c54450f59b227a94	14940	ibitinga	SP	2017-10-09	2018-03-02	3	3	118.90	39.63	0	2026-05-13 13:24:56.700
2799	e83c76265fc54bf41eac728805e4da77	16074	aracatuba	SP	2017-02-10	2017-05-08	8	8	237.30	29.66	0	2026-05-13 13:24:56.700
2800	e83e93b71371817b11d78a63ff156aee	6409	barueri	SP	2017-02-07	2017-04-09	2	3	286.00	95.33	0	2026-05-13 13:24:56.700
2801	e84ad2127668df3aafc6b73531a0beb8	4613	sao paulo	SP	2017-12-11	2018-08-08	19	23	987.00	42.91	0	2026-05-13 13:24:56.700
2802	e88165a185134e13fdfc85d4fa654db8	8517	ferraz de  vasconcelos	SP	2018-05-16	2018-06-18	2	2	108.00	54.00	0	2026-05-13 13:24:56.700
2803	e882b2a25a10b9c057cc49695f222c19	25963	teresopolis	RJ	2018-01-04	2018-08-18	57	58	51057.54	880.30	0	2026-05-13 13:24:56.700
2804	e883aa812c37a7413226856f4579fe91	6696	itapevi	SP	2018-02-04	2018-08-17	26	29	4097.10	141.28	0	2026-05-13 13:24:56.700
2805	e88c9b79e592e370d6bd852eeefbf057	85501	pato branco	PR	2017-05-21	2017-07-13	8	9	251.87	27.99	0	2026-05-13 13:24:56.700
2806	e88f7a2995ba184710d339c5c4bf2e30	15505	votuporanga	SP	2018-03-08	2018-04-26	2	2	251.60	125.80	0	2026-05-13 13:24:56.700
2807	e89c4adbe7b1d0819dbb636e16461cf1	13347	indaiatuba	SP	2018-01-10	2018-08-17	24	25	3181.30	127.25	0	2026-05-13 13:24:56.700
2808	e8a85b5f3df47be0984c55fd4064dbb4	71825	brasilia	DF	2018-02-11	2018-08-21	8	14	743.00	53.07	0	2026-05-13 13:24:56.700
2809	e8b3a3a38279a82f0e5d006d5e5b7d2c	87230	jussara	PR	2017-10-10	2018-03-05	87	92	13154.70	142.99	0	2026-05-13 13:24:56.700
2810	e8b4225284fbb02d16f200513f1f395d	14960	novo horizonte	SP	2018-04-05	2018-08-19	31	31	5788.52	186.73	0	2026-05-13 13:24:56.700
2811	e8dba4d70f7f2b20e775d09cae01142d	13456	santa barbara d oeste	SP	2018-05-29	2018-08-21	9	9	855.91	95.10	0	2026-05-13 13:24:56.700
2812	e8f6dc8e6a1dcde89d20e3995c8d90b3	3476	sao paulo	SP	2016-10-04	2017-11-30	36	48	2256.34	47.01	0	2026-05-13 13:24:56.700
2813	e8ff5a6ceb895583033fc2a0f314e3c2	89063	blumenau	SC	2018-08-26	2018-08-26	1	1	139.89	139.89	0	2026-05-13 13:24:56.700
2814	e908c0f3646e8b60375734a350d95d71	1226	sao paulo	SP	2017-04-05	2017-04-05	1	1	2951.00	2951.00	0	2026-05-13 13:24:56.700
2815	e94b64dc6979b302a5a5be1662c83bb6	6852	itapecerica da serra	SP	2018-07-01	2018-07-03	2	2	306.89	153.44	0	2026-05-13 13:24:56.700
2816	e9511df20ccd82658a30c37b7fb343af	17026	bauru	SP	2017-11-23	2018-08-08	22	30	2096.60	69.89	0	2026-05-13 13:24:56.700
2817	e96498ed8daaa3e9c23f7a62da76591c	5373	sao paulo	SP	2017-10-10	2018-07-19	34	34	9619.09	282.91	0	2026-05-13 13:24:56.700
2818	e9729944ba65dc3ce425e0c5a22ae7b2	25730	petropolis	RJ	2018-05-03	2018-06-09	4	4	916.70	229.17	0	2026-05-13 13:24:56.700
2819	e9779976487b77c6d4ac45f75ec7afe9	11701	praia grande	SP	2017-03-01	2018-08-28	657	750	43162.95	57.55	0	2026-05-13 13:24:56.700
2820	e9874ae10b2d60d43917b6bbfa13a599	86604	rolandia	PR	2018-04-18	2018-04-18	1	1	199.00	199.00	0	2026-05-13 13:24:56.700
2821	e99e927c81e3f51739c94fcdfca9f10f	38400	uberlandia	MG	2017-01-26	2018-03-23	22	25	2702.83	108.11	0	2026-05-13 13:24:56.700
2822	e9b6c33b71b67737693b4cfa68341c8d	3009	sao paulo	SP	2017-08-16	2017-08-16	1	1	119.90	119.90	0	2026-05-13 13:24:56.700
2823	e9bc59e7b60fc3063eb2290deda4cced	87083	maringa	PR	2017-03-07	2018-08-16	216	269	34343.06	127.67	0	2026-05-13 13:24:56.700
2824	e9c2dc0dd4ac38448289be644ac94f42	89210	joinville	SC	2018-07-25	2018-08-21	3	3	118.39	39.46	0	2026-05-13 13:24:56.700
2825	e9c6969d40e6a3d2d0f90013165c2b98	3448	sao paulo	SP	2017-11-06	2018-06-03	10	10	5239.98	524.00	0	2026-05-13 13:24:56.700
2826	e9d99831abad74458942f21e16f33f92	3542	sao paulo	SP	2017-01-24	2018-08-26	130	149	4922.48	33.04	0	2026-05-13 13:24:56.700
2827	e9e446d01bd10a97a8ffcfc4a3a20cb2	2261	sao paulo	SP	2018-06-05	2018-07-08	4	4	60.05	15.01	0	2026-05-13 13:24:56.700
2828	ea00f977a203ff88adf7057cb7806998	11085	santos	SP	2018-07-02	2018-08-20	19	19	389.72	20.51	0	2026-05-13 13:24:56.700
2829	ea1776927851da2532aa70d6a32c095a	8223	sao paulo	SP	2018-07-17	2018-08-05	3	3	318.80	106.27	0	2026-05-13 13:24:56.700
2830	ea3ebea5317b0efbc663ecc8ce5e9bc2	88036	florianopolis	SC	2018-05-03	2018-05-20	3	3	299.70	99.90	0	2026-05-13 13:24:56.700
2831	ea4e9ce63a2134743b4a92777437fcdd	88135	palhoca	SC	2018-04-15	2018-08-21	3	4	316.60	79.15	0	2026-05-13 13:24:56.700
2832	ea566164622c6b439516ab18062c42cd	5303	sao  paulo	SP	2017-11-12	2018-08-19	50	52	10309.42	198.26	0	2026-05-13 13:24:56.700
2833	ea65d8b58316a6f2362f2a9e4b3e86ad	13030	campinas	SP	2018-03-01	2018-08-25	9	16	2061.40	128.84	0	2026-05-13 13:24:56.700
2834	ea67327e24487bdfac5fbfa37ea124df	14940	ibitinga	SP	2018-01-07	2018-08-22	32	34	6250.18	183.83	0	2026-05-13 13:24:56.700
2835	ea6b12bf9ffe2bac34602ec631d97a47	7093	guarulhos	SP	2016-10-05	2017-05-30	11	11	2625.80	238.71	0	2026-05-13 13:24:56.700
2836	ea846a0e7ad98a741783e886d89dfa44	16072	aracatuba	SP	2018-08-07	2018-08-17	2	3	137.00	45.67	0	2026-05-13 13:24:56.700
2837	ea8482cd71df3c1969d7b9473ff13abc	4160	sao paulo	SP	2017-08-15	2018-08-24	1146	1203	37177.52	30.90	0	2026-05-13 13:24:56.700
2838	eaaa46e98c9e61f6764dd1d7a2ab8b3e	59775	messias targino	RN	2018-08-05	2018-08-05	1	1	98.00	98.00	0	2026-05-13 13:24:56.700
2839	ead2bab70821ea148476ae9bc08548ac	31980	belo horizonte	MG	2017-10-04	2018-08-01	9	9	412.10	45.79	0	2026-05-13 13:24:56.700
2840	eae9af4811c294c56795d70e715b7337	3060	sao paulo	SP	2017-10-17	2017-10-17	1	1	15.90	15.90	0	2026-05-13 13:24:56.700
2841	eaf6d55068dea77334e8477d3878d89e	4660	sao paulo	SP	2018-06-26	2018-07-28	3	3	51.00	17.00	0	2026-05-13 13:24:56.700
2842	eb1bf309f4f6af9a97e9ddac3fdbeabe	9961	diadema	SP	2018-05-24	2018-05-24	1	1	22.30	22.30	0	2026-05-13 13:24:56.700
2843	eb3071b9f0b0ddaa2df5ea130f09f26b	4281	sao paulo	SP	2017-02-15	2018-05-16	9	11	6230.00	566.36	0	2026-05-13 13:24:56.700
2844	eb4a59a06b3948e851a7d7a830bcbc42	41820	salvador	BA	2018-02-23	2018-05-14	2	2	64.00	32.00	0	2026-05-13 13:24:56.700
2845	eb4df17aed01d918c65f0f8d650900c0	13140	paulinia	SP	2017-11-09	2018-08-15	11	11	3739.87	339.99	0	2026-05-13 13:24:56.700
2846	eb5b6204dde3a6e03b5f1bb8479f055b	6900	embu guacu	SP	2017-12-16	2018-06-11	19	21	452.20	21.53	0	2026-05-13 13:24:56.700
2847	eb72802c83dc7547529c9546d1a9b8ef	13504	rio claro	SP	2018-05-07	2018-07-27	8	8	1063.92	132.99	0	2026-05-13 13:24:56.700
2848	eb9267cccc90f1b49c8d2f9887c7dd97	52011	recife	PE	2018-05-06	2018-05-06	1	1	319.90	319.90	0	2026-05-13 13:24:56.700
2849	eb9cd5b35d95206585e2185318cb5c61	3064	sao paulo	SP	2018-06-21	2018-07-16	2	3	550.00	183.33	0	2026-05-13 13:24:56.700
2850	eba88037e1dca898cd02881f67ced679	3647	sao paulo	SP	2017-04-26	2018-03-10	6	6	838.10	139.68	0	2026-05-13 13:24:56.700
2851	ebd1417732defaf66c50b5a800eb293e	86047	londrina	PR	2017-03-28	2017-03-28	1	1	309.00	309.00	0	2026-05-13 13:24:56.700
2852	ebd2d60905fb58271facef5596b620d3	18683	lencois paulista	SP	2017-02-13	2018-08-17	84	88	7941.72	90.25	0	2026-05-13 13:24:56.700
2853	ebe3dabc4955c9b0d695e7bda38bf5c3	14085	ribeirao preto	SP	2018-02-20	2018-02-20	1	1	55.00	55.00	0	2026-05-13 13:24:56.700
2854	ebef8d8c92b4fd3226e5d407bbff21ac	14020	ribeirao preto	SP	2017-01-29	2017-03-13	3	3	253.70	84.57	0	2026-05-13 13:24:56.700
2855	ec21206b7894c503788a684a7bc822a6	28950	armacao dos buzios	RJ	2017-08-03	2017-11-17	3	3	247.80	82.60	0	2026-05-13 13:24:56.700
2856	ec2e006556300a79a5a91e4876ab3a56	3445	sao paulo	SP	2018-02-02	2018-08-15	4	8	125.20	15.65	0	2026-05-13 13:24:56.700
2857	ec4608a1f76453166bb312b2968aeaf4	13660	porto ferreira	SP	2017-02-22	2018-08-14	18	35	1181.75	33.76	0	2026-05-13 13:24:56.700
2858	ec5c1d94df153d473b37f880977ae58e	21320	rio de janeiro	SP	2018-05-22	2018-06-03	2	3	199.67	66.56	0	2026-05-13 13:24:56.700
2859	ec80e49e69745ab6c14f984bf2149423	13480	limeira	SP	2018-02-04	2018-08-22	12	12	3709.00	309.08	0	2026-05-13 13:24:56.700
2860	ec8463980a4e0ea9f8517aea1ed0c419	88010	florianopolis	SC	2018-07-16	2018-07-16	2	8	239.20	29.90	0	2026-05-13 13:24:56.700
2861	ec8879960bd2221d5c32f8e12f7da711	13253	itatiba	SP	2017-05-16	2018-04-11	36	36	4062.40	112.84	0	2026-05-13 13:24:56.700
2862	ec933281fb017b5020d06df29c3f77e8	3820	sao paulo	SP	2017-10-16	2018-07-30	8	8	1432.00	179.00	0	2026-05-13 13:24:56.700
2863	ecccfa2bb93b34a3bf033cc5d1dcdc69	81810	curitiba	PR	2016-09-15	2016-10-10	15	19	1338.64	70.45	0	2026-05-13 13:24:56.700
2864	ececbfcff9804a2d6b40f589df8eef2b	14407	franca	SP	2017-06-26	2018-08-15	98	104	6792.40	65.31	0	2026-05-13 13:24:56.700
2865	ed4311e67debd72b8610a5347a743087	7170	guarulhos	SP	2017-12-14	2018-08-28	25	26	3636.00	139.85	0	2026-05-13 13:24:56.700
2866	ed46f1eb4a638113deb2a1137b5f22e9	89080	indaial	SC	2018-07-26	2018-08-23	4	4	3470.00	867.50	0	2026-05-13 13:24:56.700
2867	ed49da7cadefc454d6a67de249eab240	5571	sao paulo	SP	2016-10-03	2016-10-08	2	2	43.00	21.50	0	2026-05-13 13:24:56.700
2868	ed4acab38528488b65a9a9c603ff024a	8260	sao paulo	SP	2017-03-23	2018-07-27	32	40	12759.45	318.99	0	2026-05-13 13:24:56.700
2869	ed859002ad59dbf8cf3602696a6c3000	86035	londrina	PR	2016-10-04	2017-01-23	7	13	2421.70	186.28	0	2026-05-13 13:24:56.700
2870	ed8cb7b190ceb6067227478e48cf8dde	11015	santos	SP	2018-07-19	2018-08-27	15	17	573.50	33.74	0	2026-05-13 13:24:56.700
2871	ed9eef5be0992d413d251fadba1a410d	13845	mogi guacu	SP	2017-01-26	2017-03-17	3	9	404.10	44.90	0	2026-05-13 13:24:56.700
2872	edb1ef5e36e0c8cd84eb3c9b003e486d	25957	teresopolis	RJ	2017-09-28	2018-08-20	166	175	79284.55	453.05	0	2026-05-13 13:24:56.700
2873	edb58a1390adf273840030a3d6253829	13414	piracicaba	SP	2018-08-25	2018-08-25	1	1	39.90	39.90	0	2026-05-13 13:24:56.700
2874	edb65fe661681b1c0de8bd47c8655855	8111	sao paulo	SP	2017-04-26	2017-04-26	1	1	69.00	69.00	0	2026-05-13 13:24:56.700
2875	edc518ba25576a0188a0e8f2c3af186f	7023	guarulhos	SP	2018-06-30	2018-08-20	6	8	1647.39	205.92	0	2026-05-13 13:24:56.700
2876	edd066cd02126d7800f9b66e980e9931	70070	brasilia	DF	2017-06-17	2018-06-13	6	6	987.70	164.62	0	2026-05-13 13:24:56.700
2877	eddd1991bd6d9309995a480c39b95137	84010	ponta grossa	PR	2017-10-07	2017-11-06	3	3	866.00	288.67	0	2026-05-13 13:24:56.700
2878	ede0c03645598cdfc63ca8237acbe73d	14092	ribeirao preto	SP	2018-02-21	2018-06-19	46	50	2518.37	50.37	0	2026-05-13 13:24:56.700
2879	ede2977fbaf3738583170735ca403f6c	80010	curitiba	PR	2018-02-25	2018-02-25	1	1	289.90	289.90	0	2026-05-13 13:24:56.700
2880	edf3fabebcc20f7463cc9c53da932ea8	8320	sao paulo	SP	2018-05-22	2018-05-22	1	1	219.90	219.90	0	2026-05-13 13:24:56.700
2881	edf96ef93ed595084bbcbd9224bd2894	1545	sao paulo	SP	2017-02-07	2018-08-16	25	28	3757.00	134.18	0	2026-05-13 13:24:56.700
2882	ee27a8f15b1dded4d213a468ba4eb391	74210	goiania	GO	2017-05-24	2017-05-24	1	1	6499.00	6499.00	0	2026-05-13 13:24:56.700
2883	ee2fbacc2fc3794e656cc4d933d59ce7	5061	sao paulo	SP	2018-08-21	2018-08-21	2	3	464.97	154.99	0	2026-05-13 13:24:56.700
2884	eeb6de78f79159600292e314a77cbd18	88501	lages	SC	2017-02-18	2018-08-11	83	84	43739.84	520.71	0	2026-05-13 13:24:56.700
2885	eebb3372362aa9a46975164bed19a7e7	4578	sao paulo	SP	2017-03-28	2017-05-23	7	8	591.92	73.99	0	2026-05-13 13:24:56.700
2886	eec3469d83e142f9a104886655338c37	17030	bauru	SP	2017-02-03	2018-08-17	4	4	185.70	46.42	0	2026-05-13 13:24:56.700
2887	eed78ac17f7f795a19a709745f00cd4e	18608	botucatu	SP	2017-08-01	2018-07-17	22	56	4349.50	77.67	0	2026-05-13 13:24:56.700
2888	ef0ace09169ac090589d85746e3e036f	24451	sao goncalo	RJ	2017-11-14	2018-08-23	129	140	16223.30	115.88	0	2026-05-13 13:24:56.700
2889	ef2fbc2b607d8492bcffe657a4645434	20051	rio de janeiro	RJ	2018-07-02	2018-08-26	20	22	970.80	44.13	0	2026-05-13 13:24:56.700
2890	ef30892870c278497523264be1be2241	14801	araraquara	SP	2017-12-05	2018-01-31	9	9	783.20	87.02	0	2026-05-13 13:24:56.700
2891	ef506c96320abeedfb894c34db06f478	3569	sao paulo	SP	2017-01-23	2018-08-21	324	340	9771.43	28.74	0	2026-05-13 13:24:56.700
2892	ef728fa1f17436c91ed1ccd03dcf9631	17201	jau	SP	2018-07-23	2018-08-23	3	4	128.70	32.17	0	2026-05-13 13:24:56.700
2893	ef990a83bbea832f36ebe81376335aa8	89214	joinville	SC	2017-11-27	2018-08-12	43	44	4642.59	105.51	0	2026-05-13 13:24:56.700
2894	ef9952469137ff190bacafe117f51537	38022	uberaba	MG	2017-03-10	2017-05-30	5	5	1002.66	200.53	0	2026-05-13 13:24:56.700
2895	efb628aa07c8ca93d7db0d85b91a4f5a	26230	nova iguacu	RJ	2017-11-17	2017-11-17	1	1	204.00	204.00	0	2026-05-13 13:24:56.700
2896	efcd8d2104f1a05d028af7bad20d974b	16012	aracatuba	SP	2017-05-18	2018-08-22	47	51	2424.78	47.54	0	2026-05-13 13:24:56.700
2897	efff9341f3f8f5237b44ff67ed36a7bf	29090	vitoria	ES	2018-05-01	2018-08-15	5	5	872.99	174.60	0	2026-05-13 13:24:56.700
2898	f00e21b1e91a79653163b7fd8f293ff1	37795	andradas	SP	2017-03-25	2017-12-02	31	31	3900.09	125.81	0	2026-05-13 13:24:56.700
2899	f00f5b35d0abcacbdd863672f4bb2c1a	1238	sao paulo	SP	2017-05-27	2017-05-27	1	1	299.00	299.00	0	2026-05-13 13:24:56.700
2900	f021c962aaba8ef6eb527a9c2c8394d1	88301	itajai	SC	2017-05-17	2017-08-06	5	5	4398.50	879.70	0	2026-05-13 13:24:56.700
2901	f049a72cf58fd31b11f8919cade515e7	1023	sao paulo	SP	2018-07-25	2018-08-06	3	4	138.75	34.69	0	2026-05-13 13:24:56.700
2902	f0563bacf40c311f1c4d3d6b67b8a7a7	88704	tubarao	SC	2016-10-05	2016-10-05	1	1	1199.00	1199.00	0	2026-05-13 13:24:56.700
2903	f0837c8d71434931d9e38e7b79234797	95995	arvorezinha	RS	2017-11-18	2018-08-14	22	23	3446.90	149.87	0	2026-05-13 13:24:56.700
2904	f08a5b9dd6767129688d001acafc21e5	90230	porto alegre	RS	2017-10-07	2018-01-16	11	18	14069.63	781.65	0	2026-05-13 13:24:56.700
2905	f08c008c8a8d31417763738a1788a2a8	85875	santa terezinha de itaipu	PR	2017-10-10	2018-01-22	22	23	1291.72	56.16	0	2026-05-13 13:24:56.700
2906	f09b760d23495ac9a7e00d29b769007c	15802	catanduva	SP	2016-10-03	2016-10-03	1	1	21.90	21.90	0	2026-05-13 13:24:56.700
2907	f09e26011d833ddab11593c1a097a92a	13632	pirassununga	SP	2018-03-01	2018-03-01	1	1	79.90	79.90	0	2026-05-13 13:24:56.700
2908	f0b47fbbc6dee9aafe415a6e33051b3f	9360	maua	SP	2017-07-25	2018-08-28	68	86	3795.91	44.14	0	2026-05-13 13:24:56.700
2909	f0e103c63864d5405b958d984b6e94c9	6150	osasco	SP	2017-04-04	2017-08-26	11	11	951.70	86.52	0	2026-05-13 13:24:56.700
2910	f0ec6a2adb05c62655a26dd347b8dede	1303	sao paulo	SP	2018-04-11	2018-04-11	1	2	72.00	36.00	0	2026-05-13 13:24:56.700
2911	f0ec78809fe0bc3edb11c9fe5b97b059	4291	sao paulo	SP	2018-06-09	2018-07-18	2	2	62.60	31.30	0	2026-05-13 13:24:56.700
2912	f114dca2828bf718548db175ebe2cfcd	86192	cambe	PR	2018-01-06	2018-01-06	1	1	139.00	139.00	0	2026-05-13 13:24:56.700
2913	f1198c871e0171278b63f40d112caeec	1220	sao paulo	SP	2017-08-15	2017-11-10	2	2	475.80	237.90	0	2026-05-13 13:24:56.700
2914	f125f3a310c2e5f822d116147de1e474	3068	sao paulo	SP	2018-01-15	2018-08-20	16	22	2761.40	125.52	0	2026-05-13 13:24:56.700
2915	f12d3c2a14729ae461b920c11fe20fdc	9080	santo andre	SP	2018-05-03	2018-07-31	9	11	364.45	33.13	0	2026-05-13 13:24:56.700
2916	f12ff17ad8bbf01ec5c33b17e506649b	3186	sao paulo	SP	2018-01-03	2018-05-22	29	29	6241.00	215.21	0	2026-05-13 13:24:56.700
2917	f18112da765e0971ca5d510dec322bdd	88351	brusque	SC	2018-01-01	2018-01-02	2	2	327.80	163.90	0	2026-05-13 13:24:56.700
2918	f181738b150df1f37cb0bd72e705b193	6317	carapicuiba	SP	2017-05-15	2018-08-22	36	37	5529.70	149.45	0	2026-05-13 13:24:56.700
2919	f19516b9ff26bfeb091b30108db4ddbd	13160	artur nogueira	SP	2017-08-17	2017-11-14	5	5	727.60	145.52	0	2026-05-13 13:24:56.700
2920	f1b854361f4e15d5851b494df66f22b2	20020	rio de janeiro	RJ	2018-04-15	2018-07-25	3	4	1168.80	292.20	0	2026-05-13 13:24:56.700
2921	f1b93673502375d491780bb49d615dbc	12228	sao jose dos campos	SP	2018-03-11	2018-08-18	8	10	2638.93	263.89	0	2026-05-13 13:24:56.700
2922	f1c1ac3f3efc07e659c035008e615e66	2119	sao paulo	SP	2017-03-30	2017-09-27	4	14	2561.96	183.00	0	2026-05-13 13:24:56.700
2923	f1ce5fdecd64935c28b9ff932751d0dc	6539	santana de parnaiba	SP	2017-03-25	2017-06-29	2	2	158.00	79.00	0	2026-05-13 13:24:56.700
2924	f1ed6bd0a9b11b581f16c851c6a5a527	90240	porto alegre	RS	2017-03-04	2018-05-19	17	18	1622.77	90.15	0	2026-05-13 13:24:56.700
2925	f1fd5ab1181f827ffad998c1a5de7d74	80010	curitiba	PR	2017-11-16	2018-08-09	15	15	7045.99	469.73	0	2026-05-13 13:24:56.700
2926	f1fdf2d13186575751aa25876536d85c	5314	sao paulo	SP	2018-03-29	2018-03-29	1	1	26.30	26.30	0	2026-05-13 13:24:56.700
2927	f205b1a3ca9a34e0f8a228bae6e4c7b3	94965	cachoeirinha	RS	2018-07-13	2018-08-26	8	8	1088.00	136.00	0	2026-05-13 13:24:56.700
2928	f214d28e8d8e3ef068748498ccc2f813	3872	sao paulo	SP	2017-08-13	2018-08-19	54	59	2212.41	37.50	0	2026-05-13 13:24:56.700
2929	f22a247b79dd22ecd91dc8e3b2a1b07c	8573	itaquaquecetuba	SP	2018-05-02	2018-08-23	8	8	439.94	54.99	0	2026-05-13 13:24:56.700
2930	f2336e113377dd21c744d9c4fc8293a9	3659	sao paulo	SP	2017-02-22	2017-09-15	4	4	3563.00	890.75	0	2026-05-13 13:24:56.700
2931	f235413f677777a0738ff215d0184901	17250	bariri	SP	2017-01-16	2017-02-22	3	3	1696.70	565.57	0	2026-05-13 13:24:56.700
2932	f25e239052084705e17a982bc600ab2a	1123	sao paulo	SP	2017-03-18	2018-08-15	8	8	7380.00	922.50	0	2026-05-13 13:24:56.700
2933	f262cbc1c910c83959f849465454ddd3	3564	sao paulo	SP	2017-11-04	2018-08-27	192	207	10482.83	50.64	0	2026-05-13 13:24:56.700
2934	f266295f49a28eee21f413e0cbb0521d	84020	ponta grossa	PR	2017-11-08	2017-11-09	2	2	149.80	74.90	0	2026-05-13 13:24:56.700
2935	f26d70155c2b6326fcfa1780c8c684e4	89150	presidente getulio	SC	2017-06-26	2017-06-26	1	1	202.89	202.89	0	2026-05-13 13:24:56.700
2936	f27e33c6d29b5138fa9967bcd445b6d5	4273	sao paulo	SP	2017-07-25	2018-08-25	93	98	8888.30	90.70	0	2026-05-13 13:24:56.700
2937	f3041c2e75ec683697a6a5ea82192210	35680	itauna	MG	2017-02-05	2017-02-05	1	1	145.00	145.00	0	2026-05-13 13:24:56.700
2938	f3055483058c84d75ca2a3314fb4deef	40368	salvador	BA	2017-12-04	2017-12-04	1	1	67.50	67.50	0	2026-05-13 13:24:56.700
2939	f307937c1bb287c3efc2a514b94b0d1d	38183	araxa	MG	2017-06-03	2017-06-03	1	1	189.99	189.99	0	2026-05-13 13:24:56.700
2940	f326006815956455b2859abd58fe7e39	15601	fernandopolis	SP	2017-11-07	2018-08-01	9	30	3147.16	104.91	0	2026-05-13 13:24:56.700
2941	f3295428338a40977a03f555246a70f4	29032	vitoria	ES	2017-10-23	2018-02-05	7	7	644.98	92.14	0	2026-05-13 13:24:56.700
2942	f3511c85f59f8dec53d140501ee8e7a8	80045	curitiba	PR	2017-08-13	2017-08-13	1	1	69.90	69.90	0	2026-05-13 13:24:56.700
2943	f356c348fbc8df6a882823e21f5ce8b7	92025	canoas	RS	2018-08-17	2018-08-20	2	2	195.18	97.59	0	2026-05-13 13:24:56.700
2944	f35b3c613c4f7b2275f4185d0a3c59ec	5417	sao paulo	SP	2018-02-28	2018-06-03	9	9	4047.25	449.69	0	2026-05-13 13:24:56.700
2945	f35becee938e982bd615edf8ef12bcfb	19160	alvares machado	SP	2017-03-09	2017-08-02	6	6	148.59	24.77	0	2026-05-13 13:24:56.700
2946	f3862c2188522d89860c38a3ea8b550d	14092	ribeirao preto	SP	2018-05-15	2018-05-15	1	1	15.50	15.50	0	2026-05-13 13:24:56.700
2947	f3975e8a41157005d4bcbb358678cd9b	89870	pinhalzinho	SC	2018-04-02	2018-08-19	2	2	178.80	89.40	0	2026-05-13 13:24:56.700
2948	f3b80352b986ab4d1057a4b724be19d0	71200	brasilia	DF	2017-02-14	2018-07-26	87	92	10505.10	114.19	0	2026-05-13 13:24:56.700
2949	f3c38ab652836d21de61fb8314b69182	1206	sao paulo	SP	2018-04-11	2018-08-06	15	15	1581.00	105.40	0	2026-05-13 13:24:56.700
2950	f3da5b2ff499efb8d4a6d371d175d7dd	2407	sao paulo	SP	2017-11-04	2018-07-10	79	84	3702.29	44.07	0	2026-05-13 13:24:56.700
2951	f410c8873029fcc3809b9df6d0b28914	95076	caxias do sul	SP	2018-08-08	2018-08-20	2	2	289.80	144.90	0	2026-05-13 13:24:56.700
2952	f419677537694f0462a91990df6ca44f	9750	sao bernardo do campo	SP	2017-12-27	2018-03-14	6	6	220.50	36.75	0	2026-05-13 13:24:56.700
2953	f41ce2e25237f9092cd8e6e7516c7a2f	7013	guarulhos	SP	2016-10-07	2017-12-18	27	28	2030.90	72.53	0	2026-05-13 13:24:56.700
2954	f435898e493ba0356019a0b1cb8b55b1	81720	curitiba	PR	2017-02-05	2018-05-25	10	12	649.76	54.15	0	2026-05-13 13:24:56.700
2955	f43827dd686be3a4a80e00aa299990fb	15055	sao jose do rio preto	SP	2018-01-25	2018-01-25	1	2	95.54	47.77	0	2026-05-13 13:24:56.700
2956	f44b6f775a2b390380e0e30b5c9d3eee	3057	sao paulo	SP	2017-06-30	2018-08-26	10	10	2930.00	293.00	0	2026-05-13 13:24:56.700
2957	f44bdc12aa39f5271f0b95f66cd4c289	12914	braganca paulista	SP	2017-11-20	2018-08-07	5	7	357.50	51.07	0	2026-05-13 13:24:56.700
2958	f45122a9ab94eb4f3f8953578bc0c560	13419	piracicaba	SP	2017-02-09	2018-08-22	187	200	22078.29	110.39	0	2026-05-13 13:24:56.700
2959	f457c46070d02cadd8a68551231220dd	87047	maringa	PR	2017-12-23	2018-06-30	199	234	19093.00	81.59	0	2026-05-13 13:24:56.700
2960	f46490624488d3ff7ce78613913a7711	7194	guarulhos	SP	2018-05-23	2018-08-21	83	91	5802.85	63.77	0	2026-05-13 13:24:56.700
2961	f4a04f7be452aa3bb31760bf00055dd0	9010	santo andre	SP	2017-10-31	2018-08-17	18	18	1312.10	72.89	0	2026-05-13 13:24:56.700
2962	f4aba7c0bca51484c30ab7bdc34bcdd1	1031	sao paulo	SP	2016-10-07	2017-07-29	110	117	3009.79	25.72	0	2026-05-13 13:24:56.700
2963	f4c4daa86e30c7e5a553a8d518ac03a5	85801	cascavel	PR	2017-03-21	2017-11-27	20	20	6301.91	315.10	0	2026-05-13 13:24:56.700
2964	f4ce8ca9fa7157e3b33f536ac9a4487d	16306	penapolis	SP	2018-07-16	2018-08-20	4	4	409.60	102.40	0	2026-05-13 13:24:56.700
2965	f4db9b37944bcb8873e6b456ee190bbf	8599	itaquaquecetuba	SP	2017-04-08	2018-08-15	21	22	3409.78	154.99	0	2026-05-13 13:24:56.700
2966	f524ad65d7e0f1daab730ef2d2e86196	99300	soledade	RS	2018-01-29	2018-01-29	1	2	578.00	289.00	0	2026-05-13 13:24:56.700
2967	f52c2422904463fdd7741f99045fecb6	9230	santo andre/sao paulo	SP	2018-06-15	2018-08-21	12	13	567.79	43.68	0	2026-05-13 13:24:56.700
2968	f5403d3f50089112c4eed37928b7f622	15600	fernandopolis	SP	2017-02-05	2017-02-25	2	2	190.80	95.40	0	2026-05-13 13:24:56.700
2969	f543ba3c973276f519d89d59bd46cead	15030	sao jose do rio preto	SP	2018-02-09	2018-06-24	2	2	258.00	129.00	0	2026-05-13 13:24:56.700
2970	f593898ec748b7a8cb81fc04edafd98a	13920	pedreira	SP	2017-09-17	2018-02-06	20	23	2813.04	122.31	0	2026-05-13 13:24:56.700
2971	f5a590cf36251cf1162ea35bef76fe84	9720	sao bernardo do campo	SP	2017-03-28	2018-08-18	117	122	53201.78	436.08	0	2026-05-13 13:24:56.700
2972	f5b44895715ddfe3087dc414f30268f3	18017	sorocaba	SP	2017-09-18	2018-07-25	19	19	378.80	19.94	0	2026-05-13 13:24:56.700
2973	f5b84683a9bf9e1df748cf40f601b39c	1127	sao paulo	SP	2016-10-08	2016-10-08	1	1	83.90	83.90	0	2026-05-13 13:24:56.700
2974	f5f1f2c5f923f36ad79ea1d07185ddc9	19820	taruma	SP	2018-02-22	2018-04-04	12	13	1912.15	147.09	0	2026-05-13 13:24:56.700
2975	f5f2ab9bdb6b30c14c61be68c5ed37da	13660	porto ferreira	SP	2016-10-05	2017-11-14	18	18	2134.68	118.59	0	2026-05-13 13:24:56.700
2976	f5f46307a4d15880ca14fab4ad9dfc9b	89165	rio do sul	SC	2017-07-12	2017-11-29	9	10	1422.94	142.29	0	2026-05-13 13:24:56.700
2977	f5fea3ffed6c2e889bab72705557c63a	21240	rio de janeiro	RJ	2017-02-23	2017-04-18	3	3	1059.90	353.30	0	2026-05-13 13:24:56.700
2978	f6122bc84774df1b372bdb3bb88ddb9f	6436	barueri	SP	2017-10-04	2018-03-19	3	3	4799.87	1599.96	0	2026-05-13 13:24:56.700
2979	f615fe7efbef0f4f08fd3086bc7a3e60	12940	atibaia	SP	2017-07-12	2017-10-21	23	24	2359.27	98.30	0	2026-05-13 13:24:56.700
2980	f61c63d13f7cd800549d5acdd390ae72	18185	pilar do sul	SP	2017-09-14	2018-08-20	26	26	3072.30	118.17	0	2026-05-13 13:24:56.700
2981	f626e15b7314c267e4429010866f70e9	85960	marechal candido rondon	SP	2018-02-24	2018-07-30	5	7	193.55	27.65	0	2026-05-13 13:24:56.700
2982	f62d7bb4a613ec758a03342d46b580b2	36570	vicosa	MG	2018-01-10	2018-08-09	32	32	24665.00	770.78	0	2026-05-13 13:24:56.700
2983	f63d8f293af3a6454377546bd9dd19ff	18110	votorantim	SP	2017-05-14	2018-02-13	17	28	1751.82	62.57	0	2026-05-13 13:24:56.700
2984	f650a9708fa1bab22bdd8d3a818cc415	88901	ararangua	SC	2017-01-25	2017-08-02	5	5	507.75	101.55	0	2026-05-13 13:24:56.700
2985	f664f98bfda2eaf266a23ff144e7a872	4001	sao paulo	SP	2017-11-19	2017-11-19	2	2	153.99	77.00	0	2026-05-13 13:24:56.700
2986	f67efa3f0b6761102a7f8c6b7b571f5d	82300	curitiba	PR	2016-10-04	2018-04-09	31	32	5188.68	162.15	0	2026-05-13 13:24:56.700
2987	f680f85bee2d253556ac91be391d2c82	6365	carapicuiba	SP	2017-09-30	2018-08-24	45	54	5183.92	96.00	0	2026-05-13 13:24:56.700
2988	f682e0f848abafc6f41e0d4e868c66ef	7600	mairipora	SP	2017-10-11	2018-05-18	2	2	269.98	134.99	0	2026-05-13 13:24:56.700
2989	f7315bb81aea4ddca2d39e249a801c98	7082	guarulhos	SP	2018-06-14	2018-08-01	2	2	379.80	189.90	0	2026-05-13 13:24:56.700
2990	f7496d659ca9fdaf323c0aae84176632	4156	sao paulo	SP	2016-10-08	2018-08-16	26	27	5087.57	188.43	0	2026-05-13 13:24:56.700
2991	f76a3b1349b6df1ee875d1f3fa4340f0	3275	sao paulo	SP	2018-01-04	2018-08-17	24	24	4160.79	173.37	0	2026-05-13 13:24:56.700
2992	f7720c4fa8e3aba4546301ab80ea1f1b	81350	curitiba	PR	2017-03-28	2018-08-17	60	78	2083.45	26.71	0	2026-05-13 13:24:56.700
2993	f783a638e9c6af4a7d0dbfde811e7a81	3063	sao paulo	SP	2018-02-04	2018-04-03	5	5	849.80	169.96	0	2026-05-13 13:24:56.700
2994	f789d2c4f2c2eb38fc4373e7a4b35264	36010	juiz de fora	MG	2017-04-04	2018-08-22	44	49	4864.24	99.27	0	2026-05-13 13:24:56.700
2995	f7ba60f8c3f99e7ee4042fdef03b70c4	9628	sao bernardo do campo	SP	2017-07-31	2018-08-26	219	230	68395.00	297.37	0	2026-05-13 13:24:56.700
2996	f7c31656c19db6275a8acadca289f426	14940	ibitinga	SP	2018-02-15	2018-02-15	1	1	61.56	61.56	0	2026-05-13 13:24:56.700
2997	f7ccf836d21b2fb1de37564105216cc1	14940	ibitinga	SP	2017-12-08	2018-08-19	70	74	2787.40	37.67	0	2026-05-13 13:24:56.700
2998	f7df46c1e0ec44eed5c6726478da4a17	93336	novo hamburgo	RS	2017-06-17	2017-07-05	3	3	429.70	143.23	0	2026-05-13 13:24:56.700
2999	f805b96fa705ba7995a221f1749dc141	87013	maringa	PR	2017-06-28	2018-03-14	7	7	2744.44	392.06	0	2026-05-13 13:24:56.700
3000	f80edd2c5aaa505cc4b0a3b219abf4b8	3431	sao paulo	SP	2017-04-06	2018-08-27	119	128	9108.20	71.16	0	2026-05-13 13:24:56.700
3001	f8201cab383e484733266d1906e2fdfa	88137	palhoca	SC	2017-06-17	2018-08-11	10	10	889.00	88.90	0	2026-05-13 13:24:56.700
3002	f84a00e60c73a49e7e851c9bdca3a5bb	20756	rio de janeiro	RJ	2017-02-20	2018-07-25	90	99	5949.94	60.10	0	2026-05-13 13:24:56.700
3003	f84fa566034f5e8e880a07ec624c56af	13330	indaiatuba	SP	2017-07-21	2018-08-14	91	102	5093.79	49.94	0	2026-05-13 13:24:56.700
3004	f88adb15807168d3c43d71021090ce4a	13660	porto ferreira	SP	2018-04-23	2018-08-14	3	3	488.80	162.93	0	2026-05-13 13:24:56.700
3005	f8d5c7085db9a4ad2b8c1ffbeb2798c8	4104	sao paulo	SP	2017-03-30	2018-02-05	6	6	263.00	43.83	0	2026-05-13 13:24:56.700
3006	f8db351d8c4c4c22c6835c19a46f01b0	13324	salto	SP	2017-01-25	2018-08-25	667	724	50525.60	69.79	0	2026-05-13 13:24:56.700
3007	f8e2c1b59cd4225a3e4fd0d013a76b93	14021	ribeirao preto	SP	2017-09-01	2017-12-31	2	3	219.80	73.27	0	2026-05-13 13:24:56.700
3008	f8f35af4634605e6693c17cc3ffff5a8	37400	campanha	MG	2017-11-12	2017-11-12	1	1	90.00	90.00	0	2026-05-13 13:24:56.700
3009	f90f77ef2799a27f80d90c425ca944f7	86020	londrina	PR	2018-05-15	2018-05-15	1	1	70.00	70.00	0	2026-05-13 13:24:56.700
3010	f918546be4bec7104d117789ba758b2b	5634	sao paulo	SP	2017-12-05	2018-06-26	20	23	1483.00	64.48	0	2026-05-13 13:24:56.700
3011	f9244d45189d3a3605499abddeade7d5	3029	sao paulo	SP	2017-02-07	2018-08-18	21	21	15731.43	749.12	0	2026-05-13 13:24:56.700
3012	f92d8c817434bd2d84d4e9c61322b7fa	18048	sorocaba	SP	2018-01-19	2018-07-26	5	5	174.84	34.97	0	2026-05-13 13:24:56.700
3013	f97e2b0650c2068227e1d366140eb62f	13830	santo antonio de posse	SP	2017-06-14	2018-08-19	16	21	3654.00	174.00	0	2026-05-13 13:24:56.700
3014	f9903dd0f812c7e771fcad47b6fff231	89070	blumenau	SC	2017-11-15	2018-08-20	10	15	1684.85	112.32	0	2026-05-13 13:24:56.700
3015	f9a02f1922d1de564392e656d82b3fda	8502	ferraz de vasconcelos	SP	2017-04-05	2017-04-05	1	1	125.90	125.90	0	2026-05-13 13:24:56.700
3016	f9bbdd976532d50b7816d285a22bd01e	5319	sao paulo	SP	2017-09-14	2017-09-14	2	2	268.00	134.00	0	2026-05-13 13:24:56.700
3017	f9d010e39375d9c91dce3f40b73a2f84	12600	lorena	SP	2018-02-17	2018-07-23	4	5	1212.00	242.40	0	2026-05-13 13:24:56.700
3018	f9ec7093df3a7b346b7bcf7864069ca3	5138	sao paulo	SP	2018-07-06	2018-08-26	9	9	519.20	57.69	0	2026-05-13 13:24:56.700
3019	f9eda05b67bef472deaddbba84aca289	88870	orleans	SC	2018-06-05	2018-06-05	1	1	185.00	185.00	0	2026-05-13 13:24:56.700
3020	f9eedec3129e8cc6b6429c42d0808c5b	22793	rio de janeiro, rio de janeiro, brasil	RJ	2018-07-24	2018-07-26	2	2	789.80	394.90	0	2026-05-13 13:24:56.700
3021	f9f68daa2af419d38f745478bcb3da1a	13180	sumare	SP	2017-01-27	2017-04-24	2	2	22.40	11.20	0	2026-05-13 13:24:56.700
3022	fa14641f57b655e933124a9ea49cd7a5	1310	sao paulo	SP	2017-05-19	2018-02-05	7	7	359.93	51.42	0	2026-05-13 13:24:56.700
3023	fa18c782a4866d313cadab567097f8f1	31535	belo horizonte	MG	2017-05-16	2017-05-16	1	1	58.99	58.99	0	2026-05-13 13:24:56.700
3024	fa1a9dec3a9940c072684a46728bf1fc	88820	icara	SC	2016-10-06	2018-08-22	55	60	6674.00	111.23	0	2026-05-13 13:24:56.700
3025	fa1c13f2614d7b5c4749cbc52fecda94	13170	sumare	SP	2017-01-07	2018-08-29	585	586	194042.03	331.13	1	2026-05-13 13:24:56.700
3026	fa3a0b5aabb344b9a92e3524b0202123	83020	sao jose dos pinhais	SP	2018-01-26	2018-06-16	7	7	1789.00	255.57	0	2026-05-13 13:24:56.700
3027	fa40cc5b934574b62717c68f3d678b6d	2310	sao paulo	SP	2016-10-10	2018-05-21	307	340	16055.87	47.22	0	2026-05-13 13:24:56.700
3028	fa5fdc4e4bb6bd1009ad0e4ac4096562	9111	santo andre	SP	2016-10-10	2016-10-10	1	1	161.99	161.99	0	2026-05-13 13:24:56.700
3029	fa74b2f3287d296e9fbd2cc80f2d1cf1	19023	presidente prudente	SP	2017-07-20	2017-12-26	11	11	2459.89	223.63	0	2026-05-13 13:24:56.700
3030	fa7ad8ae9bcb2c4493fdf38e96b1d74f	13920	pedreira	SP	2017-11-13	2017-11-13	1	2	88.00	44.00	0	2026-05-13 13:24:56.700
3031	fa8d335d68129e464e60c1826a683e96	95660	tres coroas	RS	2017-10-20	2017-10-20	1	1	139.90	139.90	0	2026-05-13 13:24:56.700
3032	fac1a9017ade7bdc94058fc1c969f355	1126	sao paulo	SP	2018-05-11	2018-08-17	9	10	2010.84	201.08	0	2026-05-13 13:24:56.700
3033	fac35d150712afb921ec59ac5f39bb11	38650	bonfinopolis de minas	MG	2018-02-24	2018-07-16	5	6	696.00	116.00	0	2026-05-13 13:24:56.700
3034	fad44952713764836814be105382aee5	21340	rio de janeiro	RJ	2018-01-04	2018-08-14	32	32	5129.00	160.28	0	2026-05-13 13:24:56.700
3035	fadb07c842a2aef5d5a676b85f220e71	15052	sao jose do rio preto	SP	2018-06-05	2018-08-27	7	7	398.75	56.96	0	2026-05-13 13:24:56.700
3036	fb3cfbc8a86f5d7fbb4d36b8df63f60d	21825	rio de janeiro	RJ	2018-06-11	2018-08-18	10	15	1007.30	67.15	0	2026-05-13 13:24:56.700
3037	fb503a924a0b9db19d83dd0ac6dbef8c	96020	pelotas	RS	2017-05-16	2017-05-16	1	1	13.90	13.90	0	2026-05-13 13:24:56.700
3038	fb8904a8ea99f8831b64ce27db2c1765	9550	sao caetano do sul	SP	2017-11-12	2017-11-24	2	2	278.00	139.00	0	2026-05-13 13:24:56.700
3039	fb89df7f89fd1b8f03fa2acca1ba7364	85853	foz do iguacu	PR	2017-10-10	2018-08-18	22	25	2220.00	88.80	0	2026-05-13 13:24:56.700
3040	fbc14c0cf93505ef89f64665ffa4a7b5	14150	serrana	SP	2017-08-17	2018-08-08	18	18	12227.82	679.32	0	2026-05-13 13:24:56.700
3041	fc0b214b59a83615fea981c6424a02ae	9380	maua	SP	2018-08-17	2018-08-17	1	1	159.90	159.90	0	2026-05-13 13:24:56.700
3042	fc38b5dceee1a730fad8853453437fbd	13073	campinas	SP	2017-04-05	2017-12-15	5	5	119.20	23.84	0	2026-05-13 13:24:56.700
3043	fc4751cfe3b279c419615b9b00c1abb4	86047	londrina	PR	2017-02-16	2017-02-16	1	1	453.70	453.70	0	2026-05-13 13:24:56.700
3044	fc59392d66ef99377e50356ee4f3b4e1	40243	salvador	BA	2018-05-20	2018-08-12	5	5	519.99	104.00	0	2026-05-13 13:24:56.700
3045	fc5a0d7a310a7a41abf86a458585ff2b	3655	sao paulo	SP	2017-06-02	2018-05-16	2	2	162.80	81.40	0	2026-05-13 13:24:56.700
3046	fc6295add6f51a0936407ead70c1001d	4101	sao paulo	SP	2017-11-06	2017-11-06	1	4	160.00	40.00	0	2026-05-13 13:24:56.700
3047	fc906263ca5083d09dce42fe02247800	31030	belo horizonte	MG	2017-04-11	2017-12-23	114	119	4497.70	37.80	0	2026-05-13 13:24:56.700
3048	fc908879b9ca1bd65419e54e50432d38	4558	sao paulo	SP	2017-12-18	2018-07-25	4	4	119.20	29.80	0	2026-05-13 13:24:56.700
3049	fc99f99385ae90f66f01733856fb88c9	18550	boituva	SP	2017-06-13	2017-06-13	1	1	89.90	89.90	0	2026-05-13 13:24:56.700
3050	fcb5ace8bcc92f75707dc0f01a27d269	7032	guarulhos	SP	2017-11-20	2018-08-09	62	73	8318.63	113.95	0	2026-05-13 13:24:56.700
3051	fcba71d4d5db057f43249145e4eb1e27	13481	limeira	SP	2017-10-30	2018-02-26	3	3	494.55	164.85	0	2026-05-13 13:24:56.700
3052	fcdd820084f17e9982427971e4e9d47f	14075	ribeirao preto	SP	2018-03-07	2018-08-17	16	27	4783.99	177.18	0	2026-05-13 13:24:56.700
3053	fce62094ffe6a4009188ec44e681dfdd	4674	sao paulo	SP	2017-02-07	2018-03-01	4	11	2969.70	269.97	0	2026-05-13 13:24:56.700
3054	fcf16b7a8697e559f0123190bb30177d	3679	sao paulo	SP	2018-02-18	2018-08-13	3	7	1052.80	150.40	0	2026-05-13 13:24:56.700
3055	fd312b6bf05efac6c3772d5b52205d8a	18111	votorantim	SP	2017-03-29	2017-06-26	2	4	118.70	29.67	0	2026-05-13 13:24:56.700
3056	fd386aa7bed2af3c7035c65506c9b4a3	4208	sao paulo	SP	2018-02-23	2018-08-28	69	76	2304.15	30.32	0	2026-05-13 13:24:56.700
3057	fd435faa3c0422b60440ea3480d0e77c	58073	joao pessoa	PB	2018-08-20	2018-08-20	1	1	749.00	749.00	0	2026-05-13 13:24:56.700
3058	fdaaf5bfda82b7b80535610c831b8d09	15015	sao jose do rio preto	SP	2017-09-05	2018-05-06	10	15	2588.90	172.59	0	2026-05-13 13:24:56.700
3059	fdb9095204a334cd8872252ffec6f2db	3331	sao paulo	SP	2017-06-27	2018-05-28	46	61	8156.00	133.70	0	2026-05-13 13:24:56.700
3060	fde0cc9ea29c8ccfc0a2c22256a58c71	81650	curitiba	PR	2017-10-11	2018-08-19	35	35	3922.00	112.06	0	2026-05-13 13:24:56.700
3061	fdf736c18c589ed030e058312203e1b2	37704	pocos de caldas	MG	2018-08-02	2018-08-02	1	1	30.00	30.00	0	2026-05-13 13:24:56.700
3062	fe19dce63ae80346207c6c55713d1023	38010	uberaba	MG	2017-01-31	2017-01-31	1	1	49.90	49.90	0	2026-05-13 13:24:56.700
3063	fe1b067411b8c5066e962aa146ccee03	19020	presidente prudente	SP	2018-07-24	2018-08-21	8	8	847.78	105.97	0	2026-05-13 13:24:56.700
3064	fe1bbc5feda5c8979a8a1b3b2512d5a6	38680	arinos	MG	2017-02-03	2017-07-14	9	10	724.72	72.47	0	2026-05-13 13:24:56.700
3065	fe2032dab1a61af8794248c8196565c9	13030	campinas	SP	2017-03-08	2018-08-21	294	306	65959.61	215.55	0	2026-05-13 13:24:56.700
3066	fe26f3ecb51a15e6d8335cd92da42562	4365	sao paulo	SP	2017-11-17	2018-02-18	7	7	2708.96	386.99	0	2026-05-13 13:24:56.700
3067	fe49ee029e61e789a1f3a5525f57ba8d	6018	osasco	SP	2017-11-28	2018-03-26	17	17	2527.59	148.68	0	2026-05-13 13:24:56.700
3068	fe4cd9461203cee790d36792420b310f	35300	caratinga	MG	2017-03-13	2017-09-06	3	3	391.15	130.38	0	2026-05-13 13:24:56.700
3069	fe701d88b67eaca109dffd464d1be9f9	24900	marica	RJ	2017-11-21	2018-07-24	11	11	1548.90	140.81	0	2026-05-13 13:24:56.700
3070	fe8055980a4ff7f64ed889c2b5926929	81925	curitiba	PR	2018-06-11	2018-07-25	3	3	196.70	65.57	0	2026-05-13 13:24:56.700
3071	fe87f472055fbcf1d7e691c00b1560dc	13085	campinas	SP	2018-05-07	2018-08-19	6	6	1085.80	180.97	0	2026-05-13 13:24:56.700
3072	fe9d9cf8631285d5982c6e2cf27fb114	36200	barbacena/ minas gerais	MG	2018-07-19	2018-07-19	1	1	69.90	69.90	0	2026-05-13 13:24:56.700
3073	feb793c88d836c3a75efa4b5a3465d70	3165	sao paulo	SP	2018-03-23	2018-03-23	1	1	466.00	466.00	0	2026-05-13 13:24:56.700
3074	febab0275244b9a49a623f0bd613ca2f	13920	pedreira	SP	2017-02-15	2018-08-17	109	129	7272.42	56.38	0	2026-05-13 13:24:56.700
3075	fec6275253471ace26d209bbaa64cd0f	28605	nova friburgo	RJ	2018-01-22	2018-07-06	9	10	2840.00	284.00	0	2026-05-13 13:24:56.700
3076	fec6912baad85d41729669edd6b4d3b8	14110	ribeirao preto	SP	2018-04-13	2018-04-13	1	1	210.00	210.00	0	2026-05-13 13:24:56.700
3077	fec8cd45395b3cb0c2b173d7739706a1	12270	jambeiro	SP	2018-01-04	2018-04-25	4	4	1280.00	320.00	0	2026-05-13 13:24:56.700
3078	fedaedd3ca31d56ab33e92035e4b361c	24310	niteroi	RJ	2016-10-06	2016-10-06	1	1	39.90	39.90	0	2026-05-13 13:24:56.700
3079	fedf2c1386e137f296b3bbf3b635e69d	3410	sao paulo	SP	2018-02-28	2018-05-23	2	5	131.74	26.35	0	2026-05-13 13:24:56.700
3080	ff063b022a9a0aab91bad2c9088760b7	9171	santo andre	SP	2017-02-14	2018-08-20	94	96	12076.50	125.80	0	2026-05-13 13:24:56.700
3081	ff1e15b778c700abdd4d239b81ac466d	81260	curitiba	PR	2018-08-02	2018-08-21	7	7	414.30	59.19	0	2026-05-13 13:24:56.700
3082	ff1fb4c404b2efe68b03350a8dc24122	8710	mogi das cruzes	SP	2018-01-20	2018-08-21	46	49	6771.00	138.18	0	2026-05-13 13:24:56.700
3083	ff314fa6033cc68ec451c47aee2d6ba4	5424	sao paulo	SP	2017-01-25	2017-05-19	2	2	537.90	268.95	0	2026-05-13 13:24:56.700
3084	ff4e2d38692ce827b1a4f4b8196e680d	3319	sao paulo	SP	2017-08-20	2018-07-08	11	11	518.90	47.17	0	2026-05-13 13:24:56.700
3085	ff4ea69c2a729e83e63c7579e4ef8170	7071	guarulhos	SP	2017-02-28	2017-07-21	9	9	7017.00	779.67	0	2026-05-13 13:24:56.700
3086	ff69aa92bb6b1bf9b8b7a51c2ed9cf8b	8140	sao paulo	SP	2017-12-02	2018-06-18	20	20	21940.80	1097.04	0	2026-05-13 13:24:56.700
3087	ff82e8873fba613f2261a9acc896fd84	35900	itabira	MG	2017-12-06	2018-02-16	4	4	124.60	31.15	0	2026-05-13 13:24:56.700
3088	ffa6adafb71b807dc13159e26431354c	86030	londrina	PR	2018-03-16	2018-08-13	18	18	2669.90	148.33	0	2026-05-13 13:24:56.700
3089	ffad1e7127fb622cb64a900751590acd	13465	americana	SP	2018-03-13	2018-07-14	10	15	884.30	58.95	0	2026-05-13 13:24:56.700
3090	ffc470761de7d0232558ba5e786e57b7	7091	guarulhos	SP	2018-02-20	2018-08-17	28	31	1649.01	53.19	0	2026-05-13 13:24:56.700
3091	ffcfefa19b08742c5d315f2791395ee5	80045	curitiba	PR	2018-06-23	2018-06-23	1	1	69.90	69.90	0	2026-05-13 13:24:56.700
3092	ffdd9f82b9a447f6f8d4b91554cc7dd3	80030	curitiba	PR	2017-03-05	2018-08-19	18	20	2101.20	105.06	0	2026-05-13 13:24:56.700
3093	ffeee66ac5d5a62fe688b9d26f83f534	15130	mirassol	SP	2017-09-30	2018-05-14	14	14	1839.86	131.42	0	2026-05-13 13:24:56.700
3094	fffd5413c0700ac820c7069d66d98c89	13908	amparo	SP	2017-07-24	2018-08-26	60	61	9062.30	148.56	0	2026-05-13 13:24:56.700
3095	ffff564a4f9085cd26170f4732393726	13070	campinas	SP	2016-10-07	2017-04-03	20	20	1426.30	71.32	0	2026-05-13 13:24:56.700