date_sk	full_date	year_num	quarter_num	month_num	month_name	day_num	day_name	week_num	is_weekend	dwh_create_date
20160101	2016-01-01	2016	1	1	01	1	금요일	1	0	2026-05-13 10:16:29.780
20160102	2016-01-02	2016	1	1	01	2	토요일	1	0	2026-05-13 10:16:29.780
20160103	2016-01-03	2016	1	1	01	3	일요일	2	0	2026-05-13 10:16:29.780
20160104	2016-01-04	2016	1	1	01	4	월요일	2	0	2026-05-13 10:16:29.780
20160105	2016-01-05	2016	1	1	01	5	화요일	2	0	2026-05-13 10:16:29.780
20160106	2016-01-06	2016	1	1	01	6	수요일	2	0	2026-05-13 10:16:29.780
20160107	2016-01-07	2016	1	1	01	7	목요일	2	0	2026-05-13 10:16:29.780
20160108	2016-01-08	2016	1	1	01	8	금요일	2	0	2026-05-13 10:16:29.780
20160109	2016-01-09	2016	1	1	01	9	토요일	2	0	2026-05-13 10:16:29.780
20160110	2016-01-10	2016	1	1	01	10	일요일	3	0	2026-05-13 10:16:29.780
20160111	2016-01-11	2016	1	1	01	11	월요일	3	0	2026-05-13 10:16:29.780
20160112	2016-01-12	2016	1	1	01	12	화요일	3	0	2026-05-13 10:16:29.780
20160113	2016-01-13	2016	1	1	01	13	수요일	3	0	2026-05-13 10:16:29.780
20160114	2016-01-14	2016	1	1	01	14	목요일	3	0	2026-05-13 10:16:29.780
20160115	2016-01-15	2016	1	1	01	15	금요일	3	0	2026-05-13 10:16:29.780
20160116	2016-01-16	2016	1	1	01	16	토요일	3	0	2026-05-13 10:16:29.780
20160117	2016-01-17	2016	1	1	01	17	일요일	4	0	2026-05-13 10:16:29.780
20160118	2016-01-18	2016	1	1	01	18	월요일	4	0	2026-05-13 10:16:29.780
20160119	2016-01-19	2016	1	1	01	19	화요일	4	0	2026-05-13 10:16:29.780
20160120	2016-01-20	2016	1	1	01	20	수요일	4	0	2026-05-13 10:16:29.780
20160121	2016-01-21	2016	1	1	01	21	목요일	4	0	2026-05-13 10:16:29.780
20160122	2016-01-22	2016	1	1	01	22	금요일	4	0	2026-05-13 10:16:29.780
20160123	2016-01-23	2016	1	1	01	23	토요일	4	0	2026-05-13 10:16:29.780
20160124	2016-01-24	2016	1	1	01	24	일요일	5	0	2026-05-13 10:16:29.780
20160125	2016-01-25	2016	1	1	01	25	월요일	5	0	2026-05-13 10:16:29.780
20160126	2016-01-26	2016	1	1	01	26	화요일	5	0	2026-05-13 10:16:29.780
20160127	2016-01-27	2016	1	1	01	27	수요일	5	0	2026-05-13 10:16:29.780
20160128	2016-01-28	2016	1	1	01	28	목요일	5	0	2026-05-13 10:16:29.780
20160129	2016-01-29	2016	1	1	01	29	금요일	5	0	2026-05-13 10:16:29.780
20160130	2016-01-30	2016	1	1	01	30	토요일	5	0	2026-05-13 10:16:29.780
20160131	2016-01-31	2016	1	1	01	31	일요일	6	0	2026-05-13 10:16:29.780
20160201	2016-02-01	2016	1	2	02	1	월요일	6	0	2026-05-13 10:16:29.780
20160202	2016-02-02	2016	1	2	02	2	화요일	6	0	2026-05-13 10:16:29.780
20160203	2016-02-03	2016	1	2	02	3	수요일	6	0	2026-05-13 10:16:29.780
20160204	2016-02-04	2016	1	2	02	4	목요일	6	0	2026-05-13 10:16:29.780
20160205	2016-02-05	2016	1	2	02	5	금요일	6	0	2026-05-13 10:16:29.780
20160206	2016-02-06	2016	1	2	02	6	토요일	6	0	2026-05-13 10:16:29.780
20160207	2016-02-07	2016	1	2	02	7	일요일	7	0	2026-05-13 10:16:29.780
20160208	2016-02-08	2016	1	2	02	8	월요일	7	0	2026-05-13 10:16:29.780
20160209	2016-02-09	2016	1	2	02	9	화요일	7	0	2026-05-13 10:16:29.780
20160210	2016-02-10	2016	1	2	02	10	수요일	7	0	2026-05-13 10:16:29.780
20160211	2016-02-11	2016	1	2	02	11	목요일	7	0	2026-05-13 10:16:29.780
20160212	2016-02-12	2016	1	2	02	12	금요일	7	0	2026-05-13 10:16:29.780
20160213	2016-02-13	2016	1	2	02	13	토요일	7	0	2026-05-13 10:16:29.780
20160214	2016-02-14	2016	1	2	02	14	일요일	8	0	2026-05-13 10:16:29.780
20160215	2016-02-15	2016	1	2	02	15	월요일	8	0	2026-05-13 10:16:29.780
20160216	2016-02-16	2016	1	2	02	16	화요일	8	0	2026-05-13 10:16:29.780
20160217	2016-02-17	2016	1	2	02	17	수요일	8	0	2026-05-13 10:16:29.780
20160218	2016-02-18	2016	1	2	02	18	목요일	8	0	2026-05-13 10:16:29.780
20160219	2016-02-19	2016	1	2	02	19	금요일	8	0	2026-05-13 10:16:29.780
20160220	2016-02-20	2016	1	2	02	20	토요일	8	0	2026-05-13 10:16:29.780
20160221	2016-02-21	2016	1	2	02	21	일요일	9	0	2026-05-13 10:16:29.780
20160222	2016-02-22	2016	1	2	02	22	월요일	9	0	2026-05-13 10:16:29.780
20160223	2016-02-23	2016	1	2	02	23	화요일	9	0	2026-05-13 10:16:29.780
20160224	2016-02-24	2016	1	2	02	24	수요일	9	0	2026-05-13 10:16:29.780
20160225	2016-02-25	2016	1	2	02	25	목요일	9	0	2026-05-13 10:16:29.780
20160226	2016-02-26	2016	1	2	02	26	금요일	9	0	2026-05-13 10:16:29.780
20160227	2016-02-27	2016	1	2	02	27	토요일	9	0	2026-05-13 10:16:29.780
20160228	2016-02-28	2016	1	2	02	28	일요일	10	0	2026-05-13 10:16:29.780
20160229	2016-02-29	2016	1	2	02	29	월요일	10	0	2026-05-13 10:16:29.780
20160301	2016-03-01	2016	1	3	03	1	화요일	10	0	2026-05-13 10:16:29.780
20160302	2016-03-02	2016	1	3	03	2	수요일	10	0	2026-05-13 10:16:29.780
20160303	2016-03-03	2016	1	3	03	3	목요일	10	0	2026-05-13 10:16:29.780
20160304	2016-03-04	2016	1	3	03	4	금요일	10	0	2026-05-13 10:16:29.780
20160305	2016-03-05	2016	1	3	03	5	토요일	10	0	2026-05-13 10:16:29.780
20160306	2016-03-06	2016	1	3	03	6	일요일	11	0	2026-05-13 10:16:29.780
20160307	2016-03-07	2016	1	3	03	7	월요일	11	0	2026-05-13 10:16:29.780
20160308	2016-03-08	2016	1	3	03	8	화요일	11	0	2026-05-13 10:16:29.780
20160309	2016-03-09	2016	1	3	03	9	수요일	11	0	2026-05-13 10:16:29.780
20160310	2016-03-10	2016	1	3	03	10	목요일	11	0	2026-05-13 10:16:29.780
20160311	2016-03-11	2016	1	3	03	11	금요일	11	0	2026-05-13 10:16:29.780
20160312	2016-03-12	2016	1	3	03	12	토요일	11	0	2026-05-13 10:16:29.780
20160313	2016-03-13	2016	1	3	03	13	일요일	12	0	2026-05-13 10:16:29.780
20160314	2016-03-14	2016	1	3	03	14	월요일	12	0	2026-05-13 10:16:29.780
20160315	2016-03-15	2016	1	3	03	15	화요일	12	0	2026-05-13 10:16:29.780
20160316	2016-03-16	2016	1	3	03	16	수요일	12	0	2026-05-13 10:16:29.780
20160317	2016-03-17	2016	1	3	03	17	목요일	12	0	2026-05-13 10:16:29.780
20160318	2016-03-18	2016	1	3	03	18	금요일	12	0	2026-05-13 10:16:29.780
20160319	2016-03-19	2016	1	3	03	19	토요일	12	0	2026-05-13 10:16:29.780
20160320	2016-03-20	2016	1	3	03	20	일요일	13	0	2026-05-13 10:16:29.780
20160321	2016-03-21	2016	1	3	03	21	월요일	13	0	2026-05-13 10:16:29.780
20160322	2016-03-22	2016	1	3	03	22	화요일	13	0	2026-05-13 10:16:29.780
20160323	2016-03-23	2016	1	3	03	23	수요일	13	0	2026-05-13 10:16:29.780
20160324	2016-03-24	2016	1	3	03	24	목요일	13	0	2026-05-13 10:16:29.780
20160325	2016-03-25	2016	1	3	03	25	금요일	13	0	2026-05-13 10:16:29.780
20160326	2016-03-26	2016	1	3	03	26	토요일	13	0	2026-05-13 10:16:29.780
20160327	2016-03-27	2016	1	3	03	27	일요일	14	0	2026-05-13 10:16:29.780
20160328	2016-03-28	2016	1	3	03	28	월요일	14	0	2026-05-13 10:16:29.780
20160329	2016-03-29	2016	1	3	03	29	화요일	14	0	2026-05-13 10:16:29.780
20160330	2016-03-30	2016	1	3	03	30	수요일	14	0	2026-05-13 10:16:29.780
20160331	2016-03-31	2016	1	3	03	31	목요일	14	0	2026-05-13 10:16:29.780
20160401	2016-04-01	2016	2	4	04	1	금요일	14	0	2026-05-13 10:16:29.780
20160402	2016-04-02	2016	2	4	04	2	토요일	14	0	2026-05-13 10:16:29.780
20160403	2016-04-03	2016	2	4	04	3	일요일	15	0	2026-05-13 10:16:29.780
20160404	2016-04-04	2016	2	4	04	4	월요일	15	0	2026-05-13 10:16:29.780
20160405	2016-04-05	2016	2	4	04	5	화요일	15	0	2026-05-13 10:16:29.780
20160406	2016-04-06	2016	2	4	04	6	수요일	15	0	2026-05-13 10:16:29.780
20160407	2016-04-07	2016	2	4	04	7	목요일	15	0	2026-05-13 10:16:29.780
20160408	2016-04-08	2016	2	4	04	8	금요일	15	0	2026-05-13 10:16:29.780
20160409	2016-04-09	2016	2	4	04	9	토요일	15	0	2026-05-13 10:16:29.780
20160410	2016-04-10	2016	2	4	04	10	일요일	16	0	2026-05-13 10:16:29.780
20160411	2016-04-11	2016	2	4	04	11	월요일	16	0	2026-05-13 10:16:29.780
20160412	2016-04-12	2016	2	4	04	12	화요일	16	0	2026-05-13 10:16:29.780
20160413	2016-04-13	2016	2	4	04	13	수요일	16	0	2026-05-13 10:16:29.780
20160414	2016-04-14	2016	2	4	04	14	목요일	16	0	2026-05-13 10:16:29.780
20160415	2016-04-15	2016	2	4	04	15	금요일	16	0	2026-05-13 10:16:29.780
20160416	2016-04-16	2016	2	4	04	16	토요일	16	0	2026-05-13 10:16:29.780
20160417	2016-04-17	2016	2	4	04	17	일요일	17	0	2026-05-13 10:16:29.780
20160418	2016-04-18	2016	2	4	04	18	월요일	17	0	2026-05-13 10:16:29.780
20160419	2016-04-19	2016	2	4	04	19	화요일	17	0	2026-05-13 10:16:29.780
20160420	2016-04-20	2016	2	4	04	20	수요일	17	0	2026-05-13 10:16:29.780
20160421	2016-04-21	2016	2	4	04	21	목요일	17	0	2026-05-13 10:16:29.780
20160422	2016-04-22	2016	2	4	04	22	금요일	17	0	2026-05-13 10:16:29.780
20160423	2016-04-23	2016	2	4	04	23	토요일	17	0	2026-05-13 10:16:29.780
20160424	2016-04-24	2016	2	4	04	24	일요일	18	0	2026-05-13 10:16:29.780
20160425	2016-04-25	2016	2	4	04	25	월요일	18	0	2026-05-13 10:16:29.780
20160426	2016-04-26	2016	2	4	04	26	화요일	18	0	2026-05-13 10:16:29.780
20160427	2016-04-27	2016	2	4	04	27	수요일	18	0	2026-05-13 10:16:29.780
20160428	2016-04-28	2016	2	4	04	28	목요일	18	0	2026-05-13 10:16:29.780
20160429	2016-04-29	2016	2	4	04	29	금요일	18	0	2026-05-13 10:16:29.780
20160430	2016-04-30	2016	2	4	04	30	토요일	18	0	2026-05-13 10:16:29.780
20160501	2016-05-01	2016	2	5	05	1	일요일	19	0	2026-05-13 10:16:29.780
20160502	2016-05-02	2016	2	5	05	2	월요일	19	0	2026-05-13 10:16:29.780
20160503	2016-05-03	2016	2	5	05	3	화요일	19	0	2026-05-13 10:16:29.780
20160504	2016-05-04	2016	2	5	05	4	수요일	19	0	2026-05-13 10:16:29.780
20160505	2016-05-05	2016	2	5	05	5	목요일	19	0	2026-05-13 10:16:29.780
20160506	2016-05-06	2016	2	5	05	6	금요일	19	0	2026-05-13 10:16:29.780
20160507	2016-05-07	2016	2	5	05	7	토요일	19	0	2026-05-13 10:16:29.780
20160508	2016-05-08	2016	2	5	05	8	일요일	20	0	2026-05-13 10:16:29.780
20160509	2016-05-09	2016	2	5	05	9	월요일	20	0	2026-05-13 10:16:29.780
20160510	2016-05-10	2016	2	5	05	10	화요일	20	0	2026-05-13 10:16:29.780
20160511	2016-05-11	2016	2	5	05	11	수요일	20	0	2026-05-13 10:16:29.780
20160512	2016-05-12	2016	2	5	05	12	목요일	20	0	2026-05-13 10:16:29.780
20160513	2016-05-13	2016	2	5	05	13	금요일	20	0	2026-05-13 10:16:29.780
20160514	2016-05-14	2016	2	5	05	14	토요일	20	0	2026-05-13 10:16:29.780
20160515	2016-05-15	2016	2	5	05	15	일요일	21	0	2026-05-13 10:16:29.780
20160516	2016-05-16	2016	2	5	05	16	월요일	21	0	2026-05-13 10:16:29.780
20160517	2016-05-17	2016	2	5	05	17	화요일	21	0	2026-05-13 10:16:29.780
20160518	2016-05-18	2016	2	5	05	18	수요일	21	0	2026-05-13 10:16:29.780
20160519	2016-05-19	2016	2	5	05	19	목요일	21	0	2026-05-13 10:16:29.780
20160520	2016-05-20	2016	2	5	05	20	금요일	21	0	2026-05-13 10:16:29.780
20160521	2016-05-21	2016	2	5	05	21	토요일	21	0	2026-05-13 10:16:29.780
20160522	2016-05-22	2016	2	5	05	22	일요일	22	0	2026-05-13 10:16:29.780
20160523	2016-05-23	2016	2	5	05	23	월요일	22	0	2026-05-13 10:16:29.780
20160524	2016-05-24	2016	2	5	05	24	화요일	22	0	2026-05-13 10:16:29.780
20160525	2016-05-25	2016	2	5	05	25	수요일	22	0	2026-05-13 10:16:29.780
20160526	2016-05-26	2016	2	5	05	26	목요일	22	0	2026-05-13 10:16:29.780
20160527	2016-05-27	2016	2	5	05	27	금요일	22	0	2026-05-13 10:16:29.780
20160528	2016-05-28	2016	2	5	05	28	토요일	22	0	2026-05-13 10:16:29.780
20160529	2016-05-29	2016	2	5	05	29	일요일	23	0	2026-05-13 10:16:29.780
20160530	2016-05-30	2016	2	5	05	30	월요일	23	0	2026-05-13 10:16:29.780
20160531	2016-05-31	2016	2	5	05	31	화요일	23	0	2026-05-13 10:16:29.780
20160601	2016-06-01	2016	2	6	06	1	수요일	23	0	2026-05-13 10:16:29.780
20160602	2016-06-02	2016	2	6	06	2	목요일	23	0	2026-05-13 10:16:29.780
20160603	2016-06-03	2016	2	6	06	3	금요일	23	0	2026-05-13 10:16:29.780
20160604	2016-06-04	2016	2	6	06	4	토요일	23	0	2026-05-13 10:16:29.780
20160605	2016-06-05	2016	2	6	06	5	일요일	24	0	2026-05-13 10:16:29.780
20160606	2016-06-06	2016	2	6	06	6	월요일	24	0	2026-05-13 10:16:29.780
20160607	2016-06-07	2016	2	6	06	7	화요일	24	0	2026-05-13 10:16:29.780
20160608	2016-06-08	2016	2	6	06	8	수요일	24	0	2026-05-13 10:16:29.780
20160609	2016-06-09	2016	2	6	06	9	목요일	24	0	2026-05-13 10:16:29.780
20160610	2016-06-10	2016	2	6	06	10	금요일	24	0	2026-05-13 10:16:29.780
20160611	2016-06-11	2016	2	6	06	11	토요일	24	0	2026-05-13 10:16:29.780
20160612	2016-06-12	2016	2	6	06	12	일요일	25	0	2026-05-13 10:16:29.780
20160613	2016-06-13	2016	2	6	06	13	월요일	25	0	2026-05-13 10:16:29.780
20160614	2016-06-14	2016	2	6	06	14	화요일	25	0	2026-05-13 10:16:29.780
20160615	2016-06-15	2016	2	6	06	15	수요일	25	0	2026-05-13 10:16:29.780
20160616	2016-06-16	2016	2	6	06	16	목요일	25	0	2026-05-13 10:16:29.780
20160617	2016-06-17	2016	2	6	06	17	금요일	25	0	2026-05-13 10:16:29.780
20160618	2016-06-18	2016	2	6	06	18	토요일	25	0	2026-05-13 10:16:29.780
20160619	2016-06-19	2016	2	6	06	19	일요일	26	0	2026-05-13 10:16:29.780
20160620	2016-06-20	2016	2	6	06	20	월요일	26	0	2026-05-13 10:16:29.780
20160621	2016-06-21	2016	2	6	06	21	화요일	26	0	2026-05-13 10:16:29.780
20160622	2016-06-22	2016	2	6	06	22	수요일	26	0	2026-05-13 10:16:29.780
20160623	2016-06-23	2016	2	6	06	23	목요일	26	0	2026-05-13 10:16:29.780
20160624	2016-06-24	2016	2	6	06	24	금요일	26	0	2026-05-13 10:16:29.780
20160625	2016-06-25	2016	2	6	06	25	토요일	26	0	2026-05-13 10:16:29.780
20160626	2016-06-26	2016	2	6	06	26	일요일	27	0	2026-05-13 10:16:29.780
20160627	2016-06-27	2016	2	6	06	27	월요일	27	0	2026-05-13 10:16:29.780
20160628	2016-06-28	2016	2	6	06	28	화요일	27	0	2026-05-13 10:16:29.780
20160629	2016-06-29	2016	2	6	06	29	수요일	27	0	2026-05-13 10:16:29.780
20160630	2016-06-30	2016	2	6	06	30	목요일	27	0	2026-05-13 10:16:29.780
20160701	2016-07-01	2016	3	7	07	1	금요일	27	0	2026-05-13 10:16:29.780
20160702	2016-07-02	2016	3	7	07	2	토요일	27	0	2026-05-13 10:16:29.780
20160703	2016-07-03	2016	3	7	07	3	일요일	28	0	2026-05-13 10:16:29.780
20160704	2016-07-04	2016	3	7	07	4	월요일	28	0	2026-05-13 10:16:29.780
20160705	2016-07-05	2016	3	7	07	5	화요일	28	0	2026-05-13 10:16:29.780
20160706	2016-07-06	2016	3	7	07	6	수요일	28	0	2026-05-13 10:16:29.780
20160707	2016-07-07	2016	3	7	07	7	목요일	28	0	2026-05-13 10:16:29.780
20160708	2016-07-08	2016	3	7	07	8	금요일	28	0	2026-05-13 10:16:29.780
20160709	2016-07-09	2016	3	7	07	9	토요일	28	0	2026-05-13 10:16:29.780
20160710	2016-07-10	2016	3	7	07	10	일요일	29	0	2026-05-13 10:16:29.780
20160711	2016-07-11	2016	3	7	07	11	월요일	29	0	2026-05-13 10:16:29.780
20160712	2016-07-12	2016	3	7	07	12	화요일	29	0	2026-05-13 10:16:29.780
20160713	2016-07-13	2016	3	7	07	13	수요일	29	0	2026-05-13 10:16:29.780
20160714	2016-07-14	2016	3	7	07	14	목요일	29	0	2026-05-13 10:16:29.780
20160715	2016-07-15	2016	3	7	07	15	금요일	29	0	2026-05-13 10:16:29.780
20160716	2016-07-16	2016	3	7	07	16	토요일	29	0	2026-05-13 10:16:29.780
20160717	2016-07-17	2016	3	7	07	17	일요일	30	0	2026-05-13 10:16:29.780
20160718	2016-07-18	2016	3	7	07	18	월요일	30	0	2026-05-13 10:16:29.780
20160719	2016-07-19	2016	3	7	07	19	화요일	30	0	2026-05-13 10:16:29.780
20160720	2016-07-20	2016	3	7	07	20	수요일	30	0	2026-05-13 10:16:29.780
20160721	2016-07-21	2016	3	7	07	21	목요일	30	0	2026-05-13 10:16:29.780
20160722	2016-07-22	2016	3	7	07	22	금요일	30	0	2026-05-13 10:16:29.780
20160723	2016-07-23	2016	3	7	07	23	토요일	30	0	2026-05-13 10:16:29.780
20160724	2016-07-24	2016	3	7	07	24	일요일	31	0	2026-05-13 10:16:29.780
20160725	2016-07-25	2016	3	7	07	25	월요일	31	0	2026-05-13 10:16:29.780
20160726	2016-07-26	2016	3	7	07	26	화요일	31	0	2026-05-13 10:16:29.780
20160727	2016-07-27	2016	3	7	07	27	수요일	31	0	2026-05-13 10:16:29.780
20160728	2016-07-28	2016	3	7	07	28	목요일	31	0	2026-05-13 10:16:29.780
20160729	2016-07-29	2016	3	7	07	29	금요일	31	0	2026-05-13 10:16:29.780
20160730	2016-07-30	2016	3	7	07	30	토요일	31	0	2026-05-13 10:16:29.780
20160731	2016-07-31	2016	3	7	07	31	일요일	32	0	2026-05-13 10:16:29.780
20160801	2016-08-01	2016	3	8	08	1	월요일	32	0	2026-05-13 10:16:29.780
20160802	2016-08-02	2016	3	8	08	2	화요일	32	0	2026-05-13 10:16:29.780
20160803	2016-08-03	2016	3	8	08	3	수요일	32	0	2026-05-13 10:16:29.780
20160804	2016-08-04	2016	3	8	08	4	목요일	32	0	2026-05-13 10:16:29.780
20160805	2016-08-05	2016	3	8	08	5	금요일	32	0	2026-05-13 10:16:29.780
20160806	2016-08-06	2016	3	8	08	6	토요일	32	0	2026-05-13 10:16:29.780
20160807	2016-08-07	2016	3	8	08	7	일요일	33	0	2026-05-13 10:16:29.780
20160808	2016-08-08	2016	3	8	08	8	월요일	33	0	2026-05-13 10:16:29.780
20160809	2016-08-09	2016	3	8	08	9	화요일	33	0	2026-05-13 10:16:29.780
20160810	2016-08-10	2016	3	8	08	10	수요일	33	0	2026-05-13 10:16:29.780
20160811	2016-08-11	2016	3	8	08	11	목요일	33	0	2026-05-13 10:16:29.780
20160812	2016-08-12	2016	3	8	08	12	금요일	33	0	2026-05-13 10:16:29.780
20160813	2016-08-13	2016	3	8	08	13	토요일	33	0	2026-05-13 10:16:29.780
20160814	2016-08-14	2016	3	8	08	14	일요일	34	0	2026-05-13 10:16:29.780
20160815	2016-08-15	2016	3	8	08	15	월요일	34	0	2026-05-13 10:16:29.780
20160816	2016-08-16	2016	3	8	08	16	화요일	34	0	2026-05-13 10:16:29.780
20160817	2016-08-17	2016	3	8	08	17	수요일	34	0	2026-05-13 10:16:29.780
20160818	2016-08-18	2016	3	8	08	18	목요일	34	0	2026-05-13 10:16:29.780
20160819	2016-08-19	2016	3	8	08	19	금요일	34	0	2026-05-13 10:16:29.780
20160820	2016-08-20	2016	3	8	08	20	토요일	34	0	2026-05-13 10:16:29.780
20160821	2016-08-21	2016	3	8	08	21	일요일	35	0	2026-05-13 10:16:29.780
20160822	2016-08-22	2016	3	8	08	22	월요일	35	0	2026-05-13 10:16:29.780
20160823	2016-08-23	2016	3	8	08	23	화요일	35	0	2026-05-13 10:16:29.780
20160824	2016-08-24	2016	3	8	08	24	수요일	35	0	2026-05-13 10:16:29.780
20160825	2016-08-25	2016	3	8	08	25	목요일	35	0	2026-05-13 10:16:29.780
20160826	2016-08-26	2016	3	8	08	26	금요일	35	0	2026-05-13 10:16:29.780
20160827	2016-08-27	2016	3	8	08	27	토요일	35	0	2026-05-13 10:16:29.780
20160828	2016-08-28	2016	3	8	08	28	일요일	36	0	2026-05-13 10:16:29.780
20160829	2016-08-29	2016	3	8	08	29	월요일	36	0	2026-05-13 10:16:29.780
20160830	2016-08-30	2016	3	8	08	30	화요일	36	0	2026-05-13 10:16:29.780
20160831	2016-08-31	2016	3	8	08	31	수요일	36	0	2026-05-13 10:16:29.780
20160901	2016-09-01	2016	3	9	09	1	목요일	36	0	2026-05-13 10:16:29.780
20160902	2016-09-02	2016	3	9	09	2	금요일	36	0	2026-05-13 10:16:29.780
20160903	2016-09-03	2016	3	9	09	3	토요일	36	0	2026-05-13 10:16:29.780
20160904	2016-09-04	2016	3	9	09	4	일요일	37	0	2026-05-13 10:16:29.780
20160905	2016-09-05	2016	3	9	09	5	월요일	37	0	2026-05-13 10:16:29.780
20160906	2016-09-06	2016	3	9	09	6	화요일	37	0	2026-05-13 10:16:29.780
20160907	2016-09-07	2016	3	9	09	7	수요일	37	0	2026-05-13 10:16:29.780
20160908	2016-09-08	2016	3	9	09	8	목요일	37	0	2026-05-13 10:16:29.780
20160909	2016-09-09	2016	3	9	09	9	금요일	37	0	2026-05-13 10:16:29.780
20160910	2016-09-10	2016	3	9	09	10	토요일	37	0	2026-05-13 10:16:29.780
20160911	2016-09-11	2016	3	9	09	11	일요일	38	0	2026-05-13 10:16:29.780
20160912	2016-09-12	2016	3	9	09	12	월요일	38	0	2026-05-13 10:16:29.780
20160913	2016-09-13	2016	3	9	09	13	화요일	38	0	2026-05-13 10:16:29.780
20160914	2016-09-14	2016	3	9	09	14	수요일	38	0	2026-05-13 10:16:29.780
20160915	2016-09-15	2016	3	9	09	15	목요일	38	0	2026-05-13 10:16:29.780
20160916	2016-09-16	2016	3	9	09	16	금요일	38	0	2026-05-13 10:16:29.780
20160917	2016-09-17	2016	3	9	09	17	토요일	38	0	2026-05-13 10:16:29.780
20160918	2016-09-18	2016	3	9	09	18	일요일	39	0	2026-05-13 10:16:29.780
20160919	2016-09-19	2016	3	9	09	19	월요일	39	0	2026-05-13 10:16:29.780
20160920	2016-09-20	2016	3	9	09	20	화요일	39	0	2026-05-13 10:16:29.780
20160921	2016-09-21	2016	3	9	09	21	수요일	39	0	2026-05-13 10:16:29.780
20160922	2016-09-22	2016	3	9	09	22	목요일	39	0	2026-05-13 10:16:29.780
20160923	2016-09-23	2016	3	9	09	23	금요일	39	0	2026-05-13 10:16:29.780
20160924	2016-09-24	2016	3	9	09	24	토요일	39	0	2026-05-13 10:16:29.780
20160925	2016-09-25	2016	3	9	09	25	일요일	40	0	2026-05-13 10:16:29.780
20160926	2016-09-26	2016	3	9	09	26	월요일	40	0	2026-05-13 10:16:29.780
20160927	2016-09-27	2016	3	9	09	27	화요일	40	0	2026-05-13 10:16:29.780
20160928	2016-09-28	2016	3	9	09	28	수요일	40	0	2026-05-13 10:16:29.780
20160929	2016-09-29	2016	3	9	09	29	목요일	40	0	2026-05-13 10:16:29.780
20160930	2016-09-30	2016	3	9	09	30	금요일	40	0	2026-05-13 10:16:29.780
20161001	2016-10-01	2016	4	10	10	1	토요일	40	0	2026-05-13 10:16:29.780
20161002	2016-10-02	2016	4	10	10	2	일요일	41	0	2026-05-13 10:16:29.780
20161003	2016-10-03	2016	4	10	10	3	월요일	41	0	2026-05-13 10:16:29.780
20161004	2016-10-04	2016	4	10	10	4	화요일	41	0	2026-05-13 10:16:29.780
20161005	2016-10-05	2016	4	10	10	5	수요일	41	0	2026-05-13 10:16:29.780
20161006	2016-10-06	2016	4	10	10	6	목요일	41	0	2026-05-13 10:16:29.780
20161007	2016-10-07	2016	4	10	10	7	금요일	41	0	2026-05-13 10:16:29.780
20161008	2016-10-08	2016	4	10	10	8	토요일	41	0	2026-05-13 10:16:29.780
20161009	2016-10-09	2016	4	10	10	9	일요일	42	0	2026-05-13 10:16:29.780
20161010	2016-10-10	2016	4	10	10	10	월요일	42	0	2026-05-13 10:16:29.780
20161011	2016-10-11	2016	4	10	10	11	화요일	42	0	2026-05-13 10:16:29.780
20161012	2016-10-12	2016	4	10	10	12	수요일	42	0	2026-05-13 10:16:29.780
20161013	2016-10-13	2016	4	10	10	13	목요일	42	0	2026-05-13 10:16:29.780
20161014	2016-10-14	2016	4	10	10	14	금요일	42	0	2026-05-13 10:16:29.780
20161015	2016-10-15	2016	4	10	10	15	토요일	42	0	2026-05-13 10:16:29.780
20161016	2016-10-16	2016	4	10	10	16	일요일	43	0	2026-05-13 10:16:29.780
20161017	2016-10-17	2016	4	10	10	17	월요일	43	0	2026-05-13 10:16:29.780
20161018	2016-10-18	2016	4	10	10	18	화요일	43	0	2026-05-13 10:16:29.780
20161019	2016-10-19	2016	4	10	10	19	수요일	43	0	2026-05-13 10:16:29.780
20161020	2016-10-20	2016	4	10	10	20	목요일	43	0	2026-05-13 10:16:29.780
20161021	2016-10-21	2016	4	10	10	21	금요일	43	0	2026-05-13 10:16:29.780
20161022	2016-10-22	2016	4	10	10	22	토요일	43	0	2026-05-13 10:16:29.780
20161023	2016-10-23	2016	4	10	10	23	일요일	44	0	2026-05-13 10:16:29.780
20161024	2016-10-24	2016	4	10	10	24	월요일	44	0	2026-05-13 10:16:29.780
20161025	2016-10-25	2016	4	10	10	25	화요일	44	0	2026-05-13 10:16:29.780
20161026	2016-10-26	2016	4	10	10	26	수요일	44	0	2026-05-13 10:16:29.780
20161027	2016-10-27	2016	4	10	10	27	목요일	44	0	2026-05-13 10:16:29.780
20161028	2016-10-28	2016	4	10	10	28	금요일	44	0	2026-05-13 10:16:29.780
20161029	2016-10-29	2016	4	10	10	29	토요일	44	0	2026-05-13 10:16:29.780
20161030	2016-10-30	2016	4	10	10	30	일요일	45	0	2026-05-13 10:16:29.780
20161031	2016-10-31	2016	4	10	10	31	월요일	45	0	2026-05-13 10:16:29.780
20161101	2016-11-01	2016	4	11	11	1	화요일	45	0	2026-05-13 10:16:29.780
20161102	2016-11-02	2016	4	11	11	2	수요일	45	0	2026-05-13 10:16:29.780
20161103	2016-11-03	2016	4	11	11	3	목요일	45	0	2026-05-13 10:16:29.780
20161104	2016-11-04	2016	4	11	11	4	금요일	45	0	2026-05-13 10:16:29.780
20161105	2016-11-05	2016	4	11	11	5	토요일	45	0	2026-05-13 10:16:29.780
20161106	2016-11-06	2016	4	11	11	6	일요일	46	0	2026-05-13 10:16:29.780
20161107	2016-11-07	2016	4	11	11	7	월요일	46	0	2026-05-13 10:16:29.780
20161108	2016-11-08	2016	4	11	11	8	화요일	46	0	2026-05-13 10:16:29.780
20161109	2016-11-09	2016	4	11	11	9	수요일	46	0	2026-05-13 10:16:29.780
20161110	2016-11-10	2016	4	11	11	10	목요일	46	0	2026-05-13 10:16:29.780
20161111	2016-11-11	2016	4	11	11	11	금요일	46	0	2026-05-13 10:16:29.780
20161112	2016-11-12	2016	4	11	11	12	토요일	46	0	2026-05-13 10:16:29.780
20161113	2016-11-13	2016	4	11	11	13	일요일	47	0	2026-05-13 10:16:29.780
20161114	2016-11-14	2016	4	11	11	14	월요일	47	0	2026-05-13 10:16:29.780
20161115	2016-11-15	2016	4	11	11	15	화요일	47	0	2026-05-13 10:16:29.780
20161116	2016-11-16	2016	4	11	11	16	수요일	47	0	2026-05-13 10:16:29.780
20161117	2016-11-17	2016	4	11	11	17	목요일	47	0	2026-05-13 10:16:29.780
20161118	2016-11-18	2016	4	11	11	18	금요일	47	0	2026-05-13 10:16:29.780
20161119	2016-11-19	2016	4	11	11	19	토요일	47	0	2026-05-13 10:16:29.780
20161120	2016-11-20	2016	4	11	11	20	일요일	48	0	2026-05-13 10:16:29.780
20161121	2016-11-21	2016	4	11	11	21	월요일	48	0	2026-05-13 10:16:29.780
20161122	2016-11-22	2016	4	11	11	22	화요일	48	0	2026-05-13 10:16:29.780
20161123	2016-11-23	2016	4	11	11	23	수요일	48	0	2026-05-13 10:16:29.780
20161124	2016-11-24	2016	4	11	11	24	목요일	48	0	2026-05-13 10:16:29.780
20161125	2016-11-25	2016	4	11	11	25	금요일	48	0	2026-05-13 10:16:29.780
20161126	2016-11-26	2016	4	11	11	26	토요일	48	0	2026-05-13 10:16:29.780
20161127	2016-11-27	2016	4	11	11	27	일요일	49	0	2026-05-13 10:16:29.780
20161128	2016-11-28	2016	4	11	11	28	월요일	49	0	2026-05-13 10:16:29.780
20161129	2016-11-29	2016	4	11	11	29	화요일	49	0	2026-05-13 10:16:29.780
20161130	2016-11-30	2016	4	11	11	30	수요일	49	0	2026-05-13 10:16:29.780
20161201	2016-12-01	2016	4	12	12	1	목요일	49	0	2026-05-13 10:16:29.780
20161202	2016-12-02	2016	4	12	12	2	금요일	49	0	2026-05-13 10:16:29.780
20161203	2016-12-03	2016	4	12	12	3	토요일	49	0	2026-05-13 10:16:29.780
20161204	2016-12-04	2016	4	12	12	4	일요일	50	0	2026-05-13 10:16:29.780
20161205	2016-12-05	2016	4	12	12	5	월요일	50	0	2026-05-13 10:16:29.780
20161206	2016-12-06	2016	4	12	12	6	화요일	50	0	2026-05-13 10:16:29.780
20161207	2016-12-07	2016	4	12	12	7	수요일	50	0	2026-05-13 10:16:29.780
20161208	2016-12-08	2016	4	12	12	8	목요일	50	0	2026-05-13 10:16:29.780
20161209	2016-12-09	2016	4	12	12	9	금요일	50	0	2026-05-13 10:16:29.780
20161210	2016-12-10	2016	4	12	12	10	토요일	50	0	2026-05-13 10:16:29.780
20161211	2016-12-11	2016	4	12	12	11	일요일	51	0	2026-05-13 10:16:29.780
20161212	2016-12-12	2016	4	12	12	12	월요일	51	0	2026-05-13 10:16:29.780
20161213	2016-12-13	2016	4	12	12	13	화요일	51	0	2026-05-13 10:16:29.780
20161214	2016-12-14	2016	4	12	12	14	수요일	51	0	2026-05-13 10:16:29.780
20161215	2016-12-15	2016	4	12	12	15	목요일	51	0	2026-05-13 10:16:29.780
20161216	2016-12-16	2016	4	12	12	16	금요일	51	0	2026-05-13 10:16:29.780
20161217	2016-12-17	2016	4	12	12	17	토요일	51	0	2026-05-13 10:16:29.780
20161218	2016-12-18	2016	4	12	12	18	일요일	52	0	2026-05-13 10:16:29.780
20161219	2016-12-19	2016	4	12	12	19	월요일	52	0	2026-05-13 10:16:29.780
20161220	2016-12-20	2016	4	12	12	20	화요일	52	0	2026-05-13 10:16:29.780
20161221	2016-12-21	2016	4	12	12	21	수요일	52	0	2026-05-13 10:16:29.780
20161222	2016-12-22	2016	4	12	12	22	목요일	52	0	2026-05-13 10:16:29.780
20161223	2016-12-23	2016	4	12	12	23	금요일	52	0	2026-05-13 10:16:29.780
20161224	2016-12-24	2016	4	12	12	24	토요일	52	0	2026-05-13 10:16:29.780
20161225	2016-12-25	2016	4	12	12	25	일요일	53	0	2026-05-13 10:16:29.780
20161226	2016-12-26	2016	4	12	12	26	월요일	53	0	2026-05-13 10:16:29.780
20161227	2016-12-27	2016	4	12	12	27	화요일	53	0	2026-05-13 10:16:29.780
20161228	2016-12-28	2016	4	12	12	28	수요일	53	0	2026-05-13 10:16:29.780
20161229	2016-12-29	2016	4	12	12	29	목요일	53	0	2026-05-13 10:16:29.780
20161230	2016-12-30	2016	4	12	12	30	금요일	53	0	2026-05-13 10:16:29.780
20161231	2016-12-31	2016	4	12	12	31	토요일	53	0	2026-05-13 10:16:29.780
20170101	2017-01-01	2017	1	1	01	1	일요일	1	0	2026-05-13 10:16:29.780
20170102	2017-01-02	2017	1	1	01	2	월요일	1	0	2026-05-13 10:16:29.780
20170103	2017-01-03	2017	1	1	01	3	화요일	1	0	2026-05-13 10:16:29.780
20170104	2017-01-04	2017	1	1	01	4	수요일	1	0	2026-05-13 10:16:29.780
20170105	2017-01-05	2017	1	1	01	5	목요일	1	0	2026-05-13 10:16:29.780
20170106	2017-01-06	2017	1	1	01	6	금요일	1	0	2026-05-13 10:16:29.780
20170107	2017-01-07	2017	1	1	01	7	토요일	1	0	2026-05-13 10:16:29.780
20170108	2017-01-08	2017	1	1	01	8	일요일	2	0	2026-05-13 10:16:29.780
20170109	2017-01-09	2017	1	1	01	9	월요일	2	0	2026-05-13 10:16:29.780
20170110	2017-01-10	2017	1	1	01	10	화요일	2	0	2026-05-13 10:16:29.780
20170111	2017-01-11	2017	1	1	01	11	수요일	2	0	2026-05-13 10:16:29.780
20170112	2017-01-12	2017	1	1	01	12	목요일	2	0	2026-05-13 10:16:29.780
20170113	2017-01-13	2017	1	1	01	13	금요일	2	0	2026-05-13 10:16:29.780
20170114	2017-01-14	2017	1	1	01	14	토요일	2	0	2026-05-13 10:16:29.780
20170115	2017-01-15	2017	1	1	01	15	일요일	3	0	2026-05-13 10:16:29.780
20170116	2017-01-16	2017	1	1	01	16	월요일	3	0	2026-05-13 10:16:29.780
20170117	2017-01-17	2017	1	1	01	17	화요일	3	0	2026-05-13 10:16:29.780
20170118	2017-01-18	2017	1	1	01	18	수요일	3	0	2026-05-13 10:16:29.780
20170119	2017-01-19	2017	1	1	01	19	목요일	3	0	2026-05-13 10:16:29.780
20170120	2017-01-20	2017	1	1	01	20	금요일	3	0	2026-05-13 10:16:29.780
20170121	2017-01-21	2017	1	1	01	21	토요일	3	0	2026-05-13 10:16:29.780
20170122	2017-01-22	2017	1	1	01	22	일요일	4	0	2026-05-13 10:16:29.780
20170123	2017-01-23	2017	1	1	01	23	월요일	4	0	2026-05-13 10:16:29.780
20170124	2017-01-24	2017	1	1	01	24	화요일	4	0	2026-05-13 10:16:29.780
20170125	2017-01-25	2017	1	1	01	25	수요일	4	0	2026-05-13 10:16:29.780
20170126	2017-01-26	2017	1	1	01	26	목요일	4	0	2026-05-13 10:16:29.780
20170127	2017-01-27	2017	1	1	01	27	금요일	4	0	2026-05-13 10:16:29.780
20170128	2017-01-28	2017	1	1	01	28	토요일	4	0	2026-05-13 10:16:29.780
20170129	2017-01-29	2017	1	1	01	29	일요일	5	0	2026-05-13 10:16:29.780
20170130	2017-01-30	2017	1	1	01	30	월요일	5	0	2026-05-13 10:16:29.780
20170131	2017-01-31	2017	1	1	01	31	화요일	5	0	2026-05-13 10:16:29.780
20170201	2017-02-01	2017	1	2	02	1	수요일	5	0	2026-05-13 10:16:29.780
20170202	2017-02-02	2017	1	2	02	2	목요일	5	0	2026-05-13 10:16:29.780
20170203	2017-02-03	2017	1	2	02	3	금요일	5	0	2026-05-13 10:16:29.780
20170204	2017-02-04	2017	1	2	02	4	토요일	5	0	2026-05-13 10:16:29.780
20170205	2017-02-05	2017	1	2	02	5	일요일	6	0	2026-05-13 10:16:29.780
20170206	2017-02-06	2017	1	2	02	6	월요일	6	0	2026-05-13 10:16:29.780
20170207	2017-02-07	2017	1	2	02	7	화요일	6	0	2026-05-13 10:16:29.780
20170208	2017-02-08	2017	1	2	02	8	수요일	6	0	2026-05-13 10:16:29.780
20170209	2017-02-09	2017	1	2	02	9	목요일	6	0	2026-05-13 10:16:29.780
20170210	2017-02-10	2017	1	2	02	10	금요일	6	0	2026-05-13 10:16:29.780
20170211	2017-02-11	2017	1	2	02	11	토요일	6	0	2026-05-13 10:16:29.780
20170212	2017-02-12	2017	1	2	02	12	일요일	7	0	2026-05-13 10:16:29.780
20170213	2017-02-13	2017	1	2	02	13	월요일	7	0	2026-05-13 10:16:29.780
20170214	2017-02-14	2017	1	2	02	14	화요일	7	0	2026-05-13 10:16:29.780
20170215	2017-02-15	2017	1	2	02	15	수요일	7	0	2026-05-13 10:16:29.780
20170216	2017-02-16	2017	1	2	02	16	목요일	7	0	2026-05-13 10:16:29.780
20170217	2017-02-17	2017	1	2	02	17	금요일	7	0	2026-05-13 10:16:29.780
20170218	2017-02-18	2017	1	2	02	18	토요일	7	0	2026-05-13 10:16:29.780
20170219	2017-02-19	2017	1	2	02	19	일요일	8	0	2026-05-13 10:16:29.780
20170220	2017-02-20	2017	1	2	02	20	월요일	8	0	2026-05-13 10:16:29.780
20170221	2017-02-21	2017	1	2	02	21	화요일	8	0	2026-05-13 10:16:29.780
20170222	2017-02-22	2017	1	2	02	22	수요일	8	0	2026-05-13 10:16:29.780
20170223	2017-02-23	2017	1	2	02	23	목요일	8	0	2026-05-13 10:16:29.780
20170224	2017-02-24	2017	1	2	02	24	금요일	8	0	2026-05-13 10:16:29.780
20170225	2017-02-25	2017	1	2	02	25	토요일	8	0	2026-05-13 10:16:29.780
20170226	2017-02-26	2017	1	2	02	26	일요일	9	0	2026-05-13 10:16:29.780
20170227	2017-02-27	2017	1	2	02	27	월요일	9	0	2026-05-13 10:16:29.780
20170228	2017-02-28	2017	1	2	02	28	화요일	9	0	2026-05-13 10:16:29.780
20170301	2017-03-01	2017	1	3	03	1	수요일	9	0	2026-05-13 10:16:29.780
20170302	2017-03-02	2017	1	3	03	2	목요일	9	0	2026-05-13 10:16:29.780
20170303	2017-03-03	2017	1	3	03	3	금요일	9	0	2026-05-13 10:16:29.780
20170304	2017-03-04	2017	1	3	03	4	토요일	9	0	2026-05-13 10:16:29.780
20170305	2017-03-05	2017	1	3	03	5	일요일	10	0	2026-05-13 10:16:29.780
20170306	2017-03-06	2017	1	3	03	6	월요일	10	0	2026-05-13 10:16:29.780
20170307	2017-03-07	2017	1	3	03	7	화요일	10	0	2026-05-13 10:16:29.780
20170308	2017-03-08	2017	1	3	03	8	수요일	10	0	2026-05-13 10:16:29.780
20170309	2017-03-09	2017	1	3	03	9	목요일	10	0	2026-05-13 10:16:29.780
20170310	2017-03-10	2017	1	3	03	10	금요일	10	0	2026-05-13 10:16:29.780
20170311	2017-03-11	2017	1	3	03	11	토요일	10	0	2026-05-13 10:16:29.780
20170312	2017-03-12	2017	1	3	03	12	일요일	11	0	2026-05-13 10:16:29.780
20170313	2017-03-13	2017	1	3	03	13	월요일	11	0	2026-05-13 10:16:29.780
20170314	2017-03-14	2017	1	3	03	14	화요일	11	0	2026-05-13 10:16:29.780
20170315	2017-03-15	2017	1	3	03	15	수요일	11	0	2026-05-13 10:16:29.780
20170316	2017-03-16	2017	1	3	03	16	목요일	11	0	2026-05-13 10:16:29.780
20170317	2017-03-17	2017	1	3	03	17	금요일	11	0	2026-05-13 10:16:29.780
20170318	2017-03-18	2017	1	3	03	18	토요일	11	0	2026-05-13 10:16:29.780
20170319	2017-03-19	2017	1	3	03	19	일요일	12	0	2026-05-13 10:16:29.780
20170320	2017-03-20	2017	1	3	03	20	월요일	12	0	2026-05-13 10:16:29.780
20170321	2017-03-21	2017	1	3	03	21	화요일	12	0	2026-05-13 10:16:29.780
20170322	2017-03-22	2017	1	3	03	22	수요일	12	0	2026-05-13 10:16:29.780
20170323	2017-03-23	2017	1	3	03	23	목요일	12	0	2026-05-13 10:16:29.780
20170324	2017-03-24	2017	1	3	03	24	금요일	12	0	2026-05-13 10:16:29.780
20170325	2017-03-25	2017	1	3	03	25	토요일	12	0	2026-05-13 10:16:29.780
20170326	2017-03-26	2017	1	3	03	26	일요일	13	0	2026-05-13 10:16:29.780
20170327	2017-03-27	2017	1	3	03	27	월요일	13	0	2026-05-13 10:16:29.780
20170328	2017-03-28	2017	1	3	03	28	화요일	13	0	2026-05-13 10:16:29.780
20170329	2017-03-29	2017	1	3	03	29	수요일	13	0	2026-05-13 10:16:29.780
20170330	2017-03-30	2017	1	3	03	30	목요일	13	0	2026-05-13 10:16:29.780
20170331	2017-03-31	2017	1	3	03	31	금요일	13	0	2026-05-13 10:16:29.780
20170401	2017-04-01	2017	2	4	04	1	토요일	13	0	2026-05-13 10:16:29.780
20170402	2017-04-02	2017	2	4	04	2	일요일	14	0	2026-05-13 10:16:29.780
20170403	2017-04-03	2017	2	4	04	3	월요일	14	0	2026-05-13 10:16:29.780
20170404	2017-04-04	2017	2	4	04	4	화요일	14	0	2026-05-13 10:16:29.780
20170405	2017-04-05	2017	2	4	04	5	수요일	14	0	2026-05-13 10:16:29.780
20170406	2017-04-06	2017	2	4	04	6	목요일	14	0	2026-05-13 10:16:29.780
20170407	2017-04-07	2017	2	4	04	7	금요일	14	0	2026-05-13 10:16:29.780
20170408	2017-04-08	2017	2	4	04	8	토요일	14	0	2026-05-13 10:16:29.780
20170409	2017-04-09	2017	2	4	04	9	일요일	15	0	2026-05-13 10:16:29.780
20170410	2017-04-10	2017	2	4	04	10	월요일	15	0	2026-05-13 10:16:29.780
20170411	2017-04-11	2017	2	4	04	11	화요일	15	0	2026-05-13 10:16:29.780
20170412	2017-04-12	2017	2	4	04	12	수요일	15	0	2026-05-13 10:16:29.780
20170413	2017-04-13	2017	2	4	04	13	목요일	15	0	2026-05-13 10:16:29.780
20170414	2017-04-14	2017	2	4	04	14	금요일	15	0	2026-05-13 10:16:29.780
20170415	2017-04-15	2017	2	4	04	15	토요일	15	0	2026-05-13 10:16:29.780
20170416	2017-04-16	2017	2	4	04	16	일요일	16	0	2026-05-13 10:16:29.780
20170417	2017-04-17	2017	2	4	04	17	월요일	16	0	2026-05-13 10:16:29.780
20170418	2017-04-18	2017	2	4	04	18	화요일	16	0	2026-05-13 10:16:29.780
20170419	2017-04-19	2017	2	4	04	19	수요일	16	0	2026-05-13 10:16:29.780
20170420	2017-04-20	2017	2	4	04	20	목요일	16	0	2026-05-13 10:16:29.780
20170421	2017-04-21	2017	2	4	04	21	금요일	16	0	2026-05-13 10:16:29.780
20170422	2017-04-22	2017	2	4	04	22	토요일	16	0	2026-05-13 10:16:29.780
20170423	2017-04-23	2017	2	4	04	23	일요일	17	0	2026-05-13 10:16:29.780
20170424	2017-04-24	2017	2	4	04	24	월요일	17	0	2026-05-13 10:16:29.780
20170425	2017-04-25	2017	2	4	04	25	화요일	17	0	2026-05-13 10:16:29.780
20170426	2017-04-26	2017	2	4	04	26	수요일	17	0	2026-05-13 10:16:29.780
20170427	2017-04-27	2017	2	4	04	27	목요일	17	0	2026-05-13 10:16:29.780
20170428	2017-04-28	2017	2	4	04	28	금요일	17	0	2026-05-13 10:16:29.780
20170429	2017-04-29	2017	2	4	04	29	토요일	17	0	2026-05-13 10:16:29.780
20170430	2017-04-30	2017	2	4	04	30	일요일	18	0	2026-05-13 10:16:29.780
20170501	2017-05-01	2017	2	5	05	1	월요일	18	0	2026-05-13 10:16:29.780
20170502	2017-05-02	2017	2	5	05	2	화요일	18	0	2026-05-13 10:16:29.780
20170503	2017-05-03	2017	2	5	05	3	수요일	18	0	2026-05-13 10:16:29.780
20170504	2017-05-04	2017	2	5	05	4	목요일	18	0	2026-05-13 10:16:29.780
20170505	2017-05-05	2017	2	5	05	5	금요일	18	0	2026-05-13 10:16:29.780
20170506	2017-05-06	2017	2	5	05	6	토요일	18	0	2026-05-13 10:16:29.780
20170507	2017-05-07	2017	2	5	05	7	일요일	19	0	2026-05-13 10:16:29.780
20170508	2017-05-08	2017	2	5	05	8	월요일	19	0	2026-05-13 10:16:29.780
20170509	2017-05-09	2017	2	5	05	9	화요일	19	0	2026-05-13 10:16:29.780
20170510	2017-05-10	2017	2	5	05	10	수요일	19	0	2026-05-13 10:16:29.780
20170511	2017-05-11	2017	2	5	05	11	목요일	19	0	2026-05-13 10:16:29.780
20170512	2017-05-12	2017	2	5	05	12	금요일	19	0	2026-05-13 10:16:29.780
20170513	2017-05-13	2017	2	5	05	13	토요일	19	0	2026-05-13 10:16:29.780
20170514	2017-05-14	2017	2	5	05	14	일요일	20	0	2026-05-13 10:16:29.780
20170515	2017-05-15	2017	2	5	05	15	월요일	20	0	2026-05-13 10:16:29.780
20170516	2017-05-16	2017	2	5	05	16	화요일	20	0	2026-05-13 10:16:29.780
20170517	2017-05-17	2017	2	5	05	17	수요일	20	0	2026-05-13 10:16:29.780
20170518	2017-05-18	2017	2	5	05	18	목요일	20	0	2026-05-13 10:16:29.780
20170519	2017-05-19	2017	2	5	05	19	금요일	20	0	2026-05-13 10:16:29.780
20170520	2017-05-20	2017	2	5	05	20	토요일	20	0	2026-05-13 10:16:29.780
20170521	2017-05-21	2017	2	5	05	21	일요일	21	0	2026-05-13 10:16:29.780
20170522	2017-05-22	2017	2	5	05	22	월요일	21	0	2026-05-13 10:16:29.780
20170523	2017-05-23	2017	2	5	05	23	화요일	21	0	2026-05-13 10:16:29.780
20170524	2017-05-24	2017	2	5	05	24	수요일	21	0	2026-05-13 10:16:29.780
20170525	2017-05-25	2017	2	5	05	25	목요일	21	0	2026-05-13 10:16:29.780
20170526	2017-05-26	2017	2	5	05	26	금요일	21	0	2026-05-13 10:16:29.780
20170527	2017-05-27	2017	2	5	05	27	토요일	21	0	2026-05-13 10:16:29.780
20170528	2017-05-28	2017	2	5	05	28	일요일	22	0	2026-05-13 10:16:29.780
20170529	2017-05-29	2017	2	5	05	29	월요일	22	0	2026-05-13 10:16:29.780
20170530	2017-05-30	2017	2	5	05	30	화요일	22	0	2026-05-13 10:16:29.780
20170531	2017-05-31	2017	2	5	05	31	수요일	22	0	2026-05-13 10:16:29.780
20170601	2017-06-01	2017	2	6	06	1	목요일	22	0	2026-05-13 10:16:29.780
20170602	2017-06-02	2017	2	6	06	2	금요일	22	0	2026-05-13 10:16:29.780
20170603	2017-06-03	2017	2	6	06	3	토요일	22	0	2026-05-13 10:16:29.780
20170604	2017-06-04	2017	2	6	06	4	일요일	23	0	2026-05-13 10:16:29.780
20170605	2017-06-05	2017	2	6	06	5	월요일	23	0	2026-05-13 10:16:29.780
20170606	2017-06-06	2017	2	6	06	6	화요일	23	0	2026-05-13 10:16:29.780
20170607	2017-06-07	2017	2	6	06	7	수요일	23	0	2026-05-13 10:16:29.780
20170608	2017-06-08	2017	2	6	06	8	목요일	23	0	2026-05-13 10:16:29.780
20170609	2017-06-09	2017	2	6	06	9	금요일	23	0	2026-05-13 10:16:29.780
20170610	2017-06-10	2017	2	6	06	10	토요일	23	0	2026-05-13 10:16:29.780
20170611	2017-06-11	2017	2	6	06	11	일요일	24	0	2026-05-13 10:16:29.780
20170612	2017-06-12	2017	2	6	06	12	월요일	24	0	2026-05-13 10:16:29.780
20170613	2017-06-13	2017	2	6	06	13	화요일	24	0	2026-05-13 10:16:29.780
20170614	2017-06-14	2017	2	6	06	14	수요일	24	0	2026-05-13 10:16:29.780
20170615	2017-06-15	2017	2	6	06	15	목요일	24	0	2026-05-13 10:16:29.780
20170616	2017-06-16	2017	2	6	06	16	금요일	24	0	2026-05-13 10:16:29.780
20170617	2017-06-17	2017	2	6	06	17	토요일	24	0	2026-05-13 10:16:29.780
20170618	2017-06-18	2017	2	6	06	18	일요일	25	0	2026-05-13 10:16:29.780
20170619	2017-06-19	2017	2	6	06	19	월요일	25	0	2026-05-13 10:16:29.780
20170620	2017-06-20	2017	2	6	06	20	화요일	25	0	2026-05-13 10:16:29.780
20170621	2017-06-21	2017	2	6	06	21	수요일	25	0	2026-05-13 10:16:29.780
20170622	2017-06-22	2017	2	6	06	22	목요일	25	0	2026-05-13 10:16:29.780
20170623	2017-06-23	2017	2	6	06	23	금요일	25	0	2026-05-13 10:16:29.780
20170624	2017-06-24	2017	2	6	06	24	토요일	25	0	2026-05-13 10:16:29.780
20170625	2017-06-25	2017	2	6	06	25	일요일	26	0	2026-05-13 10:16:29.780
20170626	2017-06-26	2017	2	6	06	26	월요일	26	0	2026-05-13 10:16:29.780
20170627	2017-06-27	2017	2	6	06	27	화요일	26	0	2026-05-13 10:16:29.780
20170628	2017-06-28	2017	2	6	06	28	수요일	26	0	2026-05-13 10:16:29.780
20170629	2017-06-29	2017	2	6	06	29	목요일	26	0	2026-05-13 10:16:29.780
20170630	2017-06-30	2017	2	6	06	30	금요일	26	0	2026-05-13 10:16:29.780
20170701	2017-07-01	2017	3	7	07	1	토요일	26	0	2026-05-13 10:16:29.780
20170702	2017-07-02	2017	3	7	07	2	일요일	27	0	2026-05-13 10:16:29.780
20170703	2017-07-03	2017	3	7	07	3	월요일	27	0	2026-05-13 10:16:29.780
20170704	2017-07-04	2017	3	7	07	4	화요일	27	0	2026-05-13 10:16:29.780
20170705	2017-07-05	2017	3	7	07	5	수요일	27	0	2026-05-13 10:16:29.780
20170706	2017-07-06	2017	3	7	07	6	목요일	27	0	2026-05-13 10:16:29.780
20170707	2017-07-07	2017	3	7	07	7	금요일	27	0	2026-05-13 10:16:29.780
20170708	2017-07-08	2017	3	7	07	8	토요일	27	0	2026-05-13 10:16:29.780
20170709	2017-07-09	2017	3	7	07	9	일요일	28	0	2026-05-13 10:16:29.780
20170710	2017-07-10	2017	3	7	07	10	월요일	28	0	2026-05-13 10:16:29.780
20170711	2017-07-11	2017	3	7	07	11	화요일	28	0	2026-05-13 10:16:29.780
20170712	2017-07-12	2017	3	7	07	12	수요일	28	0	2026-05-13 10:16:29.780
20170713	2017-07-13	2017	3	7	07	13	목요일	28	0	2026-05-13 10:16:29.780
20170714	2017-07-14	2017	3	7	07	14	금요일	28	0	2026-05-13 10:16:29.780
20170715	2017-07-15	2017	3	7	07	15	토요일	28	0	2026-05-13 10:16:29.780
20170716	2017-07-16	2017	3	7	07	16	일요일	29	0	2026-05-13 10:16:29.780
20170717	2017-07-17	2017	3	7	07	17	월요일	29	0	2026-05-13 10:16:29.780
20170718	2017-07-18	2017	3	7	07	18	화요일	29	0	2026-05-13 10:16:29.780
20170719	2017-07-19	2017	3	7	07	19	수요일	29	0	2026-05-13 10:16:29.780
20170720	2017-07-20	2017	3	7	07	20	목요일	29	0	2026-05-13 10:16:29.780
20170721	2017-07-21	2017	3	7	07	21	금요일	29	0	2026-05-13 10:16:29.780
20170722	2017-07-22	2017	3	7	07	22	토요일	29	0	2026-05-13 10:16:29.780
20170723	2017-07-23	2017	3	7	07	23	일요일	30	0	2026-05-13 10:16:29.780
20170724	2017-07-24	2017	3	7	07	24	월요일	30	0	2026-05-13 10:16:29.780
20170725	2017-07-25	2017	3	7	07	25	화요일	30	0	2026-05-13 10:16:29.780
20170726	2017-07-26	2017	3	7	07	26	수요일	30	0	2026-05-13 10:16:29.780
20170727	2017-07-27	2017	3	7	07	27	목요일	30	0	2026-05-13 10:16:29.780
20170728	2017-07-28	2017	3	7	07	28	금요일	30	0	2026-05-13 10:16:29.780
20170729	2017-07-29	2017	3	7	07	29	토요일	30	0	2026-05-13 10:16:29.780
20170730	2017-07-30	2017	3	7	07	30	일요일	31	0	2026-05-13 10:16:29.780
20170731	2017-07-31	2017	3	7	07	31	월요일	31	0	2026-05-13 10:16:29.780
20170801	2017-08-01	2017	3	8	08	1	화요일	31	0	2026-05-13 10:16:29.780
20170802	2017-08-02	2017	3	8	08	2	수요일	31	0	2026-05-13 10:16:29.780
20170803	2017-08-03	2017	3	8	08	3	목요일	31	0	2026-05-13 10:16:29.780
20170804	2017-08-04	2017	3	8	08	4	금요일	31	0	2026-05-13 10:16:29.780
20170805	2017-08-05	2017	3	8	08	5	토요일	31	0	2026-05-13 10:16:29.780
20170806	2017-08-06	2017	3	8	08	6	일요일	32	0	2026-05-13 10:16:29.780
20170807	2017-08-07	2017	3	8	08	7	월요일	32	0	2026-05-13 10:16:29.780
20170808	2017-08-08	2017	3	8	08	8	화요일	32	0	2026-05-13 10:16:29.780
20170809	2017-08-09	2017	3	8	08	9	수요일	32	0	2026-05-13 10:16:29.780
20170810	2017-08-10	2017	3	8	08	10	목요일	32	0	2026-05-13 10:16:29.780
20170811	2017-08-11	2017	3	8	08	11	금요일	32	0	2026-05-13 10:16:29.780
20170812	2017-08-12	2017	3	8	08	12	토요일	32	0	2026-05-13 10:16:29.780
20170813	2017-08-13	2017	3	8	08	13	일요일	33	0	2026-05-13 10:16:29.780
20170814	2017-08-14	2017	3	8	08	14	월요일	33	0	2026-05-13 10:16:29.780
20170815	2017-08-15	2017	3	8	08	15	화요일	33	0	2026-05-13 10:16:29.780
20170816	2017-08-16	2017	3	8	08	16	수요일	33	0	2026-05-13 10:16:29.780
20170817	2017-08-17	2017	3	8	08	17	목요일	33	0	2026-05-13 10:16:29.780
20170818	2017-08-18	2017	3	8	08	18	금요일	33	0	2026-05-13 10:16:29.780
20170819	2017-08-19	2017	3	8	08	19	토요일	33	0	2026-05-13 10:16:29.780
20170820	2017-08-20	2017	3	8	08	20	일요일	34	0	2026-05-13 10:16:29.780
20170821	2017-08-21	2017	3	8	08	21	월요일	34	0	2026-05-13 10:16:29.780
20170822	2017-08-22	2017	3	8	08	22	화요일	34	0	2026-05-13 10:16:29.780
20170823	2017-08-23	2017	3	8	08	23	수요일	34	0	2026-05-13 10:16:29.780
20170824	2017-08-24	2017	3	8	08	24	목요일	34	0	2026-05-13 10:16:29.780
20170825	2017-08-25	2017	3	8	08	25	금요일	34	0	2026-05-13 10:16:29.780
20170826	2017-08-26	2017	3	8	08	26	토요일	34	0	2026-05-13 10:16:29.780
20170827	2017-08-27	2017	3	8	08	27	일요일	35	0	2026-05-13 10:16:29.780
20170828	2017-08-28	2017	3	8	08	28	월요일	35	0	2026-05-13 10:16:29.780
20170829	2017-08-29	2017	3	8	08	29	화요일	35	0	2026-05-13 10:16:29.780
20170830	2017-08-30	2017	3	8	08	30	수요일	35	0	2026-05-13 10:16:29.780
20170831	2017-08-31	2017	3	8	08	31	목요일	35	0	2026-05-13 10:16:29.780
20170901	2017-09-01	2017	3	9	09	1	금요일	35	0	2026-05-13 10:16:29.780
20170902	2017-09-02	2017	3	9	09	2	토요일	35	0	2026-05-13 10:16:29.780
20170903	2017-09-03	2017	3	9	09	3	일요일	36	0	2026-05-13 10:16:29.780
20170904	2017-09-04	2017	3	9	09	4	월요일	36	0	2026-05-13 10:16:29.780
20170905	2017-09-05	2017	3	9	09	5	화요일	36	0	2026-05-13 10:16:29.780
20170906	2017-09-06	2017	3	9	09	6	수요일	36	0	2026-05-13 10:16:29.780
20170907	2017-09-07	2017	3	9	09	7	목요일	36	0	2026-05-13 10:16:29.780
20170908	2017-09-08	2017	3	9	09	8	금요일	36	0	2026-05-13 10:16:29.780
20170909	2017-09-09	2017	3	9	09	9	토요일	36	0	2026-05-13 10:16:29.780
20170910	2017-09-10	2017	3	9	09	10	일요일	37	0	2026-05-13 10:16:29.780
20170911	2017-09-11	2017	3	9	09	11	월요일	37	0	2026-05-13 10:16:29.780
20170912	2017-09-12	2017	3	9	09	12	화요일	37	0	2026-05-13 10:16:29.780
20170913	2017-09-13	2017	3	9	09	13	수요일	37	0	2026-05-13 10:16:29.780
20170914	2017-09-14	2017	3	9	09	14	목요일	37	0	2026-05-13 10:16:29.780
20170915	2017-09-15	2017	3	9	09	15	금요일	37	0	2026-05-13 10:16:29.780
20170916	2017-09-16	2017	3	9	09	16	토요일	37	0	2026-05-13 10:16:29.780
20170917	2017-09-17	2017	3	9	09	17	일요일	38	0	2026-05-13 10:16:29.780
20170918	2017-09-18	2017	3	9	09	18	월요일	38	0	2026-05-13 10:16:29.780
20170919	2017-09-19	2017	3	9	09	19	화요일	38	0	2026-05-13 10:16:29.780
20170920	2017-09-20	2017	3	9	09	20	수요일	38	0	2026-05-13 10:16:29.780
20170921	2017-09-21	2017	3	9	09	21	목요일	38	0	2026-05-13 10:16:29.780
20170922	2017-09-22	2017	3	9	09	22	금요일	38	0	2026-05-13 10:16:29.780
20170923	2017-09-23	2017	3	9	09	23	토요일	38	0	2026-05-13 10:16:29.780
20170924	2017-09-24	2017	3	9	09	24	일요일	39	0	2026-05-13 10:16:29.780
20170925	2017-09-25	2017	3	9	09	25	월요일	39	0	2026-05-13 10:16:29.780
20170926	2017-09-26	2017	3	9	09	26	화요일	39	0	2026-05-13 10:16:29.780
20170927	2017-09-27	2017	3	9	09	27	수요일	39	0	2026-05-13 10:16:29.780
20170928	2017-09-28	2017	3	9	09	28	목요일	39	0	2026-05-13 10:16:29.780
20170929	2017-09-29	2017	3	9	09	29	금요일	39	0	2026-05-13 10:16:29.780
20170930	2017-09-30	2017	3	9	09	30	토요일	39	0	2026-05-13 10:16:29.780
20171001	2017-10-01	2017	4	10	10	1	일요일	40	0	2026-05-13 10:16:29.780
20171002	2017-10-02	2017	4	10	10	2	월요일	40	0	2026-05-13 10:16:29.780
20171003	2017-10-03	2017	4	10	10	3	화요일	40	0	2026-05-13 10:16:29.780
20171004	2017-10-04	2017	4	10	10	4	수요일	40	0	2026-05-13 10:16:29.780
20171005	2017-10-05	2017	4	10	10	5	목요일	40	0	2026-05-13 10:16:29.780
20171006	2017-10-06	2017	4	10	10	6	금요일	40	0	2026-05-13 10:16:29.780
20171007	2017-10-07	2017	4	10	10	7	토요일	40	0	2026-05-13 10:16:29.780
20171008	2017-10-08	2017	4	10	10	8	일요일	41	0	2026-05-13 10:16:29.780
20171009	2017-10-09	2017	4	10	10	9	월요일	41	0	2026-05-13 10:16:29.780
20171010	2017-10-10	2017	4	10	10	10	화요일	41	0	2026-05-13 10:16:29.780
20171011	2017-10-11	2017	4	10	10	11	수요일	41	0	2026-05-13 10:16:29.780
20171012	2017-10-12	2017	4	10	10	12	목요일	41	0	2026-05-13 10:16:29.780
20171013	2017-10-13	2017	4	10	10	13	금요일	41	0	2026-05-13 10:16:29.780
20171014	2017-10-14	2017	4	10	10	14	토요일	41	0	2026-05-13 10:16:29.780
20171015	2017-10-15	2017	4	10	10	15	일요일	42	0	2026-05-13 10:16:29.780
20171016	2017-10-16	2017	4	10	10	16	월요일	42	0	2026-05-13 10:16:29.780
20171017	2017-10-17	2017	4	10	10	17	화요일	42	0	2026-05-13 10:16:29.780
20171018	2017-10-18	2017	4	10	10	18	수요일	42	0	2026-05-13 10:16:29.780
20171019	2017-10-19	2017	4	10	10	19	목요일	42	0	2026-05-13 10:16:29.780
20171020	2017-10-20	2017	4	10	10	20	금요일	42	0	2026-05-13 10:16:29.780
20171021	2017-10-21	2017	4	10	10	21	토요일	42	0	2026-05-13 10:16:29.780
20171022	2017-10-22	2017	4	10	10	22	일요일	43	0	2026-05-13 10:16:29.780
20171023	2017-10-23	2017	4	10	10	23	월요일	43	0	2026-05-13 10:16:29.780
20171024	2017-10-24	2017	4	10	10	24	화요일	43	0	2026-05-13 10:16:29.780
20171025	2017-10-25	2017	4	10	10	25	수요일	43	0	2026-05-13 10:16:29.780
20171026	2017-10-26	2017	4	10	10	26	목요일	43	0	2026-05-13 10:16:29.780
20171027	2017-10-27	2017	4	10	10	27	금요일	43	0	2026-05-13 10:16:29.780
20171028	2017-10-28	2017	4	10	10	28	토요일	43	0	2026-05-13 10:16:29.780
20171029	2017-10-29	2017	4	10	10	29	일요일	44	0	2026-05-13 10:16:29.780
20171030	2017-10-30	2017	4	10	10	30	월요일	44	0	2026-05-13 10:16:29.780
20171031	2017-10-31	2017	4	10	10	31	화요일	44	0	2026-05-13 10:16:29.780
20171101	2017-11-01	2017	4	11	11	1	수요일	44	0	2026-05-13 10:16:29.780
20171102	2017-11-02	2017	4	11	11	2	목요일	44	0	2026-05-13 10:16:29.780
20171103	2017-11-03	2017	4	11	11	3	금요일	44	0	2026-05-13 10:16:29.780
20171104	2017-11-04	2017	4	11	11	4	토요일	44	0	2026-05-13 10:16:29.780
20171105	2017-11-05	2017	4	11	11	5	일요일	45	0	2026-05-13 10:16:29.780
20171106	2017-11-06	2017	4	11	11	6	월요일	45	0	2026-05-13 10:16:29.780
20171107	2017-11-07	2017	4	11	11	7	화요일	45	0	2026-05-13 10:16:29.780
20171108	2017-11-08	2017	4	11	11	8	수요일	45	0	2026-05-13 10:16:29.780
20171109	2017-11-09	2017	4	11	11	9	목요일	45	0	2026-05-13 10:16:29.780
20171110	2017-11-10	2017	4	11	11	10	금요일	45	0	2026-05-13 10:16:29.780
20171111	2017-11-11	2017	4	11	11	11	토요일	45	0	2026-05-13 10:16:29.780
20171112	2017-11-12	2017	4	11	11	12	일요일	46	0	2026-05-13 10:16:29.780
20171113	2017-11-13	2017	4	11	11	13	월요일	46	0	2026-05-13 10:16:29.780
20171114	2017-11-14	2017	4	11	11	14	화요일	46	0	2026-05-13 10:16:29.780
20171115	2017-11-15	2017	4	11	11	15	수요일	46	0	2026-05-13 10:16:29.780
20171116	2017-11-16	2017	4	11	11	16	목요일	46	0	2026-05-13 10:16:29.780
20171117	2017-11-17	2017	4	11	11	17	금요일	46	0	2026-05-13 10:16:29.780
20171118	2017-11-18	2017	4	11	11	18	토요일	46	0	2026-05-13 10:16:29.780
20171119	2017-11-19	2017	4	11	11	19	일요일	47	0	2026-05-13 10:16:29.780
20171120	2017-11-20	2017	4	11	11	20	월요일	47	0	2026-05-13 10:16:29.780
20171121	2017-11-21	2017	4	11	11	21	화요일	47	0	2026-05-13 10:16:29.780
20171122	2017-11-22	2017	4	11	11	22	수요일	47	0	2026-05-13 10:16:29.780
20171123	2017-11-23	2017	4	11	11	23	목요일	47	0	2026-05-13 10:16:29.780
20171124	2017-11-24	2017	4	11	11	24	금요일	47	0	2026-05-13 10:16:29.780
20171125	2017-11-25	2017	4	11	11	25	토요일	47	0	2026-05-13 10:16:29.780
20171126	2017-11-26	2017	4	11	11	26	일요일	48	0	2026-05-13 10:16:29.780
20171127	2017-11-27	2017	4	11	11	27	월요일	48	0	2026-05-13 10:16:29.780
20171128	2017-11-28	2017	4	11	11	28	화요일	48	0	2026-05-13 10:16:29.780
20171129	2017-11-29	2017	4	11	11	29	수요일	48	0	2026-05-13 10:16:29.780
20171130	2017-11-30	2017	4	11	11	30	목요일	48	0	2026-05-13 10:16:29.780
20171201	2017-12-01	2017	4	12	12	1	금요일	48	0	2026-05-13 10:16:29.780
20171202	2017-12-02	2017	4	12	12	2	토요일	48	0	2026-05-13 10:16:29.780
20171203	2017-12-03	2017	4	12	12	3	일요일	49	0	2026-05-13 10:16:29.780
20171204	2017-12-04	2017	4	12	12	4	월요일	49	0	2026-05-13 10:16:29.780
20171205	2017-12-05	2017	4	12	12	5	화요일	49	0	2026-05-13 10:16:29.780
20171206	2017-12-06	2017	4	12	12	6	수요일	49	0	2026-05-13 10:16:29.780
20171207	2017-12-07	2017	4	12	12	7	목요일	49	0	2026-05-13 10:16:29.780
20171208	2017-12-08	2017	4	12	12	8	금요일	49	0	2026-05-13 10:16:29.780
20171209	2017-12-09	2017	4	12	12	9	토요일	49	0	2026-05-13 10:16:29.780
20171210	2017-12-10	2017	4	12	12	10	일요일	50	0	2026-05-13 10:16:29.780
20171211	2017-12-11	2017	4	12	12	11	월요일	50	0	2026-05-13 10:16:29.780
20171212	2017-12-12	2017	4	12	12	12	화요일	50	0	2026-05-13 10:16:29.780
20171213	2017-12-13	2017	4	12	12	13	수요일	50	0	2026-05-13 10:16:29.780
20171214	2017-12-14	2017	4	12	12	14	목요일	50	0	2026-05-13 10:16:29.780
20171215	2017-12-15	2017	4	12	12	15	금요일	50	0	2026-05-13 10:16:29.780
20171216	2017-12-16	2017	4	12	12	16	토요일	50	0	2026-05-13 10:16:29.780
20171217	2017-12-17	2017	4	12	12	17	일요일	51	0	2026-05-13 10:16:29.780
20171218	2017-12-18	2017	4	12	12	18	월요일	51	0	2026-05-13 10:16:29.780
20171219	2017-12-19	2017	4	12	12	19	화요일	51	0	2026-05-13 10:16:29.780
20171220	2017-12-20	2017	4	12	12	20	수요일	51	0	2026-05-13 10:16:29.780
20171221	2017-12-21	2017	4	12	12	21	목요일	51	0	2026-05-13 10:16:29.780
20171222	2017-12-22	2017	4	12	12	22	금요일	51	0	2026-05-13 10:16:29.780
20171223	2017-12-23	2017	4	12	12	23	토요일	51	0	2026-05-13 10:16:29.780
20171224	2017-12-24	2017	4	12	12	24	일요일	52	0	2026-05-13 10:16:29.780
20171225	2017-12-25	2017	4	12	12	25	월요일	52	0	2026-05-13 10:16:29.780
20171226	2017-12-26	2017	4	12	12	26	화요일	52	0	2026-05-13 10:16:29.780
20171227	2017-12-27	2017	4	12	12	27	수요일	52	0	2026-05-13 10:16:29.780
20171228	2017-12-28	2017	4	12	12	28	목요일	52	0	2026-05-13 10:16:29.780
20171229	2017-12-29	2017	4	12	12	29	금요일	52	0	2026-05-13 10:16:29.780
20171230	2017-12-30	2017	4	12	12	30	토요일	52	0	2026-05-13 10:16:29.780
20171231	2017-12-31	2017	4	12	12	31	일요일	53	0	2026-05-13 10:16:29.780
20180101	2018-01-01	2018	1	1	01	1	월요일	1	0	2026-05-13 10:16:29.780
20180102	2018-01-02	2018	1	1	01	2	화요일	1	0	2026-05-13 10:16:29.780
20180103	2018-01-03	2018	1	1	01	3	수요일	1	0	2026-05-13 10:16:29.780
20180104	2018-01-04	2018	1	1	01	4	목요일	1	0	2026-05-13 10:16:29.780
20180105	2018-01-05	2018	1	1	01	5	금요일	1	0	2026-05-13 10:16:29.780
20180106	2018-01-06	2018	1	1	01	6	토요일	1	0	2026-05-13 10:16:29.780
20180107	2018-01-07	2018	1	1	01	7	일요일	2	0	2026-05-13 10:16:29.780
20180108	2018-01-08	2018	1	1	01	8	월요일	2	0	2026-05-13 10:16:29.780
20180109	2018-01-09	2018	1	1	01	9	화요일	2	0	2026-05-13 10:16:29.780
20180110	2018-01-10	2018	1	1	01	10	수요일	2	0	2026-05-13 10:16:29.780
20180111	2018-01-11	2018	1	1	01	11	목요일	2	0	2026-05-13 10:16:29.780
20180112	2018-01-12	2018	1	1	01	12	금요일	2	0	2026-05-13 10:16:29.780
20180113	2018-01-13	2018	1	1	01	13	토요일	2	0	2026-05-13 10:16:29.780
20180114	2018-01-14	2018	1	1	01	14	일요일	3	0	2026-05-13 10:16:29.780
20180115	2018-01-15	2018	1	1	01	15	월요일	3	0	2026-05-13 10:16:29.780
20180116	2018-01-16	2018	1	1	01	16	화요일	3	0	2026-05-13 10:16:29.780
20180117	2018-01-17	2018	1	1	01	17	수요일	3	0	2026-05-13 10:16:29.780
20180118	2018-01-18	2018	1	1	01	18	목요일	3	0	2026-05-13 10:16:29.780
20180119	2018-01-19	2018	1	1	01	19	금요일	3	0	2026-05-13 10:16:29.780
20180120	2018-01-20	2018	1	1	01	20	토요일	3	0	2026-05-13 10:16:29.780
20180121	2018-01-21	2018	1	1	01	21	일요일	4	0	2026-05-13 10:16:29.780
20180122	2018-01-22	2018	1	1	01	22	월요일	4	0	2026-05-13 10:16:29.780
20180123	2018-01-23	2018	1	1	01	23	화요일	4	0	2026-05-13 10:16:29.780
20180124	2018-01-24	2018	1	1	01	24	수요일	4	0	2026-05-13 10:16:29.780
20180125	2018-01-25	2018	1	1	01	25	목요일	4	0	2026-05-13 10:16:29.780
20180126	2018-01-26	2018	1	1	01	26	금요일	4	0	2026-05-13 10:16:29.780
20180127	2018-01-27	2018	1	1	01	27	토요일	4	0	2026-05-13 10:16:29.780
20180128	2018-01-28	2018	1	1	01	28	일요일	5	0	2026-05-13 10:16:29.780
20180129	2018-01-29	2018	1	1	01	29	월요일	5	0	2026-05-13 10:16:29.780
20180130	2018-01-30	2018	1	1	01	30	화요일	5	0	2026-05-13 10:16:29.780
20180131	2018-01-31	2018	1	1	01	31	수요일	5	0	2026-05-13 10:16:29.780
20180201	2018-02-01	2018	1	2	02	1	목요일	5	0	2026-05-13 10:16:29.780
20180202	2018-02-02	2018	1	2	02	2	금요일	5	0	2026-05-13 10:16:29.780
20180203	2018-02-03	2018	1	2	02	3	토요일	5	0	2026-05-13 10:16:29.780
20180204	2018-02-04	2018	1	2	02	4	일요일	6	0	2026-05-13 10:16:29.780
20180205	2018-02-05	2018	1	2	02	5	월요일	6	0	2026-05-13 10:16:29.780
20180206	2018-02-06	2018	1	2	02	6	화요일	6	0	2026-05-13 10:16:29.780
20180207	2018-02-07	2018	1	2	02	7	수요일	6	0	2026-05-13 10:16:29.780
20180208	2018-02-08	2018	1	2	02	8	목요일	6	0	2026-05-13 10:16:29.780
20180209	2018-02-09	2018	1	2	02	9	금요일	6	0	2026-05-13 10:16:29.780
20180210	2018-02-10	2018	1	2	02	10	토요일	6	0	2026-05-13 10:16:29.780
20180211	2018-02-11	2018	1	2	02	11	일요일	7	0	2026-05-13 10:16:29.780
20180212	2018-02-12	2018	1	2	02	12	월요일	7	0	2026-05-13 10:16:29.780
20180213	2018-02-13	2018	1	2	02	13	화요일	7	0	2026-05-13 10:16:29.780
20180214	2018-02-14	2018	1	2	02	14	수요일	7	0	2026-05-13 10:16:29.780
20180215	2018-02-15	2018	1	2	02	15	목요일	7	0	2026-05-13 10:16:29.780
20180216	2018-02-16	2018	1	2	02	16	금요일	7	0	2026-05-13 10:16:29.780
20180217	2018-02-17	2018	1	2	02	17	토요일	7	0	2026-05-13 10:16:29.780
20180218	2018-02-18	2018	1	2	02	18	일요일	8	0	2026-05-13 10:16:29.780
20180219	2018-02-19	2018	1	2	02	19	월요일	8	0	2026-05-13 10:16:29.780
20180220	2018-02-20	2018	1	2	02	20	화요일	8	0	2026-05-13 10:16:29.780
20180221	2018-02-21	2018	1	2	02	21	수요일	8	0	2026-05-13 10:16:29.780
20180222	2018-02-22	2018	1	2	02	22	목요일	8	0	2026-05-13 10:16:29.780
20180223	2018-02-23	2018	1	2	02	23	금요일	8	0	2026-05-13 10:16:29.780
20180224	2018-02-24	2018	1	2	02	24	토요일	8	0	2026-05-13 10:16:29.780
20180225	2018-02-25	2018	1	2	02	25	일요일	9	0	2026-05-13 10:16:29.780
20180226	2018-02-26	2018	1	2	02	26	월요일	9	0	2026-05-13 10:16:29.780
20180227	2018-02-27	2018	1	2	02	27	화요일	9	0	2026-05-13 10:16:29.780
20180228	2018-02-28	2018	1	2	02	28	수요일	9	0	2026-05-13 10:16:29.780
20180301	2018-03-01	2018	1	3	03	1	목요일	9	0	2026-05-13 10:16:29.780
20180302	2018-03-02	2018	1	3	03	2	금요일	9	0	2026-05-13 10:16:29.780
20180303	2018-03-03	2018	1	3	03	3	토요일	9	0	2026-05-13 10:16:29.780
20180304	2018-03-04	2018	1	3	03	4	일요일	10	0	2026-05-13 10:16:29.780
20180305	2018-03-05	2018	1	3	03	5	월요일	10	0	2026-05-13 10:16:29.780
20180306	2018-03-06	2018	1	3	03	6	화요일	10	0	2026-05-13 10:16:29.780
20180307	2018-03-07	2018	1	3	03	7	수요일	10	0	2026-05-13 10:16:29.780
20180308	2018-03-08	2018	1	3	03	8	목요일	10	0	2026-05-13 10:16:29.780
20180309	2018-03-09	2018	1	3	03	9	금요일	10	0	2026-05-13 10:16:29.780
20180310	2018-03-10	2018	1	3	03	10	토요일	10	0	2026-05-13 10:16:29.780
20180311	2018-03-11	2018	1	3	03	11	일요일	11	0	2026-05-13 10:16:29.780
20180312	2018-03-12	2018	1	3	03	12	월요일	11	0	2026-05-13 10:16:29.780
20180313	2018-03-13	2018	1	3	03	13	화요일	11	0	2026-05-13 10:16:29.780
20180314	2018-03-14	2018	1	3	03	14	수요일	11	0	2026-05-13 10:16:29.780
20180315	2018-03-15	2018	1	3	03	15	목요일	11	0	2026-05-13 10:16:29.780
20180316	2018-03-16	2018	1	3	03	16	금요일	11	0	2026-05-13 10:16:29.780
20180317	2018-03-17	2018	1	3	03	17	토요일	11	0	2026-05-13 10:16:29.780
20180318	2018-03-18	2018	1	3	03	18	일요일	12	0	2026-05-13 10:16:29.780
20180319	2018-03-19	2018	1	3	03	19	월요일	12	0	2026-05-13 10:16:29.780
20180320	2018-03-20	2018	1	3	03	20	화요일	12	0	2026-05-13 10:16:29.780
20180321	2018-03-21	2018	1	3	03	21	수요일	12	0	2026-05-13 10:16:29.780
20180322	2018-03-22	2018	1	3	03	22	목요일	12	0	2026-05-13 10:16:29.780
20180323	2018-03-23	2018	1	3	03	23	금요일	12	0	2026-05-13 10:16:29.780
20180324	2018-03-24	2018	1	3	03	24	토요일	12	0	2026-05-13 10:16:29.780
20180325	2018-03-25	2018	1	3	03	25	일요일	13	0	2026-05-13 10:16:29.780
20180326	2018-03-26	2018	1	3	03	26	월요일	13	0	2026-05-13 10:16:29.780
20180327	2018-03-27	2018	1	3	03	27	화요일	13	0	2026-05-13 10:16:29.780
20180328	2018-03-28	2018	1	3	03	28	수요일	13	0	2026-05-13 10:16:29.780
20180329	2018-03-29	2018	1	3	03	29	목요일	13	0	2026-05-13 10:16:29.780
20180330	2018-03-30	2018	1	3	03	30	금요일	13	0	2026-05-13 10:16:29.780
20180331	2018-03-31	2018	1	3	03	31	토요일	13	0	2026-05-13 10:16:29.780
20180401	2018-04-01	2018	2	4	04	1	일요일	14	0	2026-05-13 10:16:29.780
20180402	2018-04-02	2018	2	4	04	2	월요일	14	0	2026-05-13 10:16:29.780
20180403	2018-04-03	2018	2	4	04	3	화요일	14	0	2026-05-13 10:16:29.780
20180404	2018-04-04	2018	2	4	04	4	수요일	14	0	2026-05-13 10:16:29.780
20180405	2018-04-05	2018	2	4	04	5	목요일	14	0	2026-05-13 10:16:29.780
20180406	2018-04-06	2018	2	4	04	6	금요일	14	0	2026-05-13 10:16:29.780
20180407	2018-04-07	2018	2	4	04	7	토요일	14	0	2026-05-13 10:16:29.780
20180408	2018-04-08	2018	2	4	04	8	일요일	15	0	2026-05-13 10:16:29.780
20180409	2018-04-09	2018	2	4	04	9	월요일	15	0	2026-05-13 10:16:29.780
20180410	2018-04-10	2018	2	4	04	10	화요일	15	0	2026-05-13 10:16:29.780
20180411	2018-04-11	2018	2	4	04	11	수요일	15	0	2026-05-13 10:16:29.780
20180412	2018-04-12	2018	2	4	04	12	목요일	15	0	2026-05-13 10:16:29.780
20180413	2018-04-13	2018	2	4	04	13	금요일	15	0	2026-05-13 10:16:29.780
20180414	2018-04-14	2018	2	4	04	14	토요일	15	0	2026-05-13 10:16:29.780
20180415	2018-04-15	2018	2	4	04	15	일요일	16	0	2026-05-13 10:16:29.780
20180416	2018-04-16	2018	2	4	04	16	월요일	16	0	2026-05-13 10:16:29.780
20180417	2018-04-17	2018	2	4	04	17	화요일	16	0	2026-05-13 10:16:29.780
20180418	2018-04-18	2018	2	4	04	18	수요일	16	0	2026-05-13 10:16:29.780
20180419	2018-04-19	2018	2	4	04	19	목요일	16	0	2026-05-13 10:16:29.780
20180420	2018-04-20	2018	2	4	04	20	금요일	16	0	2026-05-13 10:16:29.780
20180421	2018-04-21	2018	2	4	04	21	토요일	16	0	2026-05-13 10:16:29.780
20180422	2018-04-22	2018	2	4	04	22	일요일	17	0	2026-05-13 10:16:29.780
20180423	2018-04-23	2018	2	4	04	23	월요일	17	0	2026-05-13 10:16:29.780
20180424	2018-04-24	2018	2	4	04	24	화요일	17	0	2026-05-13 10:16:29.780
20180425	2018-04-25	2018	2	4	04	25	수요일	17	0	2026-05-13 10:16:29.780
20180426	2018-04-26	2018	2	4	04	26	목요일	17	0	2026-05-13 10:16:29.780
20180427	2018-04-27	2018	2	4	04	27	금요일	17	0	2026-05-13 10:16:29.780
20180428	2018-04-28	2018	2	4	04	28	토요일	17	0	2026-05-13 10:16:29.780
20180429	2018-04-29	2018	2	4	04	29	일요일	18	0	2026-05-13 10:16:29.780
20180430	2018-04-30	2018	2	4	04	30	월요일	18	0	2026-05-13 10:16:29.780
20180501	2018-05-01	2018	2	5	05	1	화요일	18	0	2026-05-13 10:16:29.780
20180502	2018-05-02	2018	2	5	05	2	수요일	18	0	2026-05-13 10:16:29.780
20180503	2018-05-03	2018	2	5	05	3	목요일	18	0	2026-05-13 10:16:29.780
20180504	2018-05-04	2018	2	5	05	4	금요일	18	0	2026-05-13 10:16:29.780
20180505	2018-05-05	2018	2	5	05	5	토요일	18	0	2026-05-13 10:16:29.780
20180506	2018-05-06	2018	2	5	05	6	일요일	19	0	2026-05-13 10:16:29.780
20180507	2018-05-07	2018	2	5	05	7	월요일	19	0	2026-05-13 10:16:29.780
20180508	2018-05-08	2018	2	5	05	8	화요일	19	0	2026-05-13 10:16:29.780
20180509	2018-05-09	2018	2	5	05	9	수요일	19	0	2026-05-13 10:16:29.780
20180510	2018-05-10	2018	2	5	05	10	목요일	19	0	2026-05-13 10:16:29.780
20180511	2018-05-11	2018	2	5	05	11	금요일	19	0	2026-05-13 10:16:29.780
20180512	2018-05-12	2018	2	5	05	12	토요일	19	0	2026-05-13 10:16:29.780
20180513	2018-05-13	2018	2	5	05	13	일요일	20	0	2026-05-13 10:16:29.780
20180514	2018-05-14	2018	2	5	05	14	월요일	20	0	2026-05-13 10:16:29.780
20180515	2018-05-15	2018	2	5	05	15	화요일	20	0	2026-05-13 10:16:29.780
20180516	2018-05-16	2018	2	5	05	16	수요일	20	0	2026-05-13 10:16:29.780
20180517	2018-05-17	2018	2	5	05	17	목요일	20	0	2026-05-13 10:16:29.780
20180518	2018-05-18	2018	2	5	05	18	금요일	20	0	2026-05-13 10:16:29.780
20180519	2018-05-19	2018	2	5	05	19	토요일	20	0	2026-05-13 10:16:29.780
20180520	2018-05-20	2018	2	5	05	20	일요일	21	0	2026-05-13 10:16:29.780
20180521	2018-05-21	2018	2	5	05	21	월요일	21	0	2026-05-13 10:16:29.780
20180522	2018-05-22	2018	2	5	05	22	화요일	21	0	2026-05-13 10:16:29.780
20180523	2018-05-23	2018	2	5	05	23	수요일	21	0	2026-05-13 10:16:29.780
20180524	2018-05-24	2018	2	5	05	24	목요일	21	0	2026-05-13 10:16:29.780
20180525	2018-05-25	2018	2	5	05	25	금요일	21	0	2026-05-13 10:16:29.780
20180526	2018-05-26	2018	2	5	05	26	토요일	21	0	2026-05-13 10:16:29.780
20180527	2018-05-27	2018	2	5	05	27	일요일	22	0	2026-05-13 10:16:29.780
20180528	2018-05-28	2018	2	5	05	28	월요일	22	0	2026-05-13 10:16:29.780
20180529	2018-05-29	2018	2	5	05	29	화요일	22	0	2026-05-13 10:16:29.780
20180530	2018-05-30	2018	2	5	05	30	수요일	22	0	2026-05-13 10:16:29.780
20180531	2018-05-31	2018	2	5	05	31	목요일	22	0	2026-05-13 10:16:29.780
20180601	2018-06-01	2018	2	6	06	1	금요일	22	0	2026-05-13 10:16:29.780
20180602	2018-06-02	2018	2	6	06	2	토요일	22	0	2026-05-13 10:16:29.780
20180603	2018-06-03	2018	2	6	06	3	일요일	23	0	2026-05-13 10:16:29.780
20180604	2018-06-04	2018	2	6	06	4	월요일	23	0	2026-05-13 10:16:29.780
20180605	2018-06-05	2018	2	6	06	5	화요일	23	0	2026-05-13 10:16:29.780
20180606	2018-06-06	2018	2	6	06	6	수요일	23	0	2026-05-13 10:16:29.780
20180607	2018-06-07	2018	2	6	06	7	목요일	23	0	2026-05-13 10:16:29.780
20180608	2018-06-08	2018	2	6	06	8	금요일	23	0	2026-05-13 10:16:29.780
20180609	2018-06-09	2018	2	6	06	9	토요일	23	0	2026-05-13 10:16:29.780
20180610	2018-06-10	2018	2	6	06	10	일요일	24	0	2026-05-13 10:16:29.780
20180611	2018-06-11	2018	2	6	06	11	월요일	24	0	2026-05-13 10:16:29.780
20180612	2018-06-12	2018	2	6	06	12	화요일	24	0	2026-05-13 10:16:29.780
20180613	2018-06-13	2018	2	6	06	13	수요일	24	0	2026-05-13 10:16:29.780
20180614	2018-06-14	2018	2	6	06	14	목요일	24	0	2026-05-13 10:16:29.780
20180615	2018-06-15	2018	2	6	06	15	금요일	24	0	2026-05-13 10:16:29.780
20180616	2018-06-16	2018	2	6	06	16	토요일	24	0	2026-05-13 10:16:29.780
20180617	2018-06-17	2018	2	6	06	17	일요일	25	0	2026-05-13 10:16:29.780
20180618	2018-06-18	2018	2	6	06	18	월요일	25	0	2026-05-13 10:16:29.780
20180619	2018-06-19	2018	2	6	06	19	화요일	25	0	2026-05-13 10:16:29.780
20180620	2018-06-20	2018	2	6	06	20	수요일	25	0	2026-05-13 10:16:29.780
20180621	2018-06-21	2018	2	6	06	21	목요일	25	0	2026-05-13 10:16:29.780
20180622	2018-06-22	2018	2	6	06	22	금요일	25	0	2026-05-13 10:16:29.780
20180623	2018-06-23	2018	2	6	06	23	토요일	25	0	2026-05-13 10:16:29.780
20180624	2018-06-24	2018	2	6	06	24	일요일	26	0	2026-05-13 10:16:29.780
20180625	2018-06-25	2018	2	6	06	25	월요일	26	0	2026-05-13 10:16:29.780
20180626	2018-06-26	2018	2	6	06	26	화요일	26	0	2026-05-13 10:16:29.780
20180627	2018-06-27	2018	2	6	06	27	수요일	26	0	2026-05-13 10:16:29.780
20180628	2018-06-28	2018	2	6	06	28	목요일	26	0	2026-05-13 10:16:29.780
20180629	2018-06-29	2018	2	6	06	29	금요일	26	0	2026-05-13 10:16:29.780
20180630	2018-06-30	2018	2	6	06	30	토요일	26	0	2026-05-13 10:16:29.780
20180701	2018-07-01	2018	3	7	07	1	일요일	27	0	2026-05-13 10:16:29.780
20180702	2018-07-02	2018	3	7	07	2	월요일	27	0	2026-05-13 10:16:29.780
20180703	2018-07-03	2018	3	7	07	3	화요일	27	0	2026-05-13 10:16:29.780
20180704	2018-07-04	2018	3	7	07	4	수요일	27	0	2026-05-13 10:16:29.780
20180705	2018-07-05	2018	3	7	07	5	목요일	27	0	2026-05-13 10:16:29.780
20180706	2018-07-06	2018	3	7	07	6	금요일	27	0	2026-05-13 10:16:29.780
20180707	2018-07-07	2018	3	7	07	7	토요일	27	0	2026-05-13 10:16:29.780
20180708	2018-07-08	2018	3	7	07	8	일요일	28	0	2026-05-13 10:16:29.780
20180709	2018-07-09	2018	3	7	07	9	월요일	28	0	2026-05-13 10:16:29.780
20180710	2018-07-10	2018	3	7	07	10	화요일	28	0	2026-05-13 10:16:29.780
20180711	2018-07-11	2018	3	7	07	11	수요일	28	0	2026-05-13 10:16:29.780
20180712	2018-07-12	2018	3	7	07	12	목요일	28	0	2026-05-13 10:16:29.780
20180713	2018-07-13	2018	3	7	07	13	금요일	28	0	2026-05-13 10:16:29.780
20180714	2018-07-14	2018	3	7	07	14	토요일	28	0	2026-05-13 10:16:29.780
20180715	2018-07-15	2018	3	7	07	15	일요일	29	0	2026-05-13 10:16:29.780
20180716	2018-07-16	2018	3	7	07	16	월요일	29	0	2026-05-13 10:16:29.780
20180717	2018-07-17	2018	3	7	07	17	화요일	29	0	2026-05-13 10:16:29.780
20180718	2018-07-18	2018	3	7	07	18	수요일	29	0	2026-05-13 10:16:29.780
20180719	2018-07-19	2018	3	7	07	19	목요일	29	0	2026-05-13 10:16:29.780
20180720	2018-07-20	2018	3	7	07	20	금요일	29	0	2026-05-13 10:16:29.780
20180721	2018-07-21	2018	3	7	07	21	토요일	29	0	2026-05-13 10:16:29.780
20180722	2018-07-22	2018	3	7	07	22	일요일	30	0	2026-05-13 10:16:29.780
20180723	2018-07-23	2018	3	7	07	23	월요일	30	0	2026-05-13 10:16:29.780
20180724	2018-07-24	2018	3	7	07	24	화요일	30	0	2026-05-13 10:16:29.780
20180725	2018-07-25	2018	3	7	07	25	수요일	30	0	2026-05-13 10:16:29.780
20180726	2018-07-26	2018	3	7	07	26	목요일	30	0	2026-05-13 10:16:29.780
20180727	2018-07-27	2018	3	7	07	27	금요일	30	0	2026-05-13 10:16:29.780
20180728	2018-07-28	2018	3	7	07	28	토요일	30	0	2026-05-13 10:16:29.780
20180729	2018-07-29	2018	3	7	07	29	일요일	31	0	2026-05-13 10:16:29.780
20180730	2018-07-30	2018	3	7	07	30	월요일	31	0	2026-05-13 10:16:29.780
20180731	2018-07-31	2018	3	7	07	31	화요일	31	0	2026-05-13 10:16:29.780
20180801	2018-08-01	2018	3	8	08	1	수요일	31	0	2026-05-13 10:16:29.780
20180802	2018-08-02	2018	3	8	08	2	목요일	31	0	2026-05-13 10:16:29.780
20180803	2018-08-03	2018	3	8	08	3	금요일	31	0	2026-05-13 10:16:29.780
20180804	2018-08-04	2018	3	8	08	4	토요일	31	0	2026-05-13 10:16:29.780
20180805	2018-08-05	2018	3	8	08	5	일요일	32	0	2026-05-13 10:16:29.780
20180806	2018-08-06	2018	3	8	08	6	월요일	32	0	2026-05-13 10:16:29.780
20180807	2018-08-07	2018	3	8	08	7	화요일	32	0	2026-05-13 10:16:29.780
20180808	2018-08-08	2018	3	8	08	8	수요일	32	0	2026-05-13 10:16:29.780
20180809	2018-08-09	2018	3	8	08	9	목요일	32	0	2026-05-13 10:16:29.780
20180810	2018-08-10	2018	3	8	08	10	금요일	32	0	2026-05-13 10:16:29.780
20180811	2018-08-11	2018	3	8	08	11	토요일	32	0	2026-05-13 10:16:29.780
20180812	2018-08-12	2018	3	8	08	12	일요일	33	0	2026-05-13 10:16:29.780
20180813	2018-08-13	2018	3	8	08	13	월요일	33	0	2026-05-13 10:16:29.780
20180814	2018-08-14	2018	3	8	08	14	화요일	33	0	2026-05-13 10:16:29.780
20180815	2018-08-15	2018	3	8	08	15	수요일	33	0	2026-05-13 10:16:29.780
20180816	2018-08-16	2018	3	8	08	16	목요일	33	0	2026-05-13 10:16:29.780
20180817	2018-08-17	2018	3	8	08	17	금요일	33	0	2026-05-13 10:16:29.780
20180818	2018-08-18	2018	3	8	08	18	토요일	33	0	2026-05-13 10:16:29.780
20180819	2018-08-19	2018	3	8	08	19	일요일	34	0	2026-05-13 10:16:29.780
20180820	2018-08-20	2018	3	8	08	20	월요일	34	0	2026-05-13 10:16:29.780
20180821	2018-08-21	2018	3	8	08	21	화요일	34	0	2026-05-13 10:16:29.780
20180822	2018-08-22	2018	3	8	08	22	수요일	34	0	2026-05-13 10:16:29.780
20180823	2018-08-23	2018	3	8	08	23	목요일	34	0	2026-05-13 10:16:29.780
20180824	2018-08-24	2018	3	8	08	24	금요일	34	0	2026-05-13 10:16:29.780
20180825	2018-08-25	2018	3	8	08	25	토요일	34	0	2026-05-13 10:16:29.780
20180826	2018-08-26	2018	3	8	08	26	일요일	35	0	2026-05-13 10:16:29.780
20180827	2018-08-27	2018	3	8	08	27	월요일	35	0	2026-05-13 10:16:29.780
20180828	2018-08-28	2018	3	8	08	28	화요일	35	0	2026-05-13 10:16:29.780
20180829	2018-08-29	2018	3	8	08	29	수요일	35	0	2026-05-13 10:16:29.780
20180830	2018-08-30	2018	3	8	08	30	목요일	35	0	2026-05-13 10:16:29.780
20180831	2018-08-31	2018	3	8	08	31	금요일	35	0	2026-05-13 10:16:29.780
20180901	2018-09-01	2018	3	9	09	1	토요일	35	0	2026-05-13 10:16:29.780
20180902	2018-09-02	2018	3	9	09	2	일요일	36	0	2026-05-13 10:16:29.780
20180903	2018-09-03	2018	3	9	09	3	월요일	36	0	2026-05-13 10:16:29.780
20180904	2018-09-04	2018	3	9	09	4	화요일	36	0	2026-05-13 10:16:29.780
20180905	2018-09-05	2018	3	9	09	5	수요일	36	0	2026-05-13 10:16:29.780
20180906	2018-09-06	2018	3	9	09	6	목요일	36	0	2026-05-13 10:16:29.780
20180907	2018-09-07	2018	3	9	09	7	금요일	36	0	2026-05-13 10:16:29.780
20180908	2018-09-08	2018	3	9	09	8	토요일	36	0	2026-05-13 10:16:29.780
20180909	2018-09-09	2018	3	9	09	9	일요일	37	0	2026-05-13 10:16:29.780
20180910	2018-09-10	2018	3	9	09	10	월요일	37	0	2026-05-13 10:16:29.780
20180911	2018-09-11	2018	3	9	09	11	화요일	37	0	2026-05-13 10:16:29.780
20180912	2018-09-12	2018	3	9	09	12	수요일	37	0	2026-05-13 10:16:29.780
20180913	2018-09-13	2018	3	9	09	13	목요일	37	0	2026-05-13 10:16:29.780
20180914	2018-09-14	2018	3	9	09	14	금요일	37	0	2026-05-13 10:16:29.780
20180915	2018-09-15	2018	3	9	09	15	토요일	37	0	2026-05-13 10:16:29.780
20180916	2018-09-16	2018	3	9	09	16	일요일	38	0	2026-05-13 10:16:29.780
20180917	2018-09-17	2018	3	9	09	17	월요일	38	0	2026-05-13 10:16:29.780
20180918	2018-09-18	2018	3	9	09	18	화요일	38	0	2026-05-13 10:16:29.780
20180919	2018-09-19	2018	3	9	09	19	수요일	38	0	2026-05-13 10:16:29.780
20180920	2018-09-20	2018	3	9	09	20	목요일	38	0	2026-05-13 10:16:29.780
20180921	2018-09-21	2018	3	9	09	21	금요일	38	0	2026-05-13 10:16:29.780
20180922	2018-09-22	2018	3	9	09	22	토요일	38	0	2026-05-13 10:16:29.780
20180923	2018-09-23	2018	3	9	09	23	일요일	39	0	2026-05-13 10:16:29.780
20180924	2018-09-24	2018	3	9	09	24	월요일	39	0	2026-05-13 10:16:29.780
20180925	2018-09-25	2018	3	9	09	25	화요일	39	0	2026-05-13 10:16:29.780
20180926	2018-09-26	2018	3	9	09	26	수요일	39	0	2026-05-13 10:16:29.780
20180927	2018-09-27	2018	3	9	09	27	목요일	39	0	2026-05-13 10:16:29.780
20180928	2018-09-28	2018	3	9	09	28	금요일	39	0	2026-05-13 10:16:29.780
20180929	2018-09-29	2018	3	9	09	29	토요일	39	0	2026-05-13 10:16:29.780
20180930	2018-09-30	2018	3	9	09	30	일요일	40	0	2026-05-13 10:16:29.780
20181001	2018-10-01	2018	4	10	10	1	월요일	40	0	2026-05-13 10:16:29.780
20181002	2018-10-02	2018	4	10	10	2	화요일	40	0	2026-05-13 10:16:29.780
20181003	2018-10-03	2018	4	10	10	3	수요일	40	0	2026-05-13 10:16:29.780
20181004	2018-10-04	2018	4	10	10	4	목요일	40	0	2026-05-13 10:16:29.780
20181005	2018-10-05	2018	4	10	10	5	금요일	40	0	2026-05-13 10:16:29.780
20181006	2018-10-06	2018	4	10	10	6	토요일	40	0	2026-05-13 10:16:29.780
20181007	2018-10-07	2018	4	10	10	7	일요일	41	0	2026-05-13 10:16:29.780
20181008	2018-10-08	2018	4	10	10	8	월요일	41	0	2026-05-13 10:16:29.780
20181009	2018-10-09	2018	4	10	10	9	화요일	41	0	2026-05-13 10:16:29.780
20181010	2018-10-10	2018	4	10	10	10	수요일	41	0	2026-05-13 10:16:29.780
20181011	2018-10-11	2018	4	10	10	11	목요일	41	0	2026-05-13 10:16:29.780
20181012	2018-10-12	2018	4	10	10	12	금요일	41	0	2026-05-13 10:16:29.780
20181013	2018-10-13	2018	4	10	10	13	토요일	41	0	2026-05-13 10:16:29.780
20181014	2018-10-14	2018	4	10	10	14	일요일	42	0	2026-05-13 10:16:29.780
20181015	2018-10-15	2018	4	10	10	15	월요일	42	0	2026-05-13 10:16:29.780
20181016	2018-10-16	2018	4	10	10	16	화요일	42	0	2026-05-13 10:16:29.780
20181017	2018-10-17	2018	4	10	10	17	수요일	42	0	2026-05-13 10:16:29.780
20181018	2018-10-18	2018	4	10	10	18	목요일	42	0	2026-05-13 10:16:29.780
20181019	2018-10-19	2018	4	10	10	19	금요일	42	0	2026-05-13 10:16:29.780
20181020	2018-10-20	2018	4	10	10	20	토요일	42	0	2026-05-13 10:16:29.780
20181021	2018-10-21	2018	4	10	10	21	일요일	43	0	2026-05-13 10:16:29.780
20181022	2018-10-22	2018	4	10	10	22	월요일	43	0	2026-05-13 10:16:29.780
20181023	2018-10-23	2018	4	10	10	23	화요일	43	0	2026-05-13 10:16:29.780
20181024	2018-10-24	2018	4	10	10	24	수요일	43	0	2026-05-13 10:16:29.780
20181025	2018-10-25	2018	4	10	10	25	목요일	43	0	2026-05-13 10:16:29.780
20181026	2018-10-26	2018	4	10	10	26	금요일	43	0	2026-05-13 10:16:29.780
20181027	2018-10-27	2018	4	10	10	27	토요일	43	0	2026-05-13 10:16:29.780
20181028	2018-10-28	2018	4	10	10	28	일요일	44	0	2026-05-13 10:16:29.780
20181029	2018-10-29	2018	4	10	10	29	월요일	44	0	2026-05-13 10:16:29.780
20181030	2018-10-30	2018	4	10	10	30	화요일	44	0	2026-05-13 10:16:29.780
20181031	2018-10-31	2018	4	10	10	31	수요일	44	0	2026-05-13 10:16:29.780
20181101	2018-11-01	2018	4	11	11	1	목요일	44	0	2026-05-13 10:16:29.780
20181102	2018-11-02	2018	4	11	11	2	금요일	44	0	2026-05-13 10:16:29.780
20181103	2018-11-03	2018	4	11	11	3	토요일	44	0	2026-05-13 10:16:29.780
20181104	2018-11-04	2018	4	11	11	4	일요일	45	0	2026-05-13 10:16:29.780
20181105	2018-11-05	2018	4	11	11	5	월요일	45	0	2026-05-13 10:16:29.780
20181106	2018-11-06	2018	4	11	11	6	화요일	45	0	2026-05-13 10:16:29.780
20181107	2018-11-07	2018	4	11	11	7	수요일	45	0	2026-05-13 10:16:29.780
20181108	2018-11-08	2018	4	11	11	8	목요일	45	0	2026-05-13 10:16:29.780
20181109	2018-11-09	2018	4	11	11	9	금요일	45	0	2026-05-13 10:16:29.780
20181110	2018-11-10	2018	4	11	11	10	토요일	45	0	2026-05-13 10:16:29.780
20181111	2018-11-11	2018	4	11	11	11	일요일	46	0	2026-05-13 10:16:29.780
20181112	2018-11-12	2018	4	11	11	12	월요일	46	0	2026-05-13 10:16:29.780
20181113	2018-11-13	2018	4	11	11	13	화요일	46	0	2026-05-13 10:16:29.780
20181114	2018-11-14	2018	4	11	11	14	수요일	46	0	2026-05-13 10:16:29.780
20181115	2018-11-15	2018	4	11	11	15	목요일	46	0	2026-05-13 10:16:29.780
20181116	2018-11-16	2018	4	11	11	16	금요일	46	0	2026-05-13 10:16:29.780
20181117	2018-11-17	2018	4	11	11	17	토요일	46	0	2026-05-13 10:16:29.780
20181118	2018-11-18	2018	4	11	11	18	일요일	47	0	2026-05-13 10:16:29.780
20181119	2018-11-19	2018	4	11	11	19	월요일	47	0	2026-05-13 10:16:29.780
20181120	2018-11-20	2018	4	11	11	20	화요일	47	0	2026-05-13 10:16:29.780
20181121	2018-11-21	2018	4	11	11	21	수요일	47	0	2026-05-13 10:16:29.780
20181122	2018-11-22	2018	4	11	11	22	목요일	47	0	2026-05-13 10:16:29.780
20181123	2018-11-23	2018	4	11	11	23	금요일	47	0	2026-05-13 10:16:29.780
20181124	2018-11-24	2018	4	11	11	24	토요일	47	0	2026-05-13 10:16:29.780
20181125	2018-11-25	2018	4	11	11	25	일요일	48	0	2026-05-13 10:16:29.780
20181126	2018-11-26	2018	4	11	11	26	월요일	48	0	2026-05-13 10:16:29.780
20181127	2018-11-27	2018	4	11	11	27	화요일	48	0	2026-05-13 10:16:29.780
20181128	2018-11-28	2018	4	11	11	28	수요일	48	0	2026-05-13 10:16:29.780
20181129	2018-11-29	2018	4	11	11	29	목요일	48	0	2026-05-13 10:16:29.780
20181130	2018-11-30	2018	4	11	11	30	금요일	48	0	2026-05-13 10:16:29.780
20181201	2018-12-01	2018	4	12	12	1	토요일	48	0	2026-05-13 10:16:29.780
20181202	2018-12-02	2018	4	12	12	2	일요일	49	0	2026-05-13 10:16:29.780
20181203	2018-12-03	2018	4	12	12	3	월요일	49	0	2026-05-13 10:16:29.780
20181204	2018-12-04	2018	4	12	12	4	화요일	49	0	2026-05-13 10:16:29.780
20181205	2018-12-05	2018	4	12	12	5	수요일	49	0	2026-05-13 10:16:29.780
20181206	2018-12-06	2018	4	12	12	6	목요일	49	0	2026-05-13 10:16:29.780
20181207	2018-12-07	2018	4	12	12	7	금요일	49	0	2026-05-13 10:16:29.780
20181208	2018-12-08	2018	4	12	12	8	토요일	49	0	2026-05-13 10:16:29.780
20181209	2018-12-09	2018	4	12	12	9	일요일	50	0	2026-05-13 10:16:29.780
20181210	2018-12-10	2018	4	12	12	10	월요일	50	0	2026-05-13 10:16:29.780
20181211	2018-12-11	2018	4	12	12	11	화요일	50	0	2026-05-13 10:16:29.780
20181212	2018-12-12	2018	4	12	12	12	수요일	50	0	2026-05-13 10:16:29.780
20181213	2018-12-13	2018	4	12	12	13	목요일	50	0	2026-05-13 10:16:29.780
20181214	2018-12-14	2018	4	12	12	14	금요일	50	0	2026-05-13 10:16:29.780
20181215	2018-12-15	2018	4	12	12	15	토요일	50	0	2026-05-13 10:16:29.780
20181216	2018-12-16	2018	4	12	12	16	일요일	51	0	2026-05-13 10:16:29.780
20181217	2018-12-17	2018	4	12	12	17	월요일	51	0	2026-05-13 10:16:29.780
20181218	2018-12-18	2018	4	12	12	18	화요일	51	0	2026-05-13 10:16:29.780
20181219	2018-12-19	2018	4	12	12	19	수요일	51	0	2026-05-13 10:16:29.780
20181220	2018-12-20	2018	4	12	12	20	목요일	51	0	2026-05-13 10:16:29.780
20181221	2018-12-21	2018	4	12	12	21	금요일	51	0	2026-05-13 10:16:29.780
20181222	2018-12-22	2018	4	12	12	22	토요일	51	0	2026-05-13 10:16:29.780
20181223	2018-12-23	2018	4	12	12	23	일요일	52	0	2026-05-13 10:16:29.780
20181224	2018-12-24	2018	4	12	12	24	월요일	52	0	2026-05-13 10:16:29.780
20181225	2018-12-25	2018	4	12	12	25	화요일	52	0	2026-05-13 10:16:29.780
20181226	2018-12-26	2018	4	12	12	26	수요일	52	0	2026-05-13 10:16:29.780
20181227	2018-12-27	2018	4	12	12	27	목요일	52	0	2026-05-13 10:16:29.780
20181228	2018-12-28	2018	4	12	12	28	금요일	52	0	2026-05-13 10:16:29.780
20181229	2018-12-29	2018	4	12	12	29	토요일	52	0	2026-05-13 10:16:29.780
20181230	2018-12-30	2018	4	12	12	30	일요일	53	0	2026-05-13 10:16:29.780
20181231	2018-12-31	2018	4	12	12	31	월요일	53	0	2026-05-13 10:16:29.780
20190101	2019-01-01	2019	1	1	01	1	화요일	1	0	2026-05-13 10:16:29.780
20190102	2019-01-02	2019	1	1	01	2	수요일	1	0	2026-05-13 10:16:29.780
20190103	2019-01-03	2019	1	1	01	3	목요일	1	0	2026-05-13 10:16:29.780
20190104	2019-01-04	2019	1	1	01	4	금요일	1	0	2026-05-13 10:16:29.780
20190105	2019-01-05	2019	1	1	01	5	토요일	1	0	2026-05-13 10:16:29.780
20190106	2019-01-06	2019	1	1	01	6	일요일	2	0	2026-05-13 10:16:29.780
20190107	2019-01-07	2019	1	1	01	7	월요일	2	0	2026-05-13 10:16:29.780
20190108	2019-01-08	2019	1	1	01	8	화요일	2	0	2026-05-13 10:16:29.780
20190109	2019-01-09	2019	1	1	01	9	수요일	2	0	2026-05-13 10:16:29.780
20190110	2019-01-10	2019	1	1	01	10	목요일	2	0	2026-05-13 10:16:29.780
20190111	2019-01-11	2019	1	1	01	11	금요일	2	0	2026-05-13 10:16:29.780
20190112	2019-01-12	2019	1	1	01	12	토요일	2	0	2026-05-13 10:16:29.780
20190113	2019-01-13	2019	1	1	01	13	일요일	3	0	2026-05-13 10:16:29.780
20190114	2019-01-14	2019	1	1	01	14	월요일	3	0	2026-05-13 10:16:29.780
20190115	2019-01-15	2019	1	1	01	15	화요일	3	0	2026-05-13 10:16:29.780
20190116	2019-01-16	2019	1	1	01	16	수요일	3	0	2026-05-13 10:16:29.780
20190117	2019-01-17	2019	1	1	01	17	목요일	3	0	2026-05-13 10:16:29.780
20190118	2019-01-18	2019	1	1	01	18	금요일	3	0	2026-05-13 10:16:29.780
20190119	2019-01-19	2019	1	1	01	19	토요일	3	0	2026-05-13 10:16:29.780
20190120	2019-01-20	2019	1	1	01	20	일요일	4	0	2026-05-13 10:16:29.780
20190121	2019-01-21	2019	1	1	01	21	월요일	4	0	2026-05-13 10:16:29.780
20190122	2019-01-22	2019	1	1	01	22	화요일	4	0	2026-05-13 10:16:29.780
20190123	2019-01-23	2019	1	1	01	23	수요일	4	0	2026-05-13 10:16:29.780
20190124	2019-01-24	2019	1	1	01	24	목요일	4	0	2026-05-13 10:16:29.780
20190125	2019-01-25	2019	1	1	01	25	금요일	4	0	2026-05-13 10:16:29.780
20190126	2019-01-26	2019	1	1	01	26	토요일	4	0	2026-05-13 10:16:29.780
20190127	2019-01-27	2019	1	1	01	27	일요일	5	0	2026-05-13 10:16:29.780
20190128	2019-01-28	2019	1	1	01	28	월요일	5	0	2026-05-13 10:16:29.780
20190129	2019-01-29	2019	1	1	01	29	화요일	5	0	2026-05-13 10:16:29.780
20190130	2019-01-30	2019	1	1	01	30	수요일	5	0	2026-05-13 10:16:29.780
20190131	2019-01-31	2019	1	1	01	31	목요일	5	0	2026-05-13 10:16:29.780
20190201	2019-02-01	2019	1	2	02	1	금요일	5	0	2026-05-13 10:16:29.780
20190202	2019-02-02	2019	1	2	02	2	토요일	5	0	2026-05-13 10:16:29.780
20190203	2019-02-03	2019	1	2	02	3	일요일	6	0	2026-05-13 10:16:29.780
20190204	2019-02-04	2019	1	2	02	4	월요일	6	0	2026-05-13 10:16:29.780
20190205	2019-02-05	2019	1	2	02	5	화요일	6	0	2026-05-13 10:16:29.780
20190206	2019-02-06	2019	1	2	02	6	수요일	6	0	2026-05-13 10:16:29.780
20190207	2019-02-07	2019	1	2	02	7	목요일	6	0	2026-05-13 10:16:29.780
20190208	2019-02-08	2019	1	2	02	8	금요일	6	0	2026-05-13 10:16:29.780
20190209	2019-02-09	2019	1	2	02	9	토요일	6	0	2026-05-13 10:16:29.780
20190210	2019-02-10	2019	1	2	02	10	일요일	7	0	2026-05-13 10:16:29.780
20190211	2019-02-11	2019	1	2	02	11	월요일	7	0	2026-05-13 10:16:29.780
20190212	2019-02-12	2019	1	2	02	12	화요일	7	0	2026-05-13 10:16:29.780
20190213	2019-02-13	2019	1	2	02	13	수요일	7	0	2026-05-13 10:16:29.780
20190214	2019-02-14	2019	1	2	02	14	목요일	7	0	2026-05-13 10:16:29.780
20190215	2019-02-15	2019	1	2	02	15	금요일	7	0	2026-05-13 10:16:29.780
20190216	2019-02-16	2019	1	2	02	16	토요일	7	0	2026-05-13 10:16:29.780
20190217	2019-02-17	2019	1	2	02	17	일요일	8	0	2026-05-13 10:16:29.780
20190218	2019-02-18	2019	1	2	02	18	월요일	8	0	2026-05-13 10:16:29.780
20190219	2019-02-19	2019	1	2	02	19	화요일	8	0	2026-05-13 10:16:29.780
20190220	2019-02-20	2019	1	2	02	20	수요일	8	0	2026-05-13 10:16:29.780
20190221	2019-02-21	2019	1	2	02	21	목요일	8	0	2026-05-13 10:16:29.780
20190222	2019-02-22	2019	1	2	02	22	금요일	8	0	2026-05-13 10:16:29.780
20190223	2019-02-23	2019	1	2	02	23	토요일	8	0	2026-05-13 10:16:29.780
20190224	2019-02-24	2019	1	2	02	24	일요일	9	0	2026-05-13 10:16:29.780
20190225	2019-02-25	2019	1	2	02	25	월요일	9	0	2026-05-13 10:16:29.780
20190226	2019-02-26	2019	1	2	02	26	화요일	9	0	2026-05-13 10:16:29.780
20190227	2019-02-27	2019	1	2	02	27	수요일	9	0	2026-05-13 10:16:29.780
20190228	2019-02-28	2019	1	2	02	28	목요일	9	0	2026-05-13 10:16:29.780
20190301	2019-03-01	2019	1	3	03	1	금요일	9	0	2026-05-13 10:16:29.780
20190302	2019-03-02	2019	1	3	03	2	토요일	9	0	2026-05-13 10:16:29.780
20190303	2019-03-03	2019	1	3	03	3	일요일	10	0	2026-05-13 10:16:29.780
20190304	2019-03-04	2019	1	3	03	4	월요일	10	0	2026-05-13 10:16:29.780
20190305	2019-03-05	2019	1	3	03	5	화요일	10	0	2026-05-13 10:16:29.780
20190306	2019-03-06	2019	1	3	03	6	수요일	10	0	2026-05-13 10:16:29.780
20190307	2019-03-07	2019	1	3	03	7	목요일	10	0	2026-05-13 10:16:29.780
20190308	2019-03-08	2019	1	3	03	8	금요일	10	0	2026-05-13 10:16:29.780
20190309	2019-03-09	2019	1	3	03	9	토요일	10	0	2026-05-13 10:16:29.780
20190310	2019-03-10	2019	1	3	03	10	일요일	11	0	2026-05-13 10:16:29.780
20190311	2019-03-11	2019	1	3	03	11	월요일	11	0	2026-05-13 10:16:29.780
20190312	2019-03-12	2019	1	3	03	12	화요일	11	0	2026-05-13 10:16:29.780
20190313	2019-03-13	2019	1	3	03	13	수요일	11	0	2026-05-13 10:16:29.780
20190314	2019-03-14	2019	1	3	03	14	목요일	11	0	2026-05-13 10:16:29.780
20190315	2019-03-15	2019	1	3	03	15	금요일	11	0	2026-05-13 10:16:29.780
20190316	2019-03-16	2019	1	3	03	16	토요일	11	0	2026-05-13 10:16:29.780
20190317	2019-03-17	2019	1	3	03	17	일요일	12	0	2026-05-13 10:16:29.780
20190318	2019-03-18	2019	1	3	03	18	월요일	12	0	2026-05-13 10:16:29.780
20190319	2019-03-19	2019	1	3	03	19	화요일	12	0	2026-05-13 10:16:29.780
20190320	2019-03-20	2019	1	3	03	20	수요일	12	0	2026-05-13 10:16:29.780
20190321	2019-03-21	2019	1	3	03	21	목요일	12	0	2026-05-13 10:16:29.780
20190322	2019-03-22	2019	1	3	03	22	금요일	12	0	2026-05-13 10:16:29.780
20190323	2019-03-23	2019	1	3	03	23	토요일	12	0	2026-05-13 10:16:29.780
20190324	2019-03-24	2019	1	3	03	24	일요일	13	0	2026-05-13 10:16:29.780
20190325	2019-03-25	2019	1	3	03	25	월요일	13	0	2026-05-13 10:16:29.780
20190326	2019-03-26	2019	1	3	03	26	화요일	13	0	2026-05-13 10:16:29.780
20190327	2019-03-27	2019	1	3	03	27	수요일	13	0	2026-05-13 10:16:29.780
20190328	2019-03-28	2019	1	3	03	28	목요일	13	0	2026-05-13 10:16:29.780
20190329	2019-03-29	2019	1	3	03	29	금요일	13	0	2026-05-13 10:16:29.780
20190330	2019-03-30	2019	1	3	03	30	토요일	13	0	2026-05-13 10:16:29.780
20190331	2019-03-31	2019	1	3	03	31	일요일	14	0	2026-05-13 10:16:29.780
20190401	2019-04-01	2019	2	4	04	1	월요일	14	0	2026-05-13 10:16:29.780
20190402	2019-04-02	2019	2	4	04	2	화요일	14	0	2026-05-13 10:16:29.780
20190403	2019-04-03	2019	2	4	04	3	수요일	14	0	2026-05-13 10:16:29.780
20190404	2019-04-04	2019	2	4	04	4	목요일	14	0	2026-05-13 10:16:29.780
20190405	2019-04-05	2019	2	4	04	5	금요일	14	0	2026-05-13 10:16:29.780
20190406	2019-04-06	2019	2	4	04	6	토요일	14	0	2026-05-13 10:16:29.780
20190407	2019-04-07	2019	2	4	04	7	일요일	15	0	2026-05-13 10:16:29.780
20190408	2019-04-08	2019	2	4	04	8	월요일	15	0	2026-05-13 10:16:29.780
20190409	2019-04-09	2019	2	4	04	9	화요일	15	0	2026-05-13 10:16:29.780
20190410	2019-04-10	2019	2	4	04	10	수요일	15	0	2026-05-13 10:16:29.780
20190411	2019-04-11	2019	2	4	04	11	목요일	15	0	2026-05-13 10:16:29.780
20190412	2019-04-12	2019	2	4	04	12	금요일	15	0	2026-05-13 10:16:29.780
20190413	2019-04-13	2019	2	4	04	13	토요일	15	0	2026-05-13 10:16:29.780
20190414	2019-04-14	2019	2	4	04	14	일요일	16	0	2026-05-13 10:16:29.780
20190415	2019-04-15	2019	2	4	04	15	월요일	16	0	2026-05-13 10:16:29.780
20190416	2019-04-16	2019	2	4	04	16	화요일	16	0	2026-05-13 10:16:29.780
20190417	2019-04-17	2019	2	4	04	17	수요일	16	0	2026-05-13 10:16:29.780
20190418	2019-04-18	2019	2	4	04	18	목요일	16	0	2026-05-13 10:16:29.780
20190419	2019-04-19	2019	2	4	04	19	금요일	16	0	2026-05-13 10:16:29.780
20190420	2019-04-20	2019	2	4	04	20	토요일	16	0	2026-05-13 10:16:29.780
20190421	2019-04-21	2019	2	4	04	21	일요일	17	0	2026-05-13 10:16:29.780
20190422	2019-04-22	2019	2	4	04	22	월요일	17	0	2026-05-13 10:16:29.780
20190423	2019-04-23	2019	2	4	04	23	화요일	17	0	2026-05-13 10:16:29.780
20190424	2019-04-24	2019	2	4	04	24	수요일	17	0	2026-05-13 10:16:29.780
20190425	2019-04-25	2019	2	4	04	25	목요일	17	0	2026-05-13 10:16:29.780
20190426	2019-04-26	2019	2	4	04	26	금요일	17	0	2026-05-13 10:16:29.780
20190427	2019-04-27	2019	2	4	04	27	토요일	17	0	2026-05-13 10:16:29.780
20190428	2019-04-28	2019	2	4	04	28	일요일	18	0	2026-05-13 10:16:29.780
20190429	2019-04-29	2019	2	4	04	29	월요일	18	0	2026-05-13 10:16:29.780
20190430	2019-04-30	2019	2	4	04	30	화요일	18	0	2026-05-13 10:16:29.780
20190501	2019-05-01	2019	2	5	05	1	수요일	18	0	2026-05-13 10:16:29.780
20190502	2019-05-02	2019	2	5	05	2	목요일	18	0	2026-05-13 10:16:29.780
20190503	2019-05-03	2019	2	5	05	3	금요일	18	0	2026-05-13 10:16:29.780
20190504	2019-05-04	2019	2	5	05	4	토요일	18	0	2026-05-13 10:16:29.780
20190505	2019-05-05	2019	2	5	05	5	일요일	19	0	2026-05-13 10:16:29.780
20190506	2019-05-06	2019	2	5	05	6	월요일	19	0	2026-05-13 10:16:29.780
20190507	2019-05-07	2019	2	5	05	7	화요일	19	0	2026-05-13 10:16:29.780
20190508	2019-05-08	2019	2	5	05	8	수요일	19	0	2026-05-13 10:16:29.780
20190509	2019-05-09	2019	2	5	05	9	목요일	19	0	2026-05-13 10:16:29.780
20190510	2019-05-10	2019	2	5	05	10	금요일	19	0	2026-05-13 10:16:29.780
20190511	2019-05-11	2019	2	5	05	11	토요일	19	0	2026-05-13 10:16:29.780
20190512	2019-05-12	2019	2	5	05	12	일요일	20	0	2026-05-13 10:16:29.780
20190513	2019-05-13	2019	2	5	05	13	월요일	20	0	2026-05-13 10:16:29.780
20190514	2019-05-14	2019	2	5	05	14	화요일	20	0	2026-05-13 10:16:29.780
20190515	2019-05-15	2019	2	5	05	15	수요일	20	0	2026-05-13 10:16:29.780
20190516	2019-05-16	2019	2	5	05	16	목요일	20	0	2026-05-13 10:16:29.780
20190517	2019-05-17	2019	2	5	05	17	금요일	20	0	2026-05-13 10:16:29.780
20190518	2019-05-18	2019	2	5	05	18	토요일	20	0	2026-05-13 10:16:29.780
20190519	2019-05-19	2019	2	5	05	19	일요일	21	0	2026-05-13 10:16:29.780
20190520	2019-05-20	2019	2	5	05	20	월요일	21	0	2026-05-13 10:16:29.780
20190521	2019-05-21	2019	2	5	05	21	화요일	21	0	2026-05-13 10:16:29.780
20190522	2019-05-22	2019	2	5	05	22	수요일	21	0	2026-05-13 10:16:29.780
20190523	2019-05-23	2019	2	5	05	23	목요일	21	0	2026-05-13 10:16:29.780
20190524	2019-05-24	2019	2	5	05	24	금요일	21	0	2026-05-13 10:16:29.780
20190525	2019-05-25	2019	2	5	05	25	토요일	21	0	2026-05-13 10:16:29.780
20190526	2019-05-26	2019	2	5	05	26	일요일	22	0	2026-05-13 10:16:29.780
20190527	2019-05-27	2019	2	5	05	27	월요일	22	0	2026-05-13 10:16:29.780
20190528	2019-05-28	2019	2	5	05	28	화요일	22	0	2026-05-13 10:16:29.780
20190529	2019-05-29	2019	2	5	05	29	수요일	22	0	2026-05-13 10:16:29.780
20190530	2019-05-30	2019	2	5	05	30	목요일	22	0	2026-05-13 10:16:29.780
20190531	2019-05-31	2019	2	5	05	31	금요일	22	0	2026-05-13 10:16:29.780
20190601	2019-06-01	2019	2	6	06	1	토요일	22	0	2026-05-13 10:16:29.780
20190602	2019-06-02	2019	2	6	06	2	일요일	23	0	2026-05-13 10:16:29.780
20190603	2019-06-03	2019	2	6	06	3	월요일	23	0	2026-05-13 10:16:29.780
20190604	2019-06-04	2019	2	6	06	4	화요일	23	0	2026-05-13 10:16:29.780
20190605	2019-06-05	2019	2	6	06	5	수요일	23	0	2026-05-13 10:16:29.780
20190606	2019-06-06	2019	2	6	06	6	목요일	23	0	2026-05-13 10:16:29.780
20190607	2019-06-07	2019	2	6	06	7	금요일	23	0	2026-05-13 10:16:29.780
20190608	2019-06-08	2019	2	6	06	8	토요일	23	0	2026-05-13 10:16:29.780
20190609	2019-06-09	2019	2	6	06	9	일요일	24	0	2026-05-13 10:16:29.780
20190610	2019-06-10	2019	2	6	06	10	월요일	24	0	2026-05-13 10:16:29.780
20190611	2019-06-11	2019	2	6	06	11	화요일	24	0	2026-05-13 10:16:29.780
20190612	2019-06-12	2019	2	6	06	12	수요일	24	0	2026-05-13 10:16:29.780
20190613	2019-06-13	2019	2	6	06	13	목요일	24	0	2026-05-13 10:16:29.780
20190614	2019-06-14	2019	2	6	06	14	금요일	24	0	2026-05-13 10:16:29.780
20190615	2019-06-15	2019	2	6	06	15	토요일	24	0	2026-05-13 10:16:29.780
20190616	2019-06-16	2019	2	6	06	16	일요일	25	0	2026-05-13 10:16:29.780
20190617	2019-06-17	2019	2	6	06	17	월요일	25	0	2026-05-13 10:16:29.780
20190618	2019-06-18	2019	2	6	06	18	화요일	25	0	2026-05-13 10:16:29.780
20190619	2019-06-19	2019	2	6	06	19	수요일	25	0	2026-05-13 10:16:29.780
20190620	2019-06-20	2019	2	6	06	20	목요일	25	0	2026-05-13 10:16:29.780
20190621	2019-06-21	2019	2	6	06	21	금요일	25	0	2026-05-13 10:16:29.780
20190622	2019-06-22	2019	2	6	06	22	토요일	25	0	2026-05-13 10:16:29.780
20190623	2019-06-23	2019	2	6	06	23	일요일	26	0	2026-05-13 10:16:29.780
20190624	2019-06-24	2019	2	6	06	24	월요일	26	0	2026-05-13 10:16:29.780
20190625	2019-06-25	2019	2	6	06	25	화요일	26	0	2026-05-13 10:16:29.780
20190626	2019-06-26	2019	2	6	06	26	수요일	26	0	2026-05-13 10:16:29.780
20190627	2019-06-27	2019	2	6	06	27	목요일	26	0	2026-05-13 10:16:29.780
20190628	2019-06-28	2019	2	6	06	28	금요일	26	0	2026-05-13 10:16:29.780
20190629	2019-06-29	2019	2	6	06	29	토요일	26	0	2026-05-13 10:16:29.780
20190630	2019-06-30	2019	2	6	06	30	일요일	27	0	2026-05-13 10:16:29.780
20190701	2019-07-01	2019	3	7	07	1	월요일	27	0	2026-05-13 10:16:29.780
20190702	2019-07-02	2019	3	7	07	2	화요일	27	0	2026-05-13 10:16:29.780
20190703	2019-07-03	2019	3	7	07	3	수요일	27	0	2026-05-13 10:16:29.780
20190704	2019-07-04	2019	3	7	07	4	목요일	27	0	2026-05-13 10:16:29.780
20190705	2019-07-05	2019	3	7	07	5	금요일	27	0	2026-05-13 10:16:29.780
20190706	2019-07-06	2019	3	7	07	6	토요일	27	0	2026-05-13 10:16:29.780
20190707	2019-07-07	2019	3	7	07	7	일요일	28	0	2026-05-13 10:16:29.780
20190708	2019-07-08	2019	3	7	07	8	월요일	28	0	2026-05-13 10:16:29.780
20190709	2019-07-09	2019	3	7	07	9	화요일	28	0	2026-05-13 10:16:29.780
20190710	2019-07-10	2019	3	7	07	10	수요일	28	0	2026-05-13 10:16:29.780
20190711	2019-07-11	2019	3	7	07	11	목요일	28	0	2026-05-13 10:16:29.780
20190712	2019-07-12	2019	3	7	07	12	금요일	28	0	2026-05-13 10:16:29.780
20190713	2019-07-13	2019	3	7	07	13	토요일	28	0	2026-05-13 10:16:29.780
20190714	2019-07-14	2019	3	7	07	14	일요일	29	0	2026-05-13 10:16:29.780
20190715	2019-07-15	2019	3	7	07	15	월요일	29	0	2026-05-13 10:16:29.780
20190716	2019-07-16	2019	3	7	07	16	화요일	29	0	2026-05-13 10:16:29.780
20190717	2019-07-17	2019	3	7	07	17	수요일	29	0	2026-05-13 10:16:29.780
20190718	2019-07-18	2019	3	7	07	18	목요일	29	0	2026-05-13 10:16:29.780
20190719	2019-07-19	2019	3	7	07	19	금요일	29	0	2026-05-13 10:16:29.780
20190720	2019-07-20	2019	3	7	07	20	토요일	29	0	2026-05-13 10:16:29.780
20190721	2019-07-21	2019	3	7	07	21	일요일	30	0	2026-05-13 10:16:29.780
20190722	2019-07-22	2019	3	7	07	22	월요일	30	0	2026-05-13 10:16:29.780
20190723	2019-07-23	2019	3	7	07	23	화요일	30	0	2026-05-13 10:16:29.780
20190724	2019-07-24	2019	3	7	07	24	수요일	30	0	2026-05-13 10:16:29.780
20190725	2019-07-25	2019	3	7	07	25	목요일	30	0	2026-05-13 10:16:29.780
20190726	2019-07-26	2019	3	7	07	26	금요일	30	0	2026-05-13 10:16:29.780
20190727	2019-07-27	2019	3	7	07	27	토요일	30	0	2026-05-13 10:16:29.780
20190728	2019-07-28	2019	3	7	07	28	일요일	31	0	2026-05-13 10:16:29.780
20190729	2019-07-29	2019	3	7	07	29	월요일	31	0	2026-05-13 10:16:29.780
20190730	2019-07-30	2019	3	7	07	30	화요일	31	0	2026-05-13 10:16:29.780
20190731	2019-07-31	2019	3	7	07	31	수요일	31	0	2026-05-13 10:16:29.780
20190801	2019-08-01	2019	3	8	08	1	목요일	31	0	2026-05-13 10:16:29.780
20190802	2019-08-02	2019	3	8	08	2	금요일	31	0	2026-05-13 10:16:29.780
20190803	2019-08-03	2019	3	8	08	3	토요일	31	0	2026-05-13 10:16:29.780
20190804	2019-08-04	2019	3	8	08	4	일요일	32	0	2026-05-13 10:16:29.780
20190805	2019-08-05	2019	3	8	08	5	월요일	32	0	2026-05-13 10:16:29.780
20190806	2019-08-06	2019	3	8	08	6	화요일	32	0	2026-05-13 10:16:29.780
20190807	2019-08-07	2019	3	8	08	7	수요일	32	0	2026-05-13 10:16:29.780
20190808	2019-08-08	2019	3	8	08	8	목요일	32	0	2026-05-13 10:16:29.780
20190809	2019-08-09	2019	3	8	08	9	금요일	32	0	2026-05-13 10:16:29.780
20190810	2019-08-10	2019	3	8	08	10	토요일	32	0	2026-05-13 10:16:29.780
20190811	2019-08-11	2019	3	8	08	11	일요일	33	0	2026-05-13 10:16:29.780
20190812	2019-08-12	2019	3	8	08	12	월요일	33	0	2026-05-13 10:16:29.780
20190813	2019-08-13	2019	3	8	08	13	화요일	33	0	2026-05-13 10:16:29.780
20190814	2019-08-14	2019	3	8	08	14	수요일	33	0	2026-05-13 10:16:29.780
20190815	2019-08-15	2019	3	8	08	15	목요일	33	0	2026-05-13 10:16:29.780
20190816	2019-08-16	2019	3	8	08	16	금요일	33	0	2026-05-13 10:16:29.780
20190817	2019-08-17	2019	3	8	08	17	토요일	33	0	2026-05-13 10:16:29.780
20190818	2019-08-18	2019	3	8	08	18	일요일	34	0	2026-05-13 10:16:29.780
20190819	2019-08-19	2019	3	8	08	19	월요일	34	0	2026-05-13 10:16:29.780
20190820	2019-08-20	2019	3	8	08	20	화요일	34	0	2026-05-13 10:16:29.780
20190821	2019-08-21	2019	3	8	08	21	수요일	34	0	2026-05-13 10:16:29.780
20190822	2019-08-22	2019	3	8	08	22	목요일	34	0	2026-05-13 10:16:29.780
20190823	2019-08-23	2019	3	8	08	23	금요일	34	0	2026-05-13 10:16:29.780
20190824	2019-08-24	2019	3	8	08	24	토요일	34	0	2026-05-13 10:16:29.780
20190825	2019-08-25	2019	3	8	08	25	일요일	35	0	2026-05-13 10:16:29.780
20190826	2019-08-26	2019	3	8	08	26	월요일	35	0	2026-05-13 10:16:29.780
20190827	2019-08-27	2019	3	8	08	27	화요일	35	0	2026-05-13 10:16:29.780
20190828	2019-08-28	2019	3	8	08	28	수요일	35	0	2026-05-13 10:16:29.780
20190829	2019-08-29	2019	3	8	08	29	목요일	35	0	2026-05-13 10:16:29.780
20190830	2019-08-30	2019	3	8	08	30	금요일	35	0	2026-05-13 10:16:29.780
20190831	2019-08-31	2019	3	8	08	31	토요일	35	0	2026-05-13 10:16:29.780
20190901	2019-09-01	2019	3	9	09	1	일요일	36	0	2026-05-13 10:16:29.780
20190902	2019-09-02	2019	3	9	09	2	월요일	36	0	2026-05-13 10:16:29.780
20190903	2019-09-03	2019	3	9	09	3	화요일	36	0	2026-05-13 10:16:29.780
20190904	2019-09-04	2019	3	9	09	4	수요일	36	0	2026-05-13 10:16:29.780
20190905	2019-09-05	2019	3	9	09	5	목요일	36	0	2026-05-13 10:16:29.780
20190906	2019-09-06	2019	3	9	09	6	금요일	36	0	2026-05-13 10:16:29.780
20190907	2019-09-07	2019	3	9	09	7	토요일	36	0	2026-05-13 10:16:29.780
20190908	2019-09-08	2019	3	9	09	8	일요일	37	0	2026-05-13 10:16:29.780
20190909	2019-09-09	2019	3	9	09	9	월요일	37	0	2026-05-13 10:16:29.780
20190910	2019-09-10	2019	3	9	09	10	화요일	37	0	2026-05-13 10:16:29.780
20190911	2019-09-11	2019	3	9	09	11	수요일	37	0	2026-05-13 10:16:29.780
20190912	2019-09-12	2019	3	9	09	12	목요일	37	0	2026-05-13 10:16:29.780
20190913	2019-09-13	2019	3	9	09	13	금요일	37	0	2026-05-13 10:16:29.780
20190914	2019-09-14	2019	3	9	09	14	토요일	37	0	2026-05-13 10:16:29.780
20190915	2019-09-15	2019	3	9	09	15	일요일	38	0	2026-05-13 10:16:29.780
20190916	2019-09-16	2019	3	9	09	16	월요일	38	0	2026-05-13 10:16:29.780
20190917	2019-09-17	2019	3	9	09	17	화요일	38	0	2026-05-13 10:16:29.780
20190918	2019-09-18	2019	3	9	09	18	수요일	38	0	2026-05-13 10:16:29.780
20190919	2019-09-19	2019	3	9	09	19	목요일	38	0	2026-05-13 10:16:29.780
20190920	2019-09-20	2019	3	9	09	20	금요일	38	0	2026-05-13 10:16:29.780
20190921	2019-09-21	2019	3	9	09	21	토요일	38	0	2026-05-13 10:16:29.780
20190922	2019-09-22	2019	3	9	09	22	일요일	39	0	2026-05-13 10:16:29.780
20190923	2019-09-23	2019	3	9	09	23	월요일	39	0	2026-05-13 10:16:29.780
20190924	2019-09-24	2019	3	9	09	24	화요일	39	0	2026-05-13 10:16:29.780
20190925	2019-09-25	2019	3	9	09	25	수요일	39	0	2026-05-13 10:16:29.780
20190926	2019-09-26	2019	3	9	09	26	목요일	39	0	2026-05-13 10:16:29.780
20190927	2019-09-27	2019	3	9	09	27	금요일	39	0	2026-05-13 10:16:29.780
20190928	2019-09-28	2019	3	9	09	28	토요일	39	0	2026-05-13 10:16:29.780
20190929	2019-09-29	2019	3	9	09	29	일요일	40	0	2026-05-13 10:16:29.780
20190930	2019-09-30	2019	3	9	09	30	월요일	40	0	2026-05-13 10:16:29.780
20191001	2019-10-01	2019	4	10	10	1	화요일	40	0	2026-05-13 10:16:29.780
20191002	2019-10-02	2019	4	10	10	2	수요일	40	0	2026-05-13 10:16:29.780
20191003	2019-10-03	2019	4	10	10	3	목요일	40	0	2026-05-13 10:16:29.780
20191004	2019-10-04	2019	4	10	10	4	금요일	40	0	2026-05-13 10:16:29.780
20191005	2019-10-05	2019	4	10	10	5	토요일	40	0	2026-05-13 10:16:29.780
20191006	2019-10-06	2019	4	10	10	6	일요일	41	0	2026-05-13 10:16:29.780
20191007	2019-10-07	2019	4	10	10	7	월요일	41	0	2026-05-13 10:16:29.780
20191008	2019-10-08	2019	4	10	10	8	화요일	41	0	2026-05-13 10:16:29.780
20191009	2019-10-09	2019	4	10	10	9	수요일	41	0	2026-05-13 10:16:29.780
20191010	2019-10-10	2019	4	10	10	10	목요일	41	0	2026-05-13 10:16:29.780
20191011	2019-10-11	2019	4	10	10	11	금요일	41	0	2026-05-13 10:16:29.780
20191012	2019-10-12	2019	4	10	10	12	토요일	41	0	2026-05-13 10:16:29.780
20191013	2019-10-13	2019	4	10	10	13	일요일	42	0	2026-05-13 10:16:29.780
20191014	2019-10-14	2019	4	10	10	14	월요일	42	0	2026-05-13 10:16:29.780
20191015	2019-10-15	2019	4	10	10	15	화요일	42	0	2026-05-13 10:16:29.780
20191016	2019-10-16	2019	4	10	10	16	수요일	42	0	2026-05-13 10:16:29.780
20191017	2019-10-17	2019	4	10	10	17	목요일	42	0	2026-05-13 10:16:29.780
20191018	2019-10-18	2019	4	10	10	18	금요일	42	0	2026-05-13 10:16:29.780
20191019	2019-10-19	2019	4	10	10	19	토요일	42	0	2026-05-13 10:16:29.780
20191020	2019-10-20	2019	4	10	10	20	일요일	43	0	2026-05-13 10:16:29.780
20191021	2019-10-21	2019	4	10	10	21	월요일	43	0	2026-05-13 10:16:29.780
20191022	2019-10-22	2019	4	10	10	22	화요일	43	0	2026-05-13 10:16:29.780
20191023	2019-10-23	2019	4	10	10	23	수요일	43	0	2026-05-13 10:16:29.780
20191024	2019-10-24	2019	4	10	10	24	목요일	43	0	2026-05-13 10:16:29.780
20191025	2019-10-25	2019	4	10	10	25	금요일	43	0	2026-05-13 10:16:29.780
20191026	2019-10-26	2019	4	10	10	26	토요일	43	0	2026-05-13 10:16:29.780
20191027	2019-10-27	2019	4	10	10	27	일요일	44	0	2026-05-13 10:16:29.780
20191028	2019-10-28	2019	4	10	10	28	월요일	44	0	2026-05-13 10:16:29.780
20191029	2019-10-29	2019	4	10	10	29	화요일	44	0	2026-05-13 10:16:29.780
20191030	2019-10-30	2019	4	10	10	30	수요일	44	0	2026-05-13 10:16:29.780
20191031	2019-10-31	2019	4	10	10	31	목요일	44	0	2026-05-13 10:16:29.780
20191101	2019-11-01	2019	4	11	11	1	금요일	44	0	2026-05-13 10:16:29.780
20191102	2019-11-02	2019	4	11	11	2	토요일	44	0	2026-05-13 10:16:29.780
20191103	2019-11-03	2019	4	11	11	3	일요일	45	0	2026-05-13 10:16:29.780
20191104	2019-11-04	2019	4	11	11	4	월요일	45	0	2026-05-13 10:16:29.780
20191105	2019-11-05	2019	4	11	11	5	화요일	45	0	2026-05-13 10:16:29.780
20191106	2019-11-06	2019	4	11	11	6	수요일	45	0	2026-05-13 10:16:29.780
20191107	2019-11-07	2019	4	11	11	7	목요일	45	0	2026-05-13 10:16:29.780
20191108	2019-11-08	2019	4	11	11	8	금요일	45	0	2026-05-13 10:16:29.780
20191109	2019-11-09	2019	4	11	11	9	토요일	45	0	2026-05-13 10:16:29.780
20191110	2019-11-10	2019	4	11	11	10	일요일	46	0	2026-05-13 10:16:29.780
20191111	2019-11-11	2019	4	11	11	11	월요일	46	0	2026-05-13 10:16:29.780
20191112	2019-11-12	2019	4	11	11	12	화요일	46	0	2026-05-13 10:16:29.780
20191113	2019-11-13	2019	4	11	11	13	수요일	46	0	2026-05-13 10:16:29.780
20191114	2019-11-14	2019	4	11	11	14	목요일	46	0	2026-05-13 10:16:29.780
20191115	2019-11-15	2019	4	11	11	15	금요일	46	0	2026-05-13 10:16:29.780
20191116	2019-11-16	2019	4	11	11	16	토요일	46	0	2026-05-13 10:16:29.780
20191117	2019-11-17	2019	4	11	11	17	일요일	47	0	2026-05-13 10:16:29.780
20191118	2019-11-18	2019	4	11	11	18	월요일	47	0	2026-05-13 10:16:29.780
20191119	2019-11-19	2019	4	11	11	19	화요일	47	0	2026-05-13 10:16:29.780
20191120	2019-11-20	2019	4	11	11	20	수요일	47	0	2026-05-13 10:16:29.780
20191121	2019-11-21	2019	4	11	11	21	목요일	47	0	2026-05-13 10:16:29.780
20191122	2019-11-22	2019	4	11	11	22	금요일	47	0	2026-05-13 10:16:29.780
20191123	2019-11-23	2019	4	11	11	23	토요일	47	0	2026-05-13 10:16:29.780
20191124	2019-11-24	2019	4	11	11	24	일요일	48	0	2026-05-13 10:16:29.780
20191125	2019-11-25	2019	4	11	11	25	월요일	48	0	2026-05-13 10:16:29.780
20191126	2019-11-26	2019	4	11	11	26	화요일	48	0	2026-05-13 10:16:29.780
20191127	2019-11-27	2019	4	11	11	27	수요일	48	0	2026-05-13 10:16:29.780
20191128	2019-11-28	2019	4	11	11	28	목요일	48	0	2026-05-13 10:16:29.780
20191129	2019-11-29	2019	4	11	11	29	금요일	48	0	2026-05-13 10:16:29.780
20191130	2019-11-30	2019	4	11	11	30	토요일	48	0	2026-05-13 10:16:29.780
20191201	2019-12-01	2019	4	12	12	1	일요일	49	0	2026-05-13 10:16:29.780
20191202	2019-12-02	2019	4	12	12	2	월요일	49	0	2026-05-13 10:16:29.780
20191203	2019-12-03	2019	4	12	12	3	화요일	49	0	2026-05-13 10:16:29.780
20191204	2019-12-04	2019	4	12	12	4	수요일	49	0	2026-05-13 10:16:29.780
20191205	2019-12-05	2019	4	12	12	5	목요일	49	0	2026-05-13 10:16:29.780
20191206	2019-12-06	2019	4	12	12	6	금요일	49	0	2026-05-13 10:16:29.780
20191207	2019-12-07	2019	4	12	12	7	토요일	49	0	2026-05-13 10:16:29.780
20191208	2019-12-08	2019	4	12	12	8	일요일	50	0	2026-05-13 10:16:29.780
20191209	2019-12-09	2019	4	12	12	9	월요일	50	0	2026-05-13 10:16:29.780
20191210	2019-12-10	2019	4	12	12	10	화요일	50	0	2026-05-13 10:16:29.780
20191211	2019-12-11	2019	4	12	12	11	수요일	50	0	2026-05-13 10:16:29.780
20191212	2019-12-12	2019	4	12	12	12	목요일	50	0	2026-05-13 10:16:29.780
20191213	2019-12-13	2019	4	12	12	13	금요일	50	0	2026-05-13 10:16:29.780
20191214	2019-12-14	2019	4	12	12	14	토요일	50	0	2026-05-13 10:16:29.780
20191215	2019-12-15	2019	4	12	12	15	일요일	51	0	2026-05-13 10:16:29.780
20191216	2019-12-16	2019	4	12	12	16	월요일	51	0	2026-05-13 10:16:29.780
20191217	2019-12-17	2019	4	12	12	17	화요일	51	0	2026-05-13 10:16:29.780
20191218	2019-12-18	2019	4	12	12	18	수요일	51	0	2026-05-13 10:16:29.780
20191219	2019-12-19	2019	4	12	12	19	목요일	51	0	2026-05-13 10:16:29.780
20191220	2019-12-20	2019	4	12	12	20	금요일	51	0	2026-05-13 10:16:29.780
20191221	2019-12-21	2019	4	12	12	21	토요일	51	0	2026-05-13 10:16:29.780
20191222	2019-12-22	2019	4	12	12	22	일요일	52	0	2026-05-13 10:16:29.780
20191223	2019-12-23	2019	4	12	12	23	월요일	52	0	2026-05-13 10:16:29.780
20191224	2019-12-24	2019	4	12	12	24	화요일	52	0	2026-05-13 10:16:29.780
20191225	2019-12-25	2019	4	12	12	25	수요일	52	0	2026-05-13 10:16:29.780
20191226	2019-12-26	2019	4	12	12	26	목요일	52	0	2026-05-13 10:16:29.780
20191227	2019-12-27	2019	4	12	12	27	금요일	52	0	2026-05-13 10:16:29.780
20191228	2019-12-28	2019	4	12	12	28	토요일	52	0	2026-05-13 10:16:29.780
20191229	2019-12-29	2019	4	12	12	29	일요일	53	0	2026-05-13 10:16:29.780
20191230	2019-12-30	2019	4	12	12	30	월요일	53	0	2026-05-13 10:16:29.780
20191231	2019-12-31	2019	4	12	12	31	화요일	53	0	2026-05-13 10:16:29.780
20200101	2020-01-01	2020	1	1	01	1	수요일	1	0	2026-05-13 10:16:29.780
20200102	2020-01-02	2020	1	1	01	2	목요일	1	0	2026-05-13 10:16:29.780
20200103	2020-01-03	2020	1	1	01	3	금요일	1	0	2026-05-13 10:16:29.780
20200104	2020-01-04	2020	1	1	01	4	토요일	1	0	2026-05-13 10:16:29.780
20200105	2020-01-05	2020	1	1	01	5	일요일	2	0	2026-05-13 10:16:29.780
20200106	2020-01-06	2020	1	1	01	6	월요일	2	0	2026-05-13 10:16:29.780
20200107	2020-01-07	2020	1	1	01	7	화요일	2	0	2026-05-13 10:16:29.780
20200108	2020-01-08	2020	1	1	01	8	수요일	2	0	2026-05-13 10:16:29.780
20200109	2020-01-09	2020	1	1	01	9	목요일	2	0	2026-05-13 10:16:29.780
20200110	2020-01-10	2020	1	1	01	10	금요일	2	0	2026-05-13 10:16:29.780
20200111	2020-01-11	2020	1	1	01	11	토요일	2	0	2026-05-13 10:16:29.780
20200112	2020-01-12	2020	1	1	01	12	일요일	3	0	2026-05-13 10:16:29.780
20200113	2020-01-13	2020	1	1	01	13	월요일	3	0	2026-05-13 10:16:29.780
20200114	2020-01-14	2020	1	1	01	14	화요일	3	0	2026-05-13 10:16:29.780
20200115	2020-01-15	2020	1	1	01	15	수요일	3	0	2026-05-13 10:16:29.780
20200116	2020-01-16	2020	1	1	01	16	목요일	3	0	2026-05-13 10:16:29.780
20200117	2020-01-17	2020	1	1	01	17	금요일	3	0	2026-05-13 10:16:29.780
20200118	2020-01-18	2020	1	1	01	18	토요일	3	0	2026-05-13 10:16:29.780
20200119	2020-01-19	2020	1	1	01	19	일요일	4	0	2026-05-13 10:16:29.780
20200120	2020-01-20	2020	1	1	01	20	월요일	4	0	2026-05-13 10:16:29.780
20200121	2020-01-21	2020	1	1	01	21	화요일	4	0	2026-05-13 10:16:29.780
20200122	2020-01-22	2020	1	1	01	22	수요일	4	0	2026-05-13 10:16:29.780
20200123	2020-01-23	2020	1	1	01	23	목요일	4	0	2026-05-13 10:16:29.780
20200124	2020-01-24	2020	1	1	01	24	금요일	4	0	2026-05-13 10:16:29.780
20200125	2020-01-25	2020	1	1	01	25	토요일	4	0	2026-05-13 10:16:29.780
20200126	2020-01-26	2020	1	1	01	26	일요일	5	0	2026-05-13 10:16:29.780
20200127	2020-01-27	2020	1	1	01	27	월요일	5	0	2026-05-13 10:16:29.780
20200128	2020-01-28	2020	1	1	01	28	화요일	5	0	2026-05-13 10:16:29.780
20200129	2020-01-29	2020	1	1	01	29	수요일	5	0	2026-05-13 10:16:29.780
20200130	2020-01-30	2020	1	1	01	30	목요일	5	0	2026-05-13 10:16:29.780
20200131	2020-01-31	2020	1	1	01	31	금요일	5	0	2026-05-13 10:16:29.780
20200201	2020-02-01	2020	1	2	02	1	토요일	5	0	2026-05-13 10:16:29.780
20200202	2020-02-02	2020	1	2	02	2	일요일	6	0	2026-05-13 10:16:29.780
20200203	2020-02-03	2020	1	2	02	3	월요일	6	0	2026-05-13 10:16:29.780
20200204	2020-02-04	2020	1	2	02	4	화요일	6	0	2026-05-13 10:16:29.780
20200205	2020-02-05	2020	1	2	02	5	수요일	6	0	2026-05-13 10:16:29.780
20200206	2020-02-06	2020	1	2	02	6	목요일	6	0	2026-05-13 10:16:29.780
20200207	2020-02-07	2020	1	2	02	7	금요일	6	0	2026-05-13 10:16:29.780
20200208	2020-02-08	2020	1	2	02	8	토요일	6	0	2026-05-13 10:16:29.780
20200209	2020-02-09	2020	1	2	02	9	일요일	7	0	2026-05-13 10:16:29.780
20200210	2020-02-10	2020	1	2	02	10	월요일	7	0	2026-05-13 10:16:29.780
20200211	2020-02-11	2020	1	2	02	11	화요일	7	0	2026-05-13 10:16:29.780
20200212	2020-02-12	2020	1	2	02	12	수요일	7	0	2026-05-13 10:16:29.780
20200213	2020-02-13	2020	1	2	02	13	목요일	7	0	2026-05-13 10:16:29.780
20200214	2020-02-14	2020	1	2	02	14	금요일	7	0	2026-05-13 10:16:29.780
20200215	2020-02-15	2020	1	2	02	15	토요일	7	0	2026-05-13 10:16:29.780
20200216	2020-02-16	2020	1	2	02	16	일요일	8	0	2026-05-13 10:16:29.780
20200217	2020-02-17	2020	1	2	02	17	월요일	8	0	2026-05-13 10:16:29.780
20200218	2020-02-18	2020	1	2	02	18	화요일	8	0	2026-05-13 10:16:29.780
20200219	2020-02-19	2020	1	2	02	19	수요일	8	0	2026-05-13 10:16:29.780
20200220	2020-02-20	2020	1	2	02	20	목요일	8	0	2026-05-13 10:16:29.780
20200221	2020-02-21	2020	1	2	02	21	금요일	8	0	2026-05-13 10:16:29.780
20200222	2020-02-22	2020	1	2	02	22	토요일	8	0	2026-05-13 10:16:29.780
20200223	2020-02-23	2020	1	2	02	23	일요일	9	0	2026-05-13 10:16:29.780
20200224	2020-02-24	2020	1	2	02	24	월요일	9	0	2026-05-13 10:16:29.780
20200225	2020-02-25	2020	1	2	02	25	화요일	9	0	2026-05-13 10:16:29.780
20200226	2020-02-26	2020	1	2	02	26	수요일	9	0	2026-05-13 10:16:29.780
20200227	2020-02-27	2020	1	2	02	27	목요일	9	0	2026-05-13 10:16:29.780
20200228	2020-02-28	2020	1	2	02	28	금요일	9	0	2026-05-13 10:16:29.780
20200229	2020-02-29	2020	1	2	02	29	토요일	9	0	2026-05-13 10:16:29.780
20200301	2020-03-01	2020	1	3	03	1	일요일	10	0	2026-05-13 10:16:29.780
20200302	2020-03-02	2020	1	3	03	2	월요일	10	0	2026-05-13 10:16:29.780
20200303	2020-03-03	2020	1	3	03	3	화요일	10	0	2026-05-13 10:16:29.780
20200304	2020-03-04	2020	1	3	03	4	수요일	10	0	2026-05-13 10:16:29.780
20200305	2020-03-05	2020	1	3	03	5	목요일	10	0	2026-05-13 10:16:29.780
20200306	2020-03-06	2020	1	3	03	6	금요일	10	0	2026-05-13 10:16:29.780
20200307	2020-03-07	2020	1	3	03	7	토요일	10	0	2026-05-13 10:16:29.780
20200308	2020-03-08	2020	1	3	03	8	일요일	11	0	2026-05-13 10:16:29.780
20200309	2020-03-09	2020	1	3	03	9	월요일	11	0	2026-05-13 10:16:29.780
20200310	2020-03-10	2020	1	3	03	10	화요일	11	0	2026-05-13 10:16:29.780
20200311	2020-03-11	2020	1	3	03	11	수요일	11	0	2026-05-13 10:16:29.780
20200312	2020-03-12	2020	1	3	03	12	목요일	11	0	2026-05-13 10:16:29.780
20200313	2020-03-13	2020	1	3	03	13	금요일	11	0	2026-05-13 10:16:29.780
20200314	2020-03-14	2020	1	3	03	14	토요일	11	0	2026-05-13 10:16:29.780
20200315	2020-03-15	2020	1	3	03	15	일요일	12	0	2026-05-13 10:16:29.780
20200316	2020-03-16	2020	1	3	03	16	월요일	12	0	2026-05-13 10:16:29.780
20200317	2020-03-17	2020	1	3	03	17	화요일	12	0	2026-05-13 10:16:29.780
20200318	2020-03-18	2020	1	3	03	18	수요일	12	0	2026-05-13 10:16:29.780
20200319	2020-03-19	2020	1	3	03	19	목요일	12	0	2026-05-13 10:16:29.780
20200320	2020-03-20	2020	1	3	03	20	금요일	12	0	2026-05-13 10:16:29.780
20200321	2020-03-21	2020	1	3	03	21	토요일	12	0	2026-05-13 10:16:29.780
20200322	2020-03-22	2020	1	3	03	22	일요일	13	0	2026-05-13 10:16:29.780
20200323	2020-03-23	2020	1	3	03	23	월요일	13	0	2026-05-13 10:16:29.780
20200324	2020-03-24	2020	1	3	03	24	화요일	13	0	2026-05-13 10:16:29.780
20200325	2020-03-25	2020	1	3	03	25	수요일	13	0	2026-05-13 10:16:29.780
20200326	2020-03-26	2020	1	3	03	26	목요일	13	0	2026-05-13 10:16:29.780
20200327	2020-03-27	2020	1	3	03	27	금요일	13	0	2026-05-13 10:16:29.780
20200328	2020-03-28	2020	1	3	03	28	토요일	13	0	2026-05-13 10:16:29.780
20200329	2020-03-29	2020	1	3	03	29	일요일	14	0	2026-05-13 10:16:29.780
20200330	2020-03-30	2020	1	3	03	30	월요일	14	0	2026-05-13 10:16:29.780
20200331	2020-03-31	2020	1	3	03	31	화요일	14	0	2026-05-13 10:16:29.780
20200401	2020-04-01	2020	2	4	04	1	수요일	14	0	2026-05-13 10:16:29.780
20200402	2020-04-02	2020	2	4	04	2	목요일	14	0	2026-05-13 10:16:29.780
20200403	2020-04-03	2020	2	4	04	3	금요일	14	0	2026-05-13 10:16:29.780
20200404	2020-04-04	2020	2	4	04	4	토요일	14	0	2026-05-13 10:16:29.780
20200405	2020-04-05	2020	2	4	04	5	일요일	15	0	2026-05-13 10:16:29.780
20200406	2020-04-06	2020	2	4	04	6	월요일	15	0	2026-05-13 10:16:29.780
20200407	2020-04-07	2020	2	4	04	7	화요일	15	0	2026-05-13 10:16:29.780
20200408	2020-04-08	2020	2	4	04	8	수요일	15	0	2026-05-13 10:16:29.780
20200409	2020-04-09	2020	2	4	04	9	목요일	15	0	2026-05-13 10:16:29.780
20200410	2020-04-10	2020	2	4	04	10	금요일	15	0	2026-05-13 10:16:29.780
20200411	2020-04-11	2020	2	4	04	11	토요일	15	0	2026-05-13 10:16:29.780
20200412	2020-04-12	2020	2	4	04	12	일요일	16	0	2026-05-13 10:16:29.780
20200413	2020-04-13	2020	2	4	04	13	월요일	16	0	2026-05-13 10:16:29.780
20200414	2020-04-14	2020	2	4	04	14	화요일	16	0	2026-05-13 10:16:29.780
20200415	2020-04-15	2020	2	4	04	15	수요일	16	0	2026-05-13 10:16:29.780
20200416	2020-04-16	2020	2	4	04	16	목요일	16	0	2026-05-13 10:16:29.780
20200417	2020-04-17	2020	2	4	04	17	금요일	16	0	2026-05-13 10:16:29.780
20200418	2020-04-18	2020	2	4	04	18	토요일	16	0	2026-05-13 10:16:29.780
20200419	2020-04-19	2020	2	4	04	19	일요일	17	0	2026-05-13 10:16:29.780
20200420	2020-04-20	2020	2	4	04	20	월요일	17	0	2026-05-13 10:16:29.780
20200421	2020-04-21	2020	2	4	04	21	화요일	17	0	2026-05-13 10:16:29.780
20200422	2020-04-22	2020	2	4	04	22	수요일	17	0	2026-05-13 10:16:29.780
20200423	2020-04-23	2020	2	4	04	23	목요일	17	0	2026-05-13 10:16:29.780
20200424	2020-04-24	2020	2	4	04	24	금요일	17	0	2026-05-13 10:16:29.780
20200425	2020-04-25	2020	2	4	04	25	토요일	17	0	2026-05-13 10:16:29.780
20200426	2020-04-26	2020	2	4	04	26	일요일	18	0	2026-05-13 10:16:29.780
20200427	2020-04-27	2020	2	4	04	27	월요일	18	0	2026-05-13 10:16:29.780
20200428	2020-04-28	2020	2	4	04	28	화요일	18	0	2026-05-13 10:16:29.780
20200429	2020-04-29	2020	2	4	04	29	수요일	18	0	2026-05-13 10:16:29.780
20200430	2020-04-30	2020	2	4	04	30	목요일	18	0	2026-05-13 10:16:29.780
20200501	2020-05-01	2020	2	5	05	1	금요일	18	0	2026-05-13 10:16:29.780
20200502	2020-05-02	2020	2	5	05	2	토요일	18	0	2026-05-13 10:16:29.780
20200503	2020-05-03	2020	2	5	05	3	일요일	19	0	2026-05-13 10:16:29.780
20200504	2020-05-04	2020	2	5	05	4	월요일	19	0	2026-05-13 10:16:29.780
20200505	2020-05-05	2020	2	5	05	5	화요일	19	0	2026-05-13 10:16:29.780
20200506	2020-05-06	2020	2	5	05	6	수요일	19	0	2026-05-13 10:16:29.780
20200507	2020-05-07	2020	2	5	05	7	목요일	19	0	2026-05-13 10:16:29.780
20200508	2020-05-08	2020	2	5	05	8	금요일	19	0	2026-05-13 10:16:29.780
20200509	2020-05-09	2020	2	5	05	9	토요일	19	0	2026-05-13 10:16:29.780
20200510	2020-05-10	2020	2	5	05	10	일요일	20	0	2026-05-13 10:16:29.780
20200511	2020-05-11	2020	2	5	05	11	월요일	20	0	2026-05-13 10:16:29.780
20200512	2020-05-12	2020	2	5	05	12	화요일	20	0	2026-05-13 10:16:29.780
20200513	2020-05-13	2020	2	5	05	13	수요일	20	0	2026-05-13 10:16:29.780
20200514	2020-05-14	2020	2	5	05	14	목요일	20	0	2026-05-13 10:16:29.780
20200515	2020-05-15	2020	2	5	05	15	금요일	20	0	2026-05-13 10:16:29.780
20200516	2020-05-16	2020	2	5	05	16	토요일	20	0	2026-05-13 10:16:29.780
20200517	2020-05-17	2020	2	5	05	17	일요일	21	0	2026-05-13 10:16:29.780
20200518	2020-05-18	2020	2	5	05	18	월요일	21	0	2026-05-13 10:16:29.780
20200519	2020-05-19	2020	2	5	05	19	화요일	21	0	2026-05-13 10:16:29.780
20200520	2020-05-20	2020	2	5	05	20	수요일	21	0	2026-05-13 10:16:29.780
20200521	2020-05-21	2020	2	5	05	21	목요일	21	0	2026-05-13 10:16:29.780
20200522	2020-05-22	2020	2	5	05	22	금요일	21	0	2026-05-13 10:16:29.780
20200523	2020-05-23	2020	2	5	05	23	토요일	21	0	2026-05-13 10:16:29.780
20200524	2020-05-24	2020	2	5	05	24	일요일	22	0	2026-05-13 10:16:29.780
20200525	2020-05-25	2020	2	5	05	25	월요일	22	0	2026-05-13 10:16:29.780
20200526	2020-05-26	2020	2	5	05	26	화요일	22	0	2026-05-13 10:16:29.780
20200527	2020-05-27	2020	2	5	05	27	수요일	22	0	2026-05-13 10:16:29.780
20200528	2020-05-28	2020	2	5	05	28	목요일	22	0	2026-05-13 10:16:29.780
20200529	2020-05-29	2020	2	5	05	29	금요일	22	0	2026-05-13 10:16:29.780
20200530	2020-05-30	2020	2	5	05	30	토요일	22	0	2026-05-13 10:16:29.780
20200531	2020-05-31	2020	2	5	05	31	일요일	23	0	2026-05-13 10:16:29.780
20200601	2020-06-01	2020	2	6	06	1	월요일	23	0	2026-05-13 10:16:29.780
20200602	2020-06-02	2020	2	6	06	2	화요일	23	0	2026-05-13 10:16:29.780
20200603	2020-06-03	2020	2	6	06	3	수요일	23	0	2026-05-13 10:16:29.780
20200604	2020-06-04	2020	2	6	06	4	목요일	23	0	2026-05-13 10:16:29.780
20200605	2020-06-05	2020	2	6	06	5	금요일	23	0	2026-05-13 10:16:29.780
20200606	2020-06-06	2020	2	6	06	6	토요일	23	0	2026-05-13 10:16:29.780
20200607	2020-06-07	2020	2	6	06	7	일요일	24	0	2026-05-13 10:16:29.780
20200608	2020-06-08	2020	2	6	06	8	월요일	24	0	2026-05-13 10:16:29.780
20200609	2020-06-09	2020	2	6	06	9	화요일	24	0	2026-05-13 10:16:29.780
20200610	2020-06-10	2020	2	6	06	10	수요일	24	0	2026-05-13 10:16:29.780
20200611	2020-06-11	2020	2	6	06	11	목요일	24	0	2026-05-13 10:16:29.780
20200612	2020-06-12	2020	2	6	06	12	금요일	24	0	2026-05-13 10:16:29.780
20200613	2020-06-13	2020	2	6	06	13	토요일	24	0	2026-05-13 10:16:29.780
20200614	2020-06-14	2020	2	6	06	14	일요일	25	0	2026-05-13 10:16:29.780
20200615	2020-06-15	2020	2	6	06	15	월요일	25	0	2026-05-13 10:16:29.780
20200616	2020-06-16	2020	2	6	06	16	화요일	25	0	2026-05-13 10:16:29.780
20200617	2020-06-17	2020	2	6	06	17	수요일	25	0	2026-05-13 10:16:29.780
20200618	2020-06-18	2020	2	6	06	18	목요일	25	0	2026-05-13 10:16:29.780
20200619	2020-06-19	2020	2	6	06	19	금요일	25	0	2026-05-13 10:16:29.780
20200620	2020-06-20	2020	2	6	06	20	토요일	25	0	2026-05-13 10:16:29.780
20200621	2020-06-21	2020	2	6	06	21	일요일	26	0	2026-05-13 10:16:29.780
20200622	2020-06-22	2020	2	6	06	22	월요일	26	0	2026-05-13 10:16:29.780
20200623	2020-06-23	2020	2	6	06	23	화요일	26	0	2026-05-13 10:16:29.780
20200624	2020-06-24	2020	2	6	06	24	수요일	26	0	2026-05-13 10:16:29.780
20200625	2020-06-25	2020	2	6	06	25	목요일	26	0	2026-05-13 10:16:29.780
20200626	2020-06-26	2020	2	6	06	26	금요일	26	0	2026-05-13 10:16:29.780
20200627	2020-06-27	2020	2	6	06	27	토요일	26	0	2026-05-13 10:16:29.780
20200628	2020-06-28	2020	2	6	06	28	일요일	27	0	2026-05-13 10:16:29.780
20200629	2020-06-29	2020	2	6	06	29	월요일	27	0	2026-05-13 10:16:29.780
20200630	2020-06-30	2020	2	6	06	30	화요일	27	0	2026-05-13 10:16:29.780
20200701	2020-07-01	2020	3	7	07	1	수요일	27	0	2026-05-13 10:16:29.780
20200702	2020-07-02	2020	3	7	07	2	목요일	27	0	2026-05-13 10:16:29.780
20200703	2020-07-03	2020	3	7	07	3	금요일	27	0	2026-05-13 10:16:29.780
20200704	2020-07-04	2020	3	7	07	4	토요일	27	0	2026-05-13 10:16:29.780
20200705	2020-07-05	2020	3	7	07	5	일요일	28	0	2026-05-13 10:16:29.780
20200706	2020-07-06	2020	3	7	07	6	월요일	28	0	2026-05-13 10:16:29.780
20200707	2020-07-07	2020	3	7	07	7	화요일	28	0	2026-05-13 10:16:29.780
20200708	2020-07-08	2020	3	7	07	8	수요일	28	0	2026-05-13 10:16:29.780
20200709	2020-07-09	2020	3	7	07	9	목요일	28	0	2026-05-13 10:16:29.780
20200710	2020-07-10	2020	3	7	07	10	금요일	28	0	2026-05-13 10:16:29.780
20200711	2020-07-11	2020	3	7	07	11	토요일	28	0	2026-05-13 10:16:29.780
20200712	2020-07-12	2020	3	7	07	12	일요일	29	0	2026-05-13 10:16:29.780
20200713	2020-07-13	2020	3	7	07	13	월요일	29	0	2026-05-13 10:16:29.780
20200714	2020-07-14	2020	3	7	07	14	화요일	29	0	2026-05-13 10:16:29.780
20200715	2020-07-15	2020	3	7	07	15	수요일	29	0	2026-05-13 10:16:29.780
20200716	2020-07-16	2020	3	7	07	16	목요일	29	0	2026-05-13 10:16:29.780
20200717	2020-07-17	2020	3	7	07	17	금요일	29	0	2026-05-13 10:16:29.780
20200718	2020-07-18	2020	3	7	07	18	토요일	29	0	2026-05-13 10:16:29.780
20200719	2020-07-19	2020	3	7	07	19	일요일	30	0	2026-05-13 10:16:29.780
20200720	2020-07-20	2020	3	7	07	20	월요일	30	0	2026-05-13 10:16:29.780
20200721	2020-07-21	2020	3	7	07	21	화요일	30	0	2026-05-13 10:16:29.780
20200722	2020-07-22	2020	3	7	07	22	수요일	30	0	2026-05-13 10:16:29.780
20200723	2020-07-23	2020	3	7	07	23	목요일	30	0	2026-05-13 10:16:29.780
20200724	2020-07-24	2020	3	7	07	24	금요일	30	0	2026-05-13 10:16:29.780
20200725	2020-07-25	2020	3	7	07	25	토요일	30	0	2026-05-13 10:16:29.780
20200726	2020-07-26	2020	3	7	07	26	일요일	31	0	2026-05-13 10:16:29.780
20200727	2020-07-27	2020	3	7	07	27	월요일	31	0	2026-05-13 10:16:29.780
20200728	2020-07-28	2020	3	7	07	28	화요일	31	0	2026-05-13 10:16:29.780
20200729	2020-07-29	2020	3	7	07	29	수요일	31	0	2026-05-13 10:16:29.780
20200730	2020-07-30	2020	3	7	07	30	목요일	31	0	2026-05-13 10:16:29.780
20200731	2020-07-31	2020	3	7	07	31	금요일	31	0	2026-05-13 10:16:29.780
20200801	2020-08-01	2020	3	8	08	1	토요일	31	0	2026-05-13 10:16:29.780
20200802	2020-08-02	2020	3	8	08	2	일요일	32	0	2026-05-13 10:16:29.780
20200803	2020-08-03	2020	3	8	08	3	월요일	32	0	2026-05-13 10:16:29.780
20200804	2020-08-04	2020	3	8	08	4	화요일	32	0	2026-05-13 10:16:29.780
20200805	2020-08-05	2020	3	8	08	5	수요일	32	0	2026-05-13 10:16:29.780
20200806	2020-08-06	2020	3	8	08	6	목요일	32	0	2026-05-13 10:16:29.780
20200807	2020-08-07	2020	3	8	08	7	금요일	32	0	2026-05-13 10:16:29.780
20200808	2020-08-08	2020	3	8	08	8	토요일	32	0	2026-05-13 10:16:29.780
20200809	2020-08-09	2020	3	8	08	9	일요일	33	0	2026-05-13 10:16:29.780
20200810	2020-08-10	2020	3	8	08	10	월요일	33	0	2026-05-13 10:16:29.780
20200811	2020-08-11	2020	3	8	08	11	화요일	33	0	2026-05-13 10:16:29.780
20200812	2020-08-12	2020	3	8	08	12	수요일	33	0	2026-05-13 10:16:29.780
20200813	2020-08-13	2020	3	8	08	13	목요일	33	0	2026-05-13 10:16:29.780
20200814	2020-08-14	2020	3	8	08	14	금요일	33	0	2026-05-13 10:16:29.780
20200815	2020-08-15	2020	3	8	08	15	토요일	33	0	2026-05-13 10:16:29.780
20200816	2020-08-16	2020	3	8	08	16	일요일	34	0	2026-05-13 10:16:29.780
20200817	2020-08-17	2020	3	8	08	17	월요일	34	0	2026-05-13 10:16:29.780
20200818	2020-08-18	2020	3	8	08	18	화요일	34	0	2026-05-13 10:16:29.780
20200819	2020-08-19	2020	3	8	08	19	수요일	34	0	2026-05-13 10:16:29.780
20200820	2020-08-20	2020	3	8	08	20	목요일	34	0	2026-05-13 10:16:29.780
20200821	2020-08-21	2020	3	8	08	21	금요일	34	0	2026-05-13 10:16:29.780
20200822	2020-08-22	2020	3	8	08	22	토요일	34	0	2026-05-13 10:16:29.780
20200823	2020-08-23	2020	3	8	08	23	일요일	35	0	2026-05-13 10:16:29.780
20200824	2020-08-24	2020	3	8	08	24	월요일	35	0	2026-05-13 10:16:29.780
20200825	2020-08-25	2020	3	8	08	25	화요일	35	0	2026-05-13 10:16:29.780
20200826	2020-08-26	2020	3	8	08	26	수요일	35	0	2026-05-13 10:16:29.780
20200827	2020-08-27	2020	3	8	08	27	목요일	35	0	2026-05-13 10:16:29.780
20200828	2020-08-28	2020	3	8	08	28	금요일	35	0	2026-05-13 10:16:29.780
20200829	2020-08-29	2020	3	8	08	29	토요일	35	0	2026-05-13 10:16:29.780
20200830	2020-08-30	2020	3	8	08	30	일요일	36	0	2026-05-13 10:16:29.780
20200831	2020-08-31	2020	3	8	08	31	월요일	36	0	2026-05-13 10:16:29.780
20200901	2020-09-01	2020	3	9	09	1	화요일	36	0	2026-05-13 10:16:29.780
20200902	2020-09-02	2020	3	9	09	2	수요일	36	0	2026-05-13 10:16:29.780
20200903	2020-09-03	2020	3	9	09	3	목요일	36	0	2026-05-13 10:16:29.780
20200904	2020-09-04	2020	3	9	09	4	금요일	36	0	2026-05-13 10:16:29.780
20200905	2020-09-05	2020	3	9	09	5	토요일	36	0	2026-05-13 10:16:29.780
20200906	2020-09-06	2020	3	9	09	6	일요일	37	0	2026-05-13 10:16:29.780
20200907	2020-09-07	2020	3	9	09	7	월요일	37	0	2026-05-13 10:16:29.780
20200908	2020-09-08	2020	3	9	09	8	화요일	37	0	2026-05-13 10:16:29.780
20200909	2020-09-09	2020	3	9	09	9	수요일	37	0	2026-05-13 10:16:29.780
20200910	2020-09-10	2020	3	9	09	10	목요일	37	0	2026-05-13 10:16:29.780
20200911	2020-09-11	2020	3	9	09	11	금요일	37	0	2026-05-13 10:16:29.780
20200912	2020-09-12	2020	3	9	09	12	토요일	37	0	2026-05-13 10:16:29.780
20200913	2020-09-13	2020	3	9	09	13	일요일	38	0	2026-05-13 10:16:29.780
20200914	2020-09-14	2020	3	9	09	14	월요일	38	0	2026-05-13 10:16:29.780
20200915	2020-09-15	2020	3	9	09	15	화요일	38	0	2026-05-13 10:16:29.780
20200916	2020-09-16	2020	3	9	09	16	수요일	38	0	2026-05-13 10:16:29.780
20200917	2020-09-17	2020	3	9	09	17	목요일	38	0	2026-05-13 10:16:29.780
20200918	2020-09-18	2020	3	9	09	18	금요일	38	0	2026-05-13 10:16:29.780
20200919	2020-09-19	2020	3	9	09	19	토요일	38	0	2026-05-13 10:16:29.780
20200920	2020-09-20	2020	3	9	09	20	일요일	39	0	2026-05-13 10:16:29.780
20200921	2020-09-21	2020	3	9	09	21	월요일	39	0	2026-05-13 10:16:29.780
20200922	2020-09-22	2020	3	9	09	22	화요일	39	0	2026-05-13 10:16:29.780
20200923	2020-09-23	2020	3	9	09	23	수요일	39	0	2026-05-13 10:16:29.780
20200924	2020-09-24	2020	3	9	09	24	목요일	39	0	2026-05-13 10:16:29.780
20200925	2020-09-25	2020	3	9	09	25	금요일	39	0	2026-05-13 10:16:29.780
20200926	2020-09-26	2020	3	9	09	26	토요일	39	0	2026-05-13 10:16:29.780
20200927	2020-09-27	2020	3	9	09	27	일요일	40	0	2026-05-13 10:16:29.780
20200928	2020-09-28	2020	3	9	09	28	월요일	40	0	2026-05-13 10:16:29.780
20200929	2020-09-29	2020	3	9	09	29	화요일	40	0	2026-05-13 10:16:29.780
20200930	2020-09-30	2020	3	9	09	30	수요일	40	0	2026-05-13 10:16:29.780
20201001	2020-10-01	2020	4	10	10	1	목요일	40	0	2026-05-13 10:16:29.780
20201002	2020-10-02	2020	4	10	10	2	금요일	40	0	2026-05-13 10:16:29.780
20201003	2020-10-03	2020	4	10	10	3	토요일	40	0	2026-05-13 10:16:29.780
20201004	2020-10-04	2020	4	10	10	4	일요일	41	0	2026-05-13 10:16:29.780
20201005	2020-10-05	2020	4	10	10	5	월요일	41	0	2026-05-13 10:16:29.780
20201006	2020-10-06	2020	4	10	10	6	화요일	41	0	2026-05-13 10:16:29.780
20201007	2020-10-07	2020	4	10	10	7	수요일	41	0	2026-05-13 10:16:29.780
20201008	2020-10-08	2020	4	10	10	8	목요일	41	0	2026-05-13 10:16:29.780
20201009	2020-10-09	2020	4	10	10	9	금요일	41	0	2026-05-13 10:16:29.780
20201010	2020-10-10	2020	4	10	10	10	토요일	41	0	2026-05-13 10:16:29.780
20201011	2020-10-11	2020	4	10	10	11	일요일	42	0	2026-05-13 10:16:29.780
20201012	2020-10-12	2020	4	10	10	12	월요일	42	0	2026-05-13 10:16:29.780
20201013	2020-10-13	2020	4	10	10	13	화요일	42	0	2026-05-13 10:16:29.780
20201014	2020-10-14	2020	4	10	10	14	수요일	42	0	2026-05-13 10:16:29.780
20201015	2020-10-15	2020	4	10	10	15	목요일	42	0	2026-05-13 10:16:29.780
20201016	2020-10-16	2020	4	10	10	16	금요일	42	0	2026-05-13 10:16:29.780
20201017	2020-10-17	2020	4	10	10	17	토요일	42	0	2026-05-13 10:16:29.780
20201018	2020-10-18	2020	4	10	10	18	일요일	43	0	2026-05-13 10:16:29.780
20201019	2020-10-19	2020	4	10	10	19	월요일	43	0	2026-05-13 10:16:29.780
20201020	2020-10-20	2020	4	10	10	20	화요일	43	0	2026-05-13 10:16:29.780
20201021	2020-10-21	2020	4	10	10	21	수요일	43	0	2026-05-13 10:16:29.780
20201022	2020-10-22	2020	4	10	10	22	목요일	43	0	2026-05-13 10:16:29.780
20201023	2020-10-23	2020	4	10	10	23	금요일	43	0	2026-05-13 10:16:29.780
20201024	2020-10-24	2020	4	10	10	24	토요일	43	0	2026-05-13 10:16:29.780
20201025	2020-10-25	2020	4	10	10	25	일요일	44	0	2026-05-13 10:16:29.780
20201026	2020-10-26	2020	4	10	10	26	월요일	44	0	2026-05-13 10:16:29.780
20201027	2020-10-27	2020	4	10	10	27	화요일	44	0	2026-05-13 10:16:29.780
20201028	2020-10-28	2020	4	10	10	28	수요일	44	0	2026-05-13 10:16:29.780
20201029	2020-10-29	2020	4	10	10	29	목요일	44	0	2026-05-13 10:16:29.780
20201030	2020-10-30	2020	4	10	10	30	금요일	44	0	2026-05-13 10:16:29.780
20201031	2020-10-31	2020	4	10	10	31	토요일	44	0	2026-05-13 10:16:29.780
20201101	2020-11-01	2020	4	11	11	1	일요일	45	0	2026-05-13 10:16:29.780
20201102	2020-11-02	2020	4	11	11	2	월요일	45	0	2026-05-13 10:16:29.780
20201103	2020-11-03	2020	4	11	11	3	화요일	45	0	2026-05-13 10:16:29.780
20201104	2020-11-04	2020	4	11	11	4	수요일	45	0	2026-05-13 10:16:29.780
20201105	2020-11-05	2020	4	11	11	5	목요일	45	0	2026-05-13 10:16:29.780
20201106	2020-11-06	2020	4	11	11	6	금요일	45	0	2026-05-13 10:16:29.780
20201107	2020-11-07	2020	4	11	11	7	토요일	45	0	2026-05-13 10:16:29.780
20201108	2020-11-08	2020	4	11	11	8	일요일	46	0	2026-05-13 10:16:29.780
20201109	2020-11-09	2020	4	11	11	9	월요일	46	0	2026-05-13 10:16:29.780
20201110	2020-11-10	2020	4	11	11	10	화요일	46	0	2026-05-13 10:16:29.780
20201111	2020-11-11	2020	4	11	11	11	수요일	46	0	2026-05-13 10:16:29.780
20201112	2020-11-12	2020	4	11	11	12	목요일	46	0	2026-05-13 10:16:29.780
20201113	2020-11-13	2020	4	11	11	13	금요일	46	0	2026-05-13 10:16:29.780
20201114	2020-11-14	2020	4	11	11	14	토요일	46	0	2026-05-13 10:16:29.780
20201115	2020-11-15	2020	4	11	11	15	일요일	47	0	2026-05-13 10:16:29.780
20201116	2020-11-16	2020	4	11	11	16	월요일	47	0	2026-05-13 10:16:29.780
20201117	2020-11-17	2020	4	11	11	17	화요일	47	0	2026-05-13 10:16:29.780
20201118	2020-11-18	2020	4	11	11	18	수요일	47	0	2026-05-13 10:16:29.780
20201119	2020-11-19	2020	4	11	11	19	목요일	47	0	2026-05-13 10:16:29.780
20201120	2020-11-20	2020	4	11	11	20	금요일	47	0	2026-05-13 10:16:29.780
20201121	2020-11-21	2020	4	11	11	21	토요일	47	0	2026-05-13 10:16:29.780
20201122	2020-11-22	2020	4	11	11	22	일요일	48	0	2026-05-13 10:16:29.780
20201123	2020-11-23	2020	4	11	11	23	월요일	48	0	2026-05-13 10:16:29.780
20201124	2020-11-24	2020	4	11	11	24	화요일	48	0	2026-05-13 10:16:29.780
20201125	2020-11-25	2020	4	11	11	25	수요일	48	0	2026-05-13 10:16:29.780
20201126	2020-11-26	2020	4	11	11	26	목요일	48	0	2026-05-13 10:16:29.780
20201127	2020-11-27	2020	4	11	11	27	금요일	48	0	2026-05-13 10:16:29.780
20201128	2020-11-28	2020	4	11	11	28	토요일	48	0	2026-05-13 10:16:29.780
20201129	2020-11-29	2020	4	11	11	29	일요일	49	0	2026-05-13 10:16:29.780
20201130	2020-11-30	2020	4	11	11	30	월요일	49	0	2026-05-13 10:16:29.780
20201201	2020-12-01	2020	4	12	12	1	화요일	49	0	2026-05-13 10:16:29.780
20201202	2020-12-02	2020	4	12	12	2	수요일	49	0	2026-05-13 10:16:29.780
20201203	2020-12-03	2020	4	12	12	3	목요일	49	0	2026-05-13 10:16:29.780
20201204	2020-12-04	2020	4	12	12	4	금요일	49	0	2026-05-13 10:16:29.780
20201205	2020-12-05	2020	4	12	12	5	토요일	49	0	2026-05-13 10:16:29.780
20201206	2020-12-06	2020	4	12	12	6	일요일	50	0	2026-05-13 10:16:29.780
20201207	2020-12-07	2020	4	12	12	7	월요일	50	0	2026-05-13 10:16:29.780
20201208	2020-12-08	2020	4	12	12	8	화요일	50	0	2026-05-13 10:16:29.780
20201209	2020-12-09	2020	4	12	12	9	수요일	50	0	2026-05-13 10:16:29.780
20201210	2020-12-10	2020	4	12	12	10	목요일	50	0	2026-05-13 10:16:29.780
20201211	2020-12-11	2020	4	12	12	11	금요일	50	0	2026-05-13 10:16:29.780
20201212	2020-12-12	2020	4	12	12	12	토요일	50	0	2026-05-13 10:16:29.780
20201213	2020-12-13	2020	4	12	12	13	일요일	51	0	2026-05-13 10:16:29.780
20201214	2020-12-14	2020	4	12	12	14	월요일	51	0	2026-05-13 10:16:29.780
20201215	2020-12-15	2020	4	12	12	15	화요일	51	0	2026-05-13 10:16:29.780
20201216	2020-12-16	2020	4	12	12	16	수요일	51	0	2026-05-13 10:16:29.780
20201217	2020-12-17	2020	4	12	12	17	목요일	51	0	2026-05-13 10:16:29.780
20201218	2020-12-18	2020	4	12	12	18	금요일	51	0	2026-05-13 10:16:29.780
20201219	2020-12-19	2020	4	12	12	19	토요일	51	0	2026-05-13 10:16:29.780
20201220	2020-12-20	2020	4	12	12	20	일요일	52	0	2026-05-13 10:16:29.780
20201221	2020-12-21	2020	4	12	12	21	월요일	52	0	2026-05-13 10:16:29.780
20201222	2020-12-22	2020	4	12	12	22	화요일	52	0	2026-05-13 10:16:29.780
20201223	2020-12-23	2020	4	12	12	23	수요일	52	0	2026-05-13 10:16:29.780
20201224	2020-12-24	2020	4	12	12	24	목요일	52	0	2026-05-13 10:16:29.780
20201225	2020-12-25	2020	4	12	12	25	금요일	52	0	2026-05-13 10:16:29.780
20201226	2020-12-26	2020	4	12	12	26	토요일	52	0	2026-05-13 10:16:29.780
20201227	2020-12-27	2020	4	12	12	27	일요일	53	0	2026-05-13 10:16:29.780
20201228	2020-12-28	2020	4	12	12	28	월요일	53	0	2026-05-13 10:16:29.780
20201229	2020-12-29	2020	4	12	12	29	화요일	53	0	2026-05-13 10:16:29.780
20201230	2020-12-30	2020	4	12	12	30	수요일	53	0	2026-05-13 10:16:29.780
20201231	2020-12-31	2020	4	12	12	31	목요일	53	0	2026-05-13 10:16:29.780