seller_sk	total_orders	total_items_sold	total_revenue	avg_order_value	avg_item_price	avg_review_score	avg_delivery_days	delay_rate	repeat_customer_rate	seller_segment	dwh_create_date
1589	179	202	14800.43	73.27	55.47	3.92	10.18	4.46	4.46	REGULAR	2026-05-15 08:45:03.073
2585	1	1	107.30	107.30	69.90	5	11	0.00	0.00	REGULAR	2026-05-15 08:45:03.073
2917	2	2	410.75	205.38	163.90	4	18	0.00	0.00	REGULAR	2026-05-15 08:45:03.073
2253	11	11	3519.45	319.95	290.01	4.18	11.4	9.09	0.00	REGULAR	2026-05-15 08:45:03.073
1921	1	1	234.61	234.61	196.90	2	23	100.00	0.00	LOW_REVIEW	2026-05-15 08:45:03.073
902	1	1	136.97	136.97	109.90	5	11	0.00	0.00	REGULAR	2026-05-15 08:45:03.073
1898	17	17	3108.83	182.87	156.41	3.88	16.47	17.65	0.00	REGULAR	2026-05-15 08:45:03.073
355	13	15	1602.10	106.81	85.23	3.6	15.71	0.00	20.00	REGULAR	2026-05-15 08:45:03.073
687	3	6	409.98	68.33	55.82	4.17	16.2	16.67	0.00	REGULAR	2026-05-15 08:45:03.073
1234	2	4	254.62	63.66	50.75	5	6	0.00	0.00	REGULAR	2026-05-15 08:45:03.073
2230	2	2	382.47	191.24	170.99	5	6.5	0.00	0.00	REGULAR	2026-05-15 08:45:03.073
23	5	5	1533.71	306.74	293.20	5	6.6	0.00	0.00	REGULAR	2026-05-15 08:45:03.073
2894	5	5	1086.60	217.32	200.53	4.8	10.2	0.00	0.00	REGULAR	2026-05-15 08:45:03.073
1566	2	2	111.83	55.92	42.00	3	14	0.00	0.00	REGULAR	2026-05-15 08:45:03.073
2562	1	1	339.86	339.86	328.90	5	13	0.00	0.00	REGULAR	2026-05-15 08:45:03.073
1875	66	70	14274.52	203.92	187.70	3.9	15.03	10.00	2.86	REGULAR	2026-05-15 08:45:03.073
1543	54	89	9684.61	108.82	92.17	4.26	8.94	5.62	6.74	REGULAR	2026-05-15 08:45:03.073
1374	57	76	6024.84	79.27	63.92	4.58	10.51	2.63	2.63	REGULAR	2026-05-15 08:45:03.073
378	20	25	5118.75	204.75	181.50	4.28	11.92	4.00	20.00	REGULAR	2026-05-15 08:45:03.073
547	23	27	4209.33	155.90	137.67	4.33	9.74	7.41	3.70	REGULAR	2026-05-15 08:45:03.073
2207	7	11	787.75	71.61	51.45	2.91	13.18	0.00	0.00	LOW_REVIEW	2026-05-15 08:45:03.073
2539	1	1	254.01	254.01	237.60	1	30	100.00	0.00	LOW_REVIEW	2026-05-15 08:45:03.073
46	13	13	2501.75	192.44	143.01	3.92	17.46	30.77	7.69	DELAY_RISK	2026-05-15 08:45:03.073
1042	13	14	1192.56	85.18	61.85	2.93	14.38	0.00	0.00	LOW_REVIEW	2026-05-15 08:45:03.073
710	10	10	1222.89	122.29	96.88	4	12.78	0.00	10.00	REGULAR	2026-05-15 08:45:03.073
879	2	3	846.62	282.21	256.00	2.67	9.67	0.00	0.00	LOW_REVIEW	2026-05-15 08:45:03.073
215	14	16	1650.49	103.16	79.83	4.75	12.87	6.25	12.50	REGULAR	2026-05-15 08:45:03.073
1211	1	1	420.29	420.29	367.00	5	12	0.00	0.00	REGULAR	2026-05-15 08:45:03.073
1188	15	16	14155.20	884.70	832.67	3.88	13	12.50	12.50	REGULAR	2026-05-15 08:45:03.073
1729	24	26	13838.22	532.24	512.02	4.15	16.88	7.69	3.85	REGULAR	2026-05-15 08:45:03.073
733	42	47	4263.81	90.72	73.65	3.73	9.35	2.13	2.13	REGULAR	2026-05-15 08:45:03.073
856	3	3	315.44	105.15	58.57	4.67	14	0.00	0.00	REGULAR	2026-05-15 08:45:03.073
524	12	15	2917.37	194.49	171.73	4.6	10.73	0.00	13.33	REGULAR	2026-05-15 08:45:03.073
1065	3	3	123.75	41.25	29.90	5	7.33	0.00	0.00	REGULAR	2026-05-15 08:45:03.073
401	3	3	120.22	40.07	24.99	3.33	14.5	0.00	33.33	REGULAR	2026-05-15 08:45:03.073
1520	1	1	70.65	70.65	49.90	5	13	0.00	0.00	REGULAR	2026-05-15 08:45:03.073
192	5	6	524.00	87.33	75.00	4.83	6.83	0.00	0.00	REGULAR	2026-05-15 08:45:03.073
2061	2	2	202.90	101.45	86.50	5	12.5	0.00	0.00	REGULAR	2026-05-15 08:45:03.073
1397	1	1	184.71	184.71	167.90	5	7	0.00	0.00	REGULAR	2026-05-15 08:45:03.073
69	1	1	188.42	188.42	179.90	5	5	100.00	0.00	DELAY_RISK	2026-05-15 08:45:03.073
2748	14	17	1411.13	83.01	63.81	3.24	14.65	11.76	0.00	REGULAR	2026-05-15 08:45:03.073
2084	44	44	5923.66	134.63	107.91	4.48	7.02	0.00	2.27	REGULAR	2026-05-15 08:45:03.073
1420	21	25	3073.27	122.93	105.29	4.4	7	4.00	8.00	REGULAR	2026-05-15 08:45:03.073
3086	20	20	23695.20	1184.76	1097.04	3.65	11.5	25.00	5.00	REGULAR	2026-05-15 08:45:03.073
501	3	3	192.04	64.01	49.20	3.33	10.33	0.00	0.00	REGULAR	2026-05-15 08:45:03.073
756	7	7	1014.95	144.99	129.90	4.71	8.43	0.00	14.29	REGULAR	2026-05-15 08:45:03.073
1443	54	57	9394.81	164.82	141.84	4.28	13.59	3.51	7.02	REGULAR	2026-05-15 08:45:03.073
2771	2	2	937.71	468.86	454.50	4.5	6	0.00	0.00	REGULAR	2026-05-15 08:45:03.073
2107	1	1	59.81	59.81	47.40	5	5	0.00	0.00	REGULAR	2026-05-15 08:45:03.073
1712	15	15	13110.70	874.05	792.80	4.2	12.53	13.33	0.00	REGULAR	2026-05-15 08:45:03.073
2794	23	24	10022.07	417.59	400.36	4.29	10.25	16.67	12.50	REGULAR	2026-05-15 08:45:03.073
209	3	4	140.86	35.22	20.76	5	6.75	0.00	0.00	REGULAR	2026-05-15 08:45:03.073
3040	18	18	12758.93	708.83	679.32	3.94	11.94	5.56	11.11	REGULAR	2026-05-15 08:45:03.073
2130	9	23	1308.40	56.89	46.29	3.96	7.7	8.70	0.00	REGULAR	2026-05-15 08:45:03.073
1048	6	10	483.37	48.34	29.48	3.2	11.33	20.00	10.00	REGULAR	2026-05-15 08:45:03.073
2376	4	4	5760.96	1440.24	1349.00	3.25	15.25	0.00	25.00	REGULAR	2026-05-15 08:45:03.073
2276	14	15	3706.50	247.10	230.99	4.13	11.2	20.00	6.67	REGULAR	2026-05-15 08:45:03.073
2817	34	34	10332.19	303.89	282.91	3.94	15.15	14.71	0.00	REGULAR	2026-05-15 08:45:03.073
2399	44	44	13546.33	307.87	286.17	4.48	11.12	4.55	2.27	REGULAR	2026-05-15 08:45:03.073
2940	9	30	3813.18	127.11	104.91	4.7	15.5	0.00	50.00	REGULAR	2026-05-15 08:45:03.073
3063	8	8	990.88	123.86	105.97	4.63	8.63	0.00	0.00	REGULAR	2026-05-15 08:45:03.073
1735	3	8	252.77	31.60	15.15	1	42.13	87.50	0.00	LOW_REVIEW	2026-05-15 08:45:03.073
1998	65	67	8340.60	124.49	108.71	3.81	11.45	8.96	5.97	REGULAR	2026-05-15 08:45:03.073
670	5	10	480.67	48.07	28.87	4.6	8.5	0.00	30.00	REGULAR	2026-05-15 08:45:03.073
1251	3	3	695.70	231.90	176.57	2.67	8	0.00	0.00	LOW_REVIEW	2026-05-15 08:45:03.073
1002	7	8	931.22	116.40	97.89	4.13	10.38	0.00	0.00	REGULAR	2026-05-15 08:45:03.073
919	2	2	258.87	129.44	99.50	3	12.5	0.00	0.00	REGULAR	2026-05-15 08:45:03.073
1357	3	3	676.01	225.34	185.67	3.67	6.33	0.00	0.00	REGULAR	2026-05-15 08:45:03.073
361	3	3	291.62	97.21	78.04	5	12	0.00	0.00	REGULAR	2026-05-15 08:45:03.073
1689	7	7	445.50	63.64	42.86	2	9.86	0.00	0.00	LOW_REVIEW	2026-05-15 08:45:03.073
564	5	6	413.26	68.88	49.00	4.33	14.17	0.00	0.00	REGULAR	2026-05-15 08:45:03.073
232	1	1	309.32	309.32	249.99	3	22	100.00	0.00	DELAY_RISK	2026-05-15 08:45:03.073
2685	1	1	175.09	175.09	155.90	5	7	0.00	0.00	REGULAR	2026-05-15 08:45:03.073
2625	9	10	778.27	77.83	59.90	4.8	11.78	0.00	0.00	REGULAR	2026-05-15 08:45:03.073
1297	18	22	2410.68	109.58	94.32	4.55	8.14	4.55	9.09	REGULAR	2026-05-15 08:45:03.073
965	6	6	247.86	41.31	28.63	4	13.5	16.67	0.00	REGULAR	2026-05-15 08:45:03.073
2293	2	2	157.51	78.76	59.95	3	48	100.00	0.00	DELAY_RISK	2026-05-15 08:45:03.073
1606	91	104	5003.96	48.12	32.77	4.18	13.23	8.65	3.85	REGULAR	2026-05-15 08:45:03.073
278	123	147	49098.96	334.01	274.31	4.14	12.01	8.16	4.76	REGULAR	2026-05-15 08:45:03.073
1938	16	17	1504.98	88.53	71.53	4.41	10.29	23.53	0.00	REGULAR	2026-05-15 08:45:03.073
610	4	4	265.53	66.38	53.30	5	5.75	0.00	0.00	REGULAR	2026-05-15 08:45:03.073
315	1	1	715.34	715.34	699.42	1	14	100.00	0.00	LOW_REVIEW	2026-05-15 08:45:03.073
3080	88	90	13319.55	148.00	127.77	4.21	8.91	3.33	3.33	REGULAR	2026-05-15 08:45:03.073
169	87	89	11520.21	129.44	112.60	4.3	9.55	1.12	4.49	REGULAR	2026-05-15 08:45:03.073
1503	61	71	9900.36	139.44	111.67	3.55	12.8	5.63	2.82	REGULAR	2026-05-15 08:45:03.073
418	9	9	1125.61	125.07	111.06	4.33	18.22	33.33	11.11	DELAY_RISK	2026-05-15 08:45:03.073
424	2	3	227.67	75.89	58.23	4.33	12	0.00	0.00	REGULAR	2026-05-15 08:45:03.073
2831	3	4	382.30	95.58	79.15	4.75	9	0.00	0.00	REGULAR	2026-05-15 08:45:03.073
1752	1	1	2028.75	2028.75	1999.00	5	11	0.00	0.00	REGULAR	2026-05-15 08:45:03.073
2980	26	26	3501.69	134.68	118.17	4	11.73	7.69	7.69	REGULAR	2026-05-15 08:45:03.073
1105	39	44	3035.39	68.99	53.14	4.73	14.98	2.27	9.09	REGULAR	2026-05-15 08:45:03.073
2439	81	82	13234.74	161.40	143.76	4.05	10.13	7.32	7.32	REGULAR	2026-05-15 08:45:03.073
2144	6	7	533.88	76.27	62.19	4	8	0.00	0.00	REGULAR	2026-05-15 08:45:03.073
816	1	1	205.40	205.40	189.90	4	10	0.00	100.00	REGULAR	2026-05-15 08:45:03.073
2044	54	55	18887.32	343.41	323.01	4.05	17.94	14.55	5.45	REGULAR	2026-05-15 08:45:03.073
2877	3	3	998.41	332.80	288.67	2.67	15	0.00	0.00	LOW_REVIEW	2026-05-15 08:45:03.073
2731	5	5	15200.56	3040.11	2999.89	4.8	12.4	0.00	0.00	REGULAR	2026-05-15 08:45:03.073
2190	1	2	237.67	118.84	97.35	5	14	0.00	0.00	REGULAR	2026-05-15 08:45:03.073
1506	1143	1154	160690.14	139.25	121.44	4.2	11.11	5.81	3.64	TOP_SELLER	2026-05-15 08:45:03.073
3000	117	126	11972.00	95.02	71.34	4.07	12.29	6.35	4.76	REGULAR	2026-05-15 08:45:03.073
1838	63	64	20181.23	315.33	296.39	3.97	13.38	6.25	0.00	REGULAR	2026-05-15 08:45:03.073
2004	8	9	1451.56	161.28	142.39	4.89	10.56	0.00	11.11	REGULAR	2026-05-15 08:45:03.073
2502	4	7	496.03	70.86	41.00	4.86	14.43	42.86	71.43	DELAY_RISK	2026-05-15 08:45:03.073
2336	1	1	24.00	24.00	9.90	5	14	0.00	0.00	REGULAR	2026-05-15 08:45:03.073
2857	17	33	2061.40	62.47	34.00	2.67	14.67	18.18	3.03	LOW_REVIEW	2026-05-15 08:45:03.073
2359	1	1	218.95	218.95	188.90	2	13	0.00	0.00	LOW_REVIEW	2026-05-15 08:45:03.073
1128	2	2	183.89	91.95	63.40	4.5	12.5	0.00	0.00	REGULAR	2026-05-15 08:45:03.073
2124	7	11	3078.15	279.83	263.97	3.27	9.83	0.00	9.09	REGULAR	2026-05-15 08:45:03.073
132	6	6	1564.72	260.79	241.57	4.17	9	0.00	0.00	REGULAR	2026-05-15 08:45:03.073
1457	2	2	2630.68	1315.34	1199.99	5	18.5	0.00	0.00	REGULAR	2026-05-15 08:45:03.073
464	1	1	111.76	111.76	96.99	5	11	0.00	0.00	REGULAR	2026-05-15 08:45:03.073
793	1	1	317.37	317.37	239.90	5	18	0.00	0.00	REGULAR	2026-05-15 08:45:03.073
2147	335	361	57931.48	160.48	142.54	4.07	13.98	8.31	4.16	HIGH_PERFORMER	2026-05-15 08:45:03.073
2479	9	9	1738.32	193.15	164.59	4.44	5	0.00	11.11	REGULAR	2026-05-15 08:45:03.073
1483	11	11	1394.95	126.81	110.00	4.91	7.27	0.00	9.09	REGULAR	2026-05-15 08:45:03.073
438	12	12	8806.18	733.85	644.08	4.75	8.08	0.00	0.00	REGULAR	2026-05-15 08:45:03.073
2837	1121	1176	53215.98	45.25	30.71	3.93	13.31	10.46	5.44	HIGH_PERFORMER	2026-05-15 08:45:03.073
750	40	40	4726.57	118.16	95.74	4.33	13.77	15.00	2.50	REGULAR	2026-05-15 08:45:03.073
673	16	17	2101.35	123.61	98.92	3.94	10.82	11.76	0.00	REGULAR	2026-05-15 08:45:03.073
1171	8	8	1253.01	156.63	135.00	4.75	6.13	0.00	12.50	REGULAR	2026-05-15 08:45:03.073
507	6	6	834.72	139.12	126.35	4	14	16.67	0.00	REGULAR	2026-05-15 08:45:03.073
2665	4	4	481.48	120.37	106.05	4.75	6	0.00	0.00	REGULAR	2026-05-15 08:45:03.073
2671	1	1	108.60	108.60	87.90	5	18	0.00	0.00	REGULAR	2026-05-15 08:45:03.073
109	25	27	2801.56	103.76	86.60	4.37	5.5	3.70	3.70	REGULAR	2026-05-15 08:45:03.073
1271	22	23	4164.06	181.05	162.71	3.65	12.61	13.04	21.74	REGULAR	2026-05-15 08:45:03.073
650	26	30	1842.26	61.41	47.78	3.57	12.77	16.67	3.33	REGULAR	2026-05-15 08:45:03.073
607	6	6	3853.85	642.31	596.66	3.83	14.83	0.00	0.00	REGULAR	2026-05-15 08:45:03.073
773	8	8	1309.87	163.73	134.88	2.75	18.13	25.00	0.00	LOW_REVIEW	2026-05-15 08:45:03.073
1812	10	10	2225.84	222.58	204.65	4	13.56	20.00	0.00	REGULAR	2026-05-15 08:45:03.073
1148	4	4	819.11	204.78	188.18	5	6.5	0.00	0.00	REGULAR	2026-05-15 08:45:03.073
1314	2	2	59.38	29.69	15.90	3	11	0.00	0.00	REGULAR	2026-05-15 08:45:03.073
2814	1	1	3009.53	3009.53	2951.00	4	27	0.00	0.00	REGULAR	2026-05-15 08:45:03.073
1463	64	69	20455.29	296.45	245.10	4.12	10.64	2.90	7.25	REGULAR	2026-05-15 08:45:03.073
630	8	8	2578.50	322.31	291.54	4.63	10.75	0.00	0.00	REGULAR	2026-05-15 08:45:03.073
458	36	38	8945.78	235.42	216.95	4.24	12.39	7.89	2.63	REGULAR	2026-05-15 08:45:03.073
2545	1	1	298.05	298.05	289.00	1	NULL	0.00	0.00	LOW_REVIEW	2026-05-15 08:45:03.073
1291	1	1	76.64	76.64	61.90	5	4	0.00	0.00	REGULAR	2026-05-15 08:45:03.073
2645	8	8	1573.77	196.72	180.25	4.63	8	0.00	12.50	REGULAR	2026-05-15 08:45:03.073
481	1	1	127.20	127.20	109.99	4	16	0.00	0.00	REGULAR	2026-05-15 08:45:03.073
2522	16	21	7219.81	343.80	294.32	3.52	13.9	0.00	0.00	REGULAR	2026-05-15 08:45:03.073
2104	9	12	1065.49	88.79	75.15	4.83	7.17	0.00	0.00	REGULAR	2026-05-15 08:45:03.073
1981	3	4	399.25	99.81	75.40	4.25	12.75	0.00	0.00	REGULAR	2026-05-15 08:45:03.073
1440	2	2	117.06	58.53	47.50	3.5	12	0.00	0.00	REGULAR	2026-05-15 08:45:03.073
1334	166	176	16854.37	95.76	77.24	3.87	12.05	6.82	6.82	REGULAR	2026-05-15 08:45:03.073
1832	26	29	2250.85	77.62	63.07	4.07	5.79	3.45	3.45	REGULAR	2026-05-15 08:45:03.073
338	9	9	1006.66	111.85	87.33	3.78	19	11.11	0.00	REGULAR	2026-05-15 08:45:03.073
89	4	4	403.22	100.81	84.24	4.75	5.25	0.00	25.00	REGULAR	2026-05-15 08:45:03.073
836	2	2	2822.75	1411.38	1359.00	5	17.5	0.00	0.00	REGULAR	2026-05-15 08:45:03.073
1085	3	3	328.85	109.62	93.26	2.33	7	0.00	0.00	LOW_REVIEW	2026-05-15 08:45:03.073
1583	3	5	247.05	49.41	39.34	4.2	8	0.00	40.00	REGULAR	2026-05-15 08:45:03.073
587	1	1	239.04	239.04	181.00	5	15	0.00	0.00	REGULAR	2026-05-15 08:45:03.073
1191	10	11	442.14	40.19	26.05	3.91	13.18	18.18	9.09	REGULAR	2026-05-15 08:45:03.073
1228	7	7	591.83	84.55	69.99	2	NULL	0.00	0.00	LOW_REVIEW	2026-05-15 08:45:03.073
2353	3	3	223.52	74.51	61.90	2.33	15.5	0.00	0.00	LOW_REVIEW	2026-05-15 08:45:03.073
2900	5	5	4533.87	906.77	879.70	4.2	8.2	0.00	0.00	REGULAR	2026-05-15 08:45:03.073
195	3	3	910.83	303.61	283.23	3.67	15.33	33.33	0.00	DELAY_RISK	2026-05-15 08:45:03.073
693	1	1	48.94	48.94	29.90	4	11	0.00	0.00	REGULAR	2026-05-15 08:45:03.073
730	2	2	857.70	428.85	297.00	5	9	0.00	0.00	REGULAR	2026-05-15 08:45:03.073
2210	31	34	41596.29	1223.42	1197.65	3.97	6.82	2.94	0.00	REGULAR	2026-05-15 08:45:03.073
2957	5	7	432.07	61.72	51.07	2.86	10.57	14.29	0.00	LOW_REVIEW	2026-05-15 08:45:03.073
1961	8	8	948.53	118.57	105.15	3.88	10.88	0.00	25.00	REGULAR	2026-05-15 08:45:03.073
3043	1	1	471.05	471.05	453.70	5	8	0.00	0.00	REGULAR	2026-05-15 08:45:03.073
2565	9	9	3067.41	340.82	322.48	3.89	17.56	33.33	0.00	DELAY_RISK	2026-05-15 08:45:03.073
979	13	14	3287.04	234.79	193.22	4.36	14.71	0.00	7.14	REGULAR	2026-05-15 08:45:03.073
2602	4	4	433.62	108.41	92.15	3.5	12	0.00	0.00	REGULAR	2026-05-15 08:45:03.073
942	1	2	573.74	286.87	215.15	5	12	0.00	0.00	REGULAR	2026-05-15 08:45:03.073
2024	1	1	249.08	249.08	235.00	5	5	0.00	0.00	REGULAR	2026-05-15 08:45:03.073
1918	13	14	1058.68	75.62	56.11	4.93	8.86	0.00	0.00	REGULAR	2026-05-15 08:45:03.073
2416	8	9	657.80	73.09	53.68	4.22	10.22	0.00	33.33	REGULAR	2026-05-15 08:45:03.073
1669	5	5	394.46	78.89	63.90	4.4	7.2	0.00	20.00	REGULAR	2026-05-15 08:45:03.073
2167	4	8	699.06	87.38	76.17	4.38	4.38	0.00	0.00	REGULAR	2026-05-15 08:45:03.073
3	1	1	267.94	267.94	250.00	1	NULL	0.00	0.00	LOW_REVIEW	2026-05-15 08:45:03.073
252	1	1	39.86	39.86	28.90	1	NULL	0.00	0.00	LOW_REVIEW	2026-05-15 08:45:03.073
2310	116	117	22502.13	192.33	169.16	4.21	12.41	5.13	2.56	REGULAR	2026-05-15 08:45:03.073
1818	30	35	6542.72	186.93	162.13	3.83	13.5	0.00	20.00	REGULAR	2026-05-15 08:45:03.073
1775	43	58	8980.79	154.84	136.30	3.74	11.81	15.52	3.45	REGULAR	2026-05-15 08:45:03.073
152	159	178	14189.55	79.72	65.38	3.89	10.29	6.18	3.93	REGULAR	2026-05-15 08:45:03.073
1277	5	5	625.84	125.17	97.54	4.2	7.8	0.00	0.00	REGULAR	2026-05-15 08:45:03.073
2316	9	9	1376.74	152.97	132.14	4.78	11.33	11.11	0.00	REGULAR	2026-05-15 08:45:03.073
146	1	1	30.86	30.86	19.90	5	3	0.00	100.00	REGULAR	2026-05-15 08:45:03.073
1769	13	14	1677.81	119.84	100.04	2.93	12.5	0.00	0.00	LOW_REVIEW	2026-05-15 08:45:03.073
2459	74	82	5675.41	69.21	50.47	3.49	19.96	23.17	4.88	REGULAR	2026-05-15 08:45:03.073
544	4	5	942.73	188.55	169.18	2.6	15.75	0.00	60.00	LOW_REVIEW	2026-05-15 08:45:03.073
1626	3	3	101.38	33.79	20.23	5	18	33.33	33.33	DELAY_RISK	2026-05-15 08:45:03.073
1377	7	7	869.73	124.25	111.54	4.14	4.71	0.00	0.00	REGULAR	2026-05-15 08:45:03.073
2708	2	2	64.12	32.06	24.63	4.5	3.5	0.00	0.00	REGULAR	2026-05-15 08:45:03.073
1526	19	19	8114.60	427.08	408.00	4	15.74	15.79	0.00	REGULAR	2026-05-15 08:45:03.073
985	7	7	1493.23	213.32	184.90	3.57	16.43	14.29	0.00	REGULAR	2026-05-15 08:45:03.073
444	6	7	402.85	57.55	43.26	2.43	14.67	0.00	14.29	LOW_REVIEW	2026-05-15 08:45:03.073
2067	2	2	53.83	26.92	18.99	1.5	9	0.00	0.00	LOW_REVIEW	2026-05-15 08:45:03.073
2608	1	1	108.72	108.72	89.99	4	13	0.00	0.00	REGULAR	2026-05-15 08:45:03.073
1755	76	82	4757.57	58.02	44.80	4.21	9.95	6.10	6.10	REGULAR	2026-05-15 08:45:03.073
3083	2	2	570.34	285.17	268.95	5	10.5	0.00	0.00	REGULAR	2026-05-15 08:45:03.073
2087	5	12	753.62	62.80	35.32	4	13.92	0.00	0.00	REGULAR	2026-05-15 08:45:03.073
2751	2	2	106.46	53.23	35.00	3	21	50.00	0.00	DELAY_RISK	2026-05-15 08:45:03.073
2419	2	3	199.68	66.56	56.00	4.67	8.67	0.00	0.00	REGULAR	2026-05-15 08:45:03.073
2064	128	130	11605.77	89.28	70.80	4.38	12.42	4.62	5.38	REGULAR	2026-05-15 08:45:03.073
1400	37	45	1977.95	43.95	29.31	4.33	7.84	0.00	2.22	REGULAR	2026-05-15 08:45:03.073
3060	34	34	4792.77	140.96	112.26	4.56	8.85	2.94	17.65	REGULAR	2026-05-15 08:45:03.073
736	17	20	1288.57	64.43	42.42	4.35	14	10.00	5.00	REGULAR	2026-05-15 08:45:03.073
1732	13	16	969.60	60.60	46.66	3.13	17	0.00	0.00	REGULAR	2026-05-15 08:45:03.073
189	22	25	1129.34	45.17	30.81	4.64	9.84	4.00	4.00	REGULAR	2026-05-15 08:45:03.073
2728	8	20	1204.91	60.25	45.21	2.8	8	0.00	0.00	LOW_REVIEW	2026-05-15 08:45:03.073
2396	2	3	100.01	33.34	22.00	3.67	4.67	0.00	0.00	REGULAR	2026-05-15 08:45:03.073
1068	1	1	270.45	270.45	235.00	3	NULL	0.00	0.00	REGULAR	2026-05-15 08:45:03.073
521	1	1	68.35	68.35	49.90	3	12	0.00	0.00	REGULAR	2026-05-15 08:45:03.073
2774	28	29	7477.33	257.84	230.99	4.34	12.04	10.34	3.45	REGULAR	2026-05-15 08:45:03.073
2442	8	9	916.23	101.80	80.24	4.67	4.89	0.00	0.00	REGULAR	2026-05-15 08:45:03.073
1586	97	99	14100.39	142.43	115.17	4.25	11.48	4.04	5.05	REGULAR	2026-05-15 08:45:03.073
335	33	37	1530.25	41.36	24.80	4.54	13.97	10.81	5.41	REGULAR	2026-05-15 08:45:03.073
2914	16	22	3049.29	138.60	125.52	4.36	13.95	9.09	0.00	REGULAR	2026-05-15 08:45:03.073
922	5	5	1689.99	338.00	295.00	4.4	6	0.00	0.00	REGULAR	2026-05-15 08:45:03.073
2920	2	3	1127.41	375.80	289.78	2.33	7	0.00	0.00	LOW_REVIEW	2026-05-15 08:45:03.073
999	2	2	75.10	37.55	29.90	5	10	0.00	0.00	REGULAR	2026-05-15 08:45:03.073
2250	2	3	201.70	67.23	36.00	2.33	10.67	0.00	0.00	LOW_REVIEW	2026-05-15 08:45:03.073
1609	13	17	1099.40	64.67	47.10	4.76	9	0.00	0.00	REGULAR	2026-05-15 08:45:03.073
2273	3	3	246.22	82.07	67.60	2.33	22.67	66.67	0.00	LOW_REVIEW	2026-05-15 08:45:03.073
2937	1	1	169.00	169.00	145.00	5	5	0.00	0.00	REGULAR	2026-05-15 08:45:03.073
1709	931	1006	31339.05	31.15	17.24	3.98	12.6	10.24	3.38	REGULAR	2026-05-15 08:45:03.073
1540	1	1	204.81	204.81	189.90	5	7	0.00	0.00	REGULAR	2026-05-15 08:45:03.073
2373	1	1	45.01	45.01	29.90	4	22	0.00	0.00	REGULAR	2026-05-15 08:45:03.073
1045	39	41	4849.38	118.28	97.62	4.49	13.66	7.32	2.44	REGULAR	2026-05-15 08:45:03.073
876	5	5	1622.11	324.42	307.90	3.8	5.8	0.00	0.00	REGULAR	2026-05-15 08:45:03.073
381	1	1	173.68	173.68	159.90	5	8	0.00	0.00	REGULAR	2026-05-15 08:45:03.073
212	4	6	2519.63	419.94	394.80	3.83	6.5	0.00	0.00	REGULAR	2026-05-15 08:45:03.073
1563	97	103	12633.18	122.65	106.60	4.03	12.7	6.80	3.88	REGULAR	2026-05-15 08:45:03.073
235	7	13	821.15	63.17	49.63	4.77	12.85	15.38	0.00	REGULAR	2026-05-15 08:45:03.073
358	21	27	2129.73	78.88	62.72	3.07	19.46	22.22	7.41	REGULAR	2026-05-15 08:45:03.073
1686	7	7	1540.20	220.03	202.80	2.57	10.83	0.00	0.00	LOW_REVIEW	2026-05-15 08:45:03.073
2227	3	3	572.17	190.72	163.33	5	21	0.00	33.33	REGULAR	2026-05-15 08:45:03.073
899	2	2	192.46	96.23	79.90	5	10.5	0.00	0.00	REGULAR	2026-05-15 08:45:03.073
1022	2	2	63.92	31.96	16.42	3	5	0.00	0.00	REGULAR	2026-05-15 08:45:03.073
421	41	46	6216.56	135.14	117.00	4.3	11.54	15.22	2.17	REGULAR	2026-05-15 08:45:03.073
1749	64	64	9994.14	156.16	138.17	3.94	12.19	9.38	1.56	REGULAR	2026-05-15 08:45:03.073
1500	2	2	568.36	284.18	269.00	1	NULL	0.00	0.00	LOW_REVIEW	2026-05-15 08:45:03.073
1168	4	4	884.31	221.08	195.99	4	10.25	0.00	0.00	REGULAR	2026-05-15 08:45:03.073
172	3	3	192.10	64.03	46.93	4.67	6.67	0.00	0.00	REGULAR	2026-05-15 08:45:03.073
753	3	3	251.92	83.97	66.87	5	8	0.00	33.33	REGULAR	2026-05-15 08:45:03.073
3066	7	7	2971.55	424.51	386.99	4.43	10.57	14.29	0.00	REGULAR	2026-05-15 08:45:03.073
859	7	7	1027.37	146.77	125.61	4.43	10.14	0.00	28.57	REGULAR	2026-05-15 08:45:03.073
1855	5	5	598.87	119.77	99.90	4.8	16.8	0.00	0.00	REGULAR	2026-05-15 08:45:03.073
2187	1	1	103.70	103.70	85.00	5	13	0.00	0.00	REGULAR	2026-05-15 08:45:03.073
66	1	1	59.39	59.39	42.90	5	11	0.00	0.00	REGULAR	2026-05-15 08:45:03.073
1062	2	2	148.92	74.46	62.63	5	6	0.00	0.00	REGULAR	2026-05-15 08:45:03.073
527	1	1	129.64	129.64	109.90	5	8	0.00	0.00	REGULAR	2026-05-15 08:45:03.073
1546	4	4	141.85	35.46	24.72	4.25	4.5	0.00	0.00	REGULAR	2026-05-15 08:45:03.073
1214	6	6	1125.49	187.58	172.93	1.5	25.33	66.67	0.00	LOW_REVIEW	2026-05-15 08:45:03.073
2379	8	9	12533.60	1392.62	1329.09	2.67	11.8	0.00	0.00	LOW_REVIEW	2026-05-15 08:45:03.073
2047	24	25	3791.81	151.67	129.24	3.88	12.96	4.00	8.00	REGULAR	2026-05-15 08:45:03.073
2628	54	59	2157.34	36.57	24.16	4.56	7.41	5.08	6.78	REGULAR	2026-05-15 08:45:03.073
2542	11	11	1348.53	122.59	104.94	4.18	10.73	0.00	36.36	REGULAR	2026-05-15 08:45:03.073
375	2	6	158.11	26.35	16.46	1.5	7.83	0.00	0.00	LOW_REVIEW	2026-05-15 08:45:03.073
2296	1	1	83.26	83.26	60.90	5	5	0.00	0.00	REGULAR	2026-05-15 08:45:03.073
2874	1	1	84.24	84.24	69.00	3	14	0.00	0.00	REGULAR	2026-05-15 08:45:03.073
2688	163	180	28912.66	160.63	145.83	4.28	10.65	8.89	9.44	REGULAR	2026-05-15 08:45:03.073
2983	17	28	2246.95	80.25	62.57	3.82	18.18	21.43	0.00	REGULAR	2026-05-15 08:45:03.073
3020	2	2	833.15	416.58	394.90	4.5	6.5	0.00	0.00	REGULAR	2026-05-15 08:45:03.073
1692	2	2	1882.80	941.40	799.00	5	10	0.00	0.00	REGULAR	2026-05-15 08:45:03.073
229	1	1	37.68	37.68	29.90	4	1	0.00	0.00	REGULAR	2026-05-15 08:45:03.073
1360	2	2	229.25	114.63	98.90	5	7	0.00	0.00	REGULAR	2026-05-15 08:45:03.073
2233	8	8	913.71	114.21	100.24	4.25	12.38	12.50	0.00	REGULAR	2026-05-15 08:45:03.073
1901	1	1	59.11	59.11	45.00	1	NULL	0.00	0.00	LOW_REVIEW	2026-05-15 08:45:03.073
1254	151	156	17581.07	112.70	92.07	4.42	11.32	7.05	3.21	REGULAR	2026-05-15 08:45:03.073
2582	60	62	4056.97	65.44	50.80	4.44	8.95	3.23	6.45	REGULAR	2026-05-15 08:45:03.073
2588	6	9	444.93	49.44	31.21	2.67	8.38	11.11	11.11	LOW_REVIEW	2026-05-15 08:45:03.073
667	5	5	171.25	34.25	24.00	4	10.2	20.00	0.00	REGULAR	2026-05-15 08:45:03.073
2333	2	2	68.69	34.35	26.90	2.5	5	0.00	0.00	LOW_REVIEW	2026-05-15 08:45:03.073
1005	2	2	388.43	194.22	174.90	4.5	16	0.00	0.00	REGULAR	2026-05-15 08:45:03.073
916	1	1	120.76	120.76	108.50	3	14	0.00	0.00	REGULAR	2026-05-15 08:45:03.073
2482	1701	1770	129623.22	73.23	58.78	4.05	11.49	5.82	10.17	TOP_SELLER	2026-05-15 08:45:03.073
1603	69	108	5535.95	51.26	34.40	3.85	13.77	0.93	12.96	REGULAR	2026-05-15 08:45:03.073
275	11	11	2495.41	226.86	181.27	4.55	18.91	9.09	0.00	REGULAR	2026-05-15 08:45:03.073
318	3	3	853.27	284.42	253.23	1.67	8.33	0.00	0.00	LOW_REVIEW	2026-05-15 08:45:03.073
1941	1	1	96.71	96.71	79.90	5	13	0.00	0.00	REGULAR	2026-05-15 08:45:03.073
1646	1	1	64.11	64.11	45.22	1	59	100.00	0.00	LOW_REVIEW	2026-05-15 08:45:03.073
713	141	160	5858.30	36.61	25.21	3.71	9.65	8.13	3.13	REGULAR	2026-05-15 08:45:03.073
962	22	22	5321.90	241.90	223.05	4.41	13.45	9.09	0.00	REGULAR	2026-05-15 08:45:03.073
2290	6	12	851.98	71.00	55.26	3.5	8.08	0.00	33.33	REGULAR	2026-05-15 08:45:03.073
2041	5	6	405.27	67.55	49.07	3.83	12.5	0.00	0.00	REGULAR	2026-05-15 08:45:03.073
959	3	3	1296.77	432.26	410.00	4	66.67	33.33	0.00	DELAY_RISK	2026-05-15 08:45:03.073
126	1	1	86.67	86.67	69.99	5	16	0.00	0.00	REGULAR	2026-05-15 08:45:03.073
1795	1	1	121.67	121.67	109.00	1	NULL	0.00	0.00	LOW_REVIEW	2026-05-15 08:45:03.073
1208	2	2	432.12	216.06	199.90	1	NULL	0.00	0.00	LOW_REVIEW	2026-05-15 08:45:03.073
26	233	240	37388.51	155.79	127.79	4.28	11.03	5.83	7.92	REGULAR	2026-05-15 08:45:03.073
1649	94	102	8892.99	87.19	72.53	4.02	9.21	9.80	7.84	REGULAR	2026-05-15 08:45:03.073
1354	31	32	5063.76	158.24	132.78	3.88	14.48	21.88	0.00	REGULAR	2026-05-15 08:45:03.073
2436	1	1	148.68	148.68	133.00	1	10	0.00	0.00	LOW_REVIEW	2026-05-15 08:45:03.073
272	1	1	252.35	252.35	229.90	5	23	0.00	0.00	REGULAR	2026-05-15 08:45:03.073
1895	9	9	1269.87	141.10	124.44	4	13	22.22	11.11	REGULAR	2026-05-15 08:45:03.073
2977	3	3	1328.18	442.73	353.30	3.67	29	33.33	0.00	DELAY_RISK	2026-05-15 08:45:03.073
1108	1	1	66.82	66.82	48.90	1	NULL	0.00	0.00	LOW_REVIEW	2026-05-15 08:45:03.073
567	2	2	171.85	85.93	70.91	4.5	10.5	0.00	0.00	REGULAR	2026-05-15 08:45:03.073
813	1	1	66.28	66.28	23.90	5	27	0.00	0.00	REGULAR	2026-05-15 08:45:03.073
2834	30	32	6889.81	215.31	187.54	3.59	8.78	3.13	3.13	REGULAR	2026-05-15 08:45:03.073
2170	19	21	3151.31	150.06	136.14	4.62	4.9	9.52	0.00	REGULAR	2026-05-15 08:45:03.073
2668	41	51	2680.70	52.56	40.32	3.15	13.65	5.88	11.76	REGULAR	2026-05-15 08:45:03.073
1672	1	1	122.98	122.98	89.90	4	12	0.00	0.00	REGULAR	2026-05-15 08:45:03.073
2525	20	24	2672.82	111.37	99.00	4.13	7.71	20.83	8.33	REGULAR	2026-05-15 08:45:03.073
2691	10	12	1270.09	105.84	88.23	3.75	11.27	8.33	16.67	REGULAR	2026-05-15 08:45:03.073
3023	1	1	78.64	78.64	58.99	1	NULL	0.00	0.00	LOW_REVIEW	2026-05-15 08:45:03.073
796	101	129	5218.20	40.45	30.57	4.28	7.86	10.08	7.75	REGULAR	2026-05-15 08:45:03.073
1460	6	10	1246.34	124.63	102.45	4.8	15.3	20.00	0.00	REGULAR	2026-05-15 08:45:03.073
2456	6	8	218.82	27.35	18.50	4	4.25	0.00	0.00	REGULAR	2026-05-15 08:45:03.073
3046	1	4	230.52	57.63	40.00	1	14	0.00	0.00	LOW_REVIEW	2026-05-15 08:45:03.073
129	2	2	958.78	479.39	425.46	1	NULL	0.00	0.00	LOW_REVIEW	2026-05-15 08:45:03.073
1125	1	1	24.96	24.96	14.00	3	16	0.00	0.00	REGULAR	2026-05-15 08:45:03.073
1792	1	1	51.42	51.42	36.90	3	16	0.00	0.00	REGULAR	2026-05-15 08:45:03.073
461	1	1	154.78	154.78	139.49	5	5	0.00	0.00	REGULAR	2026-05-15 08:45:03.073
819	41	41	4807.22	117.25	103.65	4.56	11.37	7.32	2.44	REGULAR	2026-05-15 08:45:03.073
106	6	8	435.96	54.50	38.18	3.63	10.13	0.00	0.00	REGULAR	2026-05-15 08:45:03.073
1815	3	3	339.29	113.10	92.58	3.67	14	0.00	0.00	REGULAR	2026-05-15 08:45:03.073
1151	1	1	219.33	219.33	200.00	5	17	0.00	0.00	REGULAR	2026-05-15 08:45:03.073
2811	8	8	771.53	96.44	76.99	4.25	9.25	12.50	12.50	REGULAR	2026-05-15 08:45:03.073
770	2	4	963.00	240.75	115.99	1	NULL	0.00	0.00	LOW_REVIEW	2026-05-15 08:45:03.073
1835	92	98	7490.57	76.43	58.19	4.24	12.33	0.00	3.06	REGULAR	2026-05-15 08:45:03.073
2499	29	30	4461.22	148.71	130.15	4.5	8.27	10.00	10.00	REGULAR	2026-05-15 08:45:03.073
1337	19	23	737.20	32.05	16.16	4.26	19.26	8.70	8.70	REGULAR	2026-05-15 08:45:03.073
2001	19	19	4292.71	225.93	195.06	4.05	14.16	26.32	0.00	REGULAR	2026-05-15 08:45:03.073
584	11	11	7570.67	688.24	610.90	4	11.64	9.09	9.09	REGULAR	2026-05-15 08:45:03.073
86	8	9	1128.24	125.36	105.17	4.11	10.11	0.00	0.00	REGULAR	2026-05-15 08:45:03.073
2150	9	11	1213.15	110.29	96.36	5	6.09	0.00	0.00	REGULAR	2026-05-15 08:45:03.073
2648	9	9	1121.83	124.65	90.43	3.22	9.11	11.11	0.00	REGULAR	2026-05-15 08:45:03.073
484	4	4	569.26	142.32	124.90	3.75	14	0.00	0.00	REGULAR	2026-05-15 08:45:03.073
1437	5	6	505.01	84.17	71.50	5	3.83	0.00	0.00	REGULAR	2026-05-15 08:45:03.073
1978	2	3	380.44	126.81	113.23	1	NULL	0.00	0.00	LOW_REVIEW	2026-05-15 08:45:03.073
1984	3	3	649.55	216.52	189.97	4.67	12	0.00	33.33	REGULAR	2026-05-15 08:45:03.073
2791	4	5	837.83	167.57	147.54	5	4.8	0.00	40.00	REGULAR	2026-05-15 08:45:03.073
2127	83	111	8123.95	73.19	53.14	3.46	15.63	10.81	7.21	REGULAR	2026-05-15 08:45:03.073
627	3	3	385.49	128.50	113.30	5	9	0.00	0.00	REGULAR	2026-05-15 08:45:03.073
1294	2	4	194.78	48.70	34.95	3.5	11.5	0.00	0.00	REGULAR	2026-05-15 08:45:03.073
1958	4	4	1085.83	271.46	252.88	4.5	9.5	25.00	0.00	REGULAR	2026-05-15 08:45:03.073
2768	118	122	17003.84	139.38	124.11	3.91	12.34	9.02	6.56	REGULAR	2026-05-15 08:45:03.073
63	4	4	1168.67	292.17	238.00	5	9.5	0.00	0.00	REGULAR	2026-05-15 08:45:03.073
1317	2	2	1330.88	665.44	599.00	2	16.5	0.00	0.00	LOW_REVIEW	2026-05-15 08:45:03.073
604	9	20	1035.62	51.78	38.52	4.95	6.05	0.00	20.00	REGULAR	2026-05-15 08:45:03.073
1858	4	4	491.20	122.80	108.74	4.75	4.25	0.00	0.00	REGULAR	2026-05-15 08:45:03.073
1145	7	7	13636.28	1948.04	1891.86	3.86	30.33	14.29	0.00	REGULAR	2026-05-15 08:45:03.073
776	2	2	157.00	78.50	58.90	5	6.5	0.00	0.00	REGULAR	2026-05-15 08:45:03.073
1194	2	2	105.02	52.51	37.40	3	14	0.00	50.00	REGULAR	2026-05-15 08:45:03.073
504	10	10	781.12	78.11	64.70	3	10.5	20.00	10.00	REGULAR	2026-05-15 08:45:03.073
6	157	169	23106.75	136.73	115.85	4.08	14.42	7.69	12.43	REGULAR	2026-05-15 08:45:03.073
1915	91	93	10657.94	114.60	99.21	4.44	8.35	4.30	0.00	REGULAR	2026-05-15 08:45:03.073
1417	3	3	660.59	220.20	197.17	3.67	10	0.00	0.00	REGULAR	2026-05-15 08:45:03.073
1666	3	3	203.48	67.83	53.90	0.67	52	0.00	0.00	LOW_REVIEW	2026-05-15 08:45:03.073
255	7	8	433.95	54.24	34.44	4.38	18.43	25.00	37.50	REGULAR	2026-05-15 08:45:03.073
1025	471	519	39899.65	76.88	57.89	4.02	12.03	5.20	10.40	REGULAR	2026-05-15 08:45:03.073
398	153	191	18622.30	97.50	79.58	3.74	15.37	10.99	7.85	REGULAR	2026-05-15 08:45:03.073
1523	11	14	620.49	44.32	29.82	3.5	13.29	7.14	0.00	REGULAR	2026-05-15 08:45:03.073
896	11	11	1667.91	151.63	133.00	4.36	10.64	9.09	0.00	REGULAR	2026-05-15 08:45:03.073
2021	1	1	38.37	38.37	14.63	5	8	0.00	0.00	REGULAR	2026-05-15 08:45:03.073
2519	3	4	789.54	197.39	189.00	4.75	4	0.00	0.00	REGULAR	2026-05-15 08:45:03.073
292	31	34	1205.77	35.46	20.63	4.68	5.97	2.94	0.00	REGULAR	2026-05-15 08:45:03.073
2960	83	91	7550.67	82.97	63.77	3.46	10.01	10.99	0.00	REGULAR	2026-05-15 08:45:03.073
2711	26	28	5538.22	197.79	179.48	3.39	18.44	17.86	7.14	REGULAR	2026-05-15 08:45:03.073
43	5	5	13273.42	2654.68	2585.00	4	14.4	20.00	0.00	REGULAR	2026-05-15 08:45:03.073
1629	12	12	8113.03	676.09	653.17	4.08	17.25	8.33	0.00	REGULAR	2026-05-15 08:45:03.073
1964	9	9	910.88	101.21	90.11	4.44	4.44	11.11	0.00	REGULAR	2026-05-15 08:45:03.073
1878	1	1	295.99	295.99	269.90	1	NULL	0.00	0.00	LOW_REVIEW	2026-05-15 08:45:03.073
647	227	239	9390.85	39.29	24.97	4.05	15	10.04	2.51	REGULAR	2026-05-15 08:45:03.073
1274	73	83	5265.65	63.44	45.60	4.12	10.17	8.43	0.00	REGULAR	2026-05-15 08:45:03.073
2270	7	16	859.80	53.74	39.85	3.75	9.85	6.25	0.00	REGULAR	2026-05-15 08:45:03.073
2897	5	5	972.65	194.53	174.60	4.4	12	0.00	0.00	REGULAR	2026-05-15 08:45:03.073
2356	2	2	212.57	106.29	87.99	5	10	0.00	50.00	REGULAR	2026-05-15 08:45:03.073
2997	68	72	3800.36	52.78	37.63	3.71	10.97	8.33	5.56	REGULAR	2026-05-15 08:45:03.073
3003	89	99	6203.20	62.66	50.55	4.2	11.54	12.12	4.04	REGULAR	2026-05-15 08:45:03.073
1088	36	37	4077.11	110.19	86.84	4.59	7.54	2.70	0.00	REGULAR	2026-05-15 08:45:03.073
590	2	3	127.99	42.66	28.00	1	25	66.67	0.00	LOW_REVIEW	2026-05-15 08:45:03.073
2505	1	1	63.52	63.52	49.00	3	19	0.00	0.00	REGULAR	2026-05-15 08:45:03.073
2754	11	12	1464.06	122.01	99.07	3.67	12.55	25.00	8.33	REGULAR	2026-05-15 08:45:03.073
839	4	4	210.57	52.64	32.37	4.5	14.25	0.00	0.00	REGULAR	2026-05-15 08:45:03.073
833	2	2	90.98	45.49	29.90	2.5	13	0.00	0.00	LOW_REVIEW	2026-05-15 08:45:03.073
441	5	5	907.55	181.51	153.80	3	3	0.00	40.00	REGULAR	2026-05-15 08:45:03.073
1480	21	24	8924.95	371.87	345.63	3.6	13.23	8.33	4.17	REGULAR	2026-05-15 08:45:03.073
2605	4	4	585.29	146.32	130.72	2.75	4.75	25.00	0.00	LOW_REVIEW	2026-05-15 08:45:03.073
982	1	1	199.92	199.92	167.99	1	35	100.00	0.00	LOW_REVIEW	2026-05-15 08:45:03.073
939	2	5	267.62	53.52	39.90	0.8	4	0.00	0.00	LOW_REVIEW	2026-05-15 08:45:03.073
2462	26	32	2859.14	89.35	67.18	4.41	12.09	15.63	3.13	REGULAR	2026-05-15 08:45:03.073
2213	9	9	1499.60	166.62	139.51	4.44	9.89	0.00	11.11	REGULAR	2026-05-15 08:45:03.073
49	85	90	8999.62	100.00	86.58	4.48	8.74	3.33	3.33	REGULAR	2026-05-15 08:45:03.073
1131	3	4	1572.28	393.07	381.25	4.25	3.5	0.00	0.00	REGULAR	2026-05-15 08:45:03.073
298	2	2	425.76	212.88	190.00	1	NULL	0.00	0.00	LOW_REVIEW	2026-05-15 08:45:03.073
1380	2	2	512.55	256.28	239.90	2.5	7	0.00	0.00	LOW_REVIEW	2026-05-15 08:45:03.073
1772	88	88	31467.94	357.59	330.68	4.05	12.37	13.64	2.27	REGULAR	2026-05-15 08:45:03.073
2313	192	197	29156.33	148.00	124.36	4.41	9.69	6.60	1.02	REGULAR	2026-05-15 08:45:03.073
149	135	144	10168.85	70.62	50.57	4.21	10.19	0.69	8.33	REGULAR	2026-05-15 08:45:03.073
690	1	1	52.78	52.78	35.00	1	6	0.00	100.00	LOW_REVIEW	2026-05-15 08:45:03.073
2854	3	3	302.06	100.69	84.57	2.67	40.33	33.33	0.00	LOW_REVIEW	2026-05-15 08:45:03.073
1231	1	1	224.45	224.45	199.90	4	12	0.00	0.00	REGULAR	2026-05-15 08:45:03.073
1257	37	42	4449.26	105.93	88.60	3.43	10.29	2.38	4.76	REGULAR	2026-05-15 08:45:03.073
593	1	1	219.27	219.27	199.99	5	14	0.00	0.00	REGULAR	2026-05-15 08:45:03.073
261	11	16	2489.80	155.61	130.32	4.31	6.94	6.25	0.00	REGULAR	2026-05-15 08:45:03.073
925	2	2	327.43	163.72	139.00	2	NULL	0.00	0.00	LOW_REVIEW	2026-05-15 08:45:03.073
238	18	23	929.54	40.41	28.73	3.96	7.18	0.00	4.35	REGULAR	2026-05-15 08:45:03.073
570	10	10	6874.14	687.41	625.20	4.7	15.33	0.00	0.00	REGULAR	2026-05-15 08:45:03.073
1472	24	24	2453.68	102.24	86.44	4.42	10.88	12.50	4.17	REGULAR	2026-05-15 08:45:03.073
2468	49	51	3685.76	72.27	55.90	4.16	13.78	5.88	21.57	REGULAR	2026-05-15 08:45:03.073
2136	39	40	3884.60	97.12	77.00	4.25	10	0.00	7.50	REGULAR	2026-05-15 08:45:03.073
2800	2	3	373.38	124.46	95.33	4.67	18.67	0.00	0.00	REGULAR	2026-05-15 08:45:03.073
1804	3	4	225.62	56.41	32.65	4.75	10	0.00	0.00	REGULAR	2026-05-15 08:45:03.073
2823	216	269	39031.56	145.10	127.67	3.94	14.45	12.27	10.78	REGULAR	2026-05-15 08:45:03.073
2491	63	66	3690.14	55.91	38.22	4.44	15.36	4.55	13.64	REGULAR	2026-05-15 08:45:03.073
2159	1	1	96.88	96.88	89.00	4	5	0.00	0.00	REGULAR	2026-05-15 08:45:03.073
1094	9	11	523.94	47.63	32.44	4.73	14.18	27.27	0.00	REGULAR	2026-05-15 08:45:03.073
1758	15	16	3133.12	195.82	172.22	3.81	13.88	6.25	0.00	REGULAR	2026-05-15 08:45:03.073
2345	13	18	8288.85	460.49	415.67	2.72	13.5	0.00	5.56	LOW_REVIEW	2026-05-15 08:45:03.073
92	4	6	177.24	29.54	17.80	4.67	7.83	0.00	0.00	REGULAR	2026-05-15 08:45:03.073
2422	2	2	971.28	485.64	464.00	4.5	8	50.00	0.00	DELAY_RISK	2026-05-15 08:45:03.073
430	3	3	386.99	129.00	115.98	3.67	6	0.00	0.00	REGULAR	2026-05-15 08:45:03.073
3009	1	1	89.46	89.46	70.00	5	7	0.00	0.00	REGULAR	2026-05-15 08:45:03.073
2322	1	1	143.98	143.98	125.00	5	8	0.00	0.00	REGULAR	2026-05-15 08:45:03.073
2986	31	32	6030.17	188.44	162.15	4.44	9.91	0.00	6.25	REGULAR	2026-05-15 08:45:03.073
115	17	21	1235.26	58.82	43.52	4.24	14.9	14.29	14.29	REGULAR	2026-05-15 08:45:03.073
1658	3	3	793.34	264.45	209.00	3.67	32.67	33.33	0.00	DELAY_RISK	2026-05-15 08:45:03.073
1781	5	7	1232.85	176.12	151.27	4	5.29	0.00	0.00	REGULAR	2026-05-15 08:45:03.073
779	21	22	2569.16	116.78	93.55	4.27	10.32	4.55	22.73	REGULAR	2026-05-15 08:45:03.073
1117	7	9	3350.29	372.25	344.91	2.56	19.89	33.33	0.00	LOW_REVIEW	2026-05-15 08:45:03.073
2445	1	1	36.56	36.56	29.90	1	11	0.00	0.00	LOW_REVIEW	2026-05-15 08:45:03.073
2963	20	20	6671.20	333.56	315.10	3.7	16.61	5.00	0.00	REGULAR	2026-05-15 08:45:03.073
802	20	21	3704.63	176.41	148.50	3.81	14.2	4.76	19.05	REGULAR	2026-05-15 08:45:03.073
1635	32	34	3270.96	96.20	79.12	3.35	13.33	14.71	2.94	REGULAR	2026-05-15 08:45:03.073
138	25	25	1613.78	64.55	49.02	3.88	13.46	8.00	4.00	REGULAR	2026-05-15 08:45:03.073
2299	64	68	5311.52	78.11	64.32	3.94	13.47	23.53	1.47	REGULAR	2026-05-15 08:45:03.073
971	2	4	438.88	109.72	89.90	2	10	0.00	0.00	LOW_REVIEW	2026-05-15 08:45:03.073
384	2	2	334.30	167.15	109.90	4.5	8.5	0.00	0.00	REGULAR	2026-05-15 08:45:03.073
1466	1	1	15.22	15.22	6.50	5	12	0.00	0.00	REGULAR	2026-05-15 08:45:03.073
948	415	449	52540.37	117.02	101.00	3.85	14.62	10.69	5.79	HIGH_PERFORMER	2026-05-15 08:45:03.073
1489	22	27	12478.83	462.18	439.15	4.44	9.85	14.81	7.41	REGULAR	2026-05-15 08:45:03.073
161	21	23	852.43	37.06	22.58	4.65	8.48	4.35	8.70	REGULAR	2026-05-15 08:45:03.073
2153	33	35	3480.72	99.45	82.10	3.69	16.74	5.71	5.71	REGULAR	2026-05-15 08:45:03.073
284	5	10	4722.97	472.30	451.30	4.7	16.3	10.00	0.00	REGULAR	2026-05-15 08:45:03.073
1071	7	7	350.22	50.03	34.34	4.43	19.86	28.57	0.00	REGULAR	2026-05-15 08:45:03.073
407	14	15	4182.53	278.84	239.20	4.33	11	0.00	33.33	REGULAR	2026-05-15 08:45:03.073
825	2	3	170.91	56.97	35.67	5	5.67	0.00	0.00	REGULAR	2026-05-15 08:45:03.073
1612	5	5	674.33	134.87	115.90	3.8	18.6	20.00	0.00	REGULAR	2026-05-15 08:45:03.073
2923	2	2	180.53	90.27	79.00	4.5	10.5	0.00	0.00	REGULAR	2026-05-15 08:45:03.073
1263	8	8	1393.11	174.14	154.75	4.5	13.25	12.50	25.00	REGULAR	2026-05-15 08:45:03.073
1595	8	8	1602.57	200.32	171.54	4.5	11.13	0.00	0.00	REGULAR	2026-05-15 08:45:03.073
2591	1	1	56.60	56.60	49.00	5	3	0.00	0.00	REGULAR	2026-05-15 08:45:03.073
1844	2	2	521.67	260.84	225.00	3	15	0.00	0.00	REGULAR	2026-05-15 08:45:03.073
1512	1	1	23.46	23.46	12.50	5	6	0.00	100.00	REGULAR	2026-05-15 08:45:03.073
2840	1	1	27.01	27.01	15.90	5	2	0.00	0.00	REGULAR	2026-05-15 08:45:03.073
2531	76	97	5085.82	52.43	39.74	4.12	8.35	0.00	7.22	REGULAR	2026-05-15 08:45:03.073
1904	2	2	1262.72	631.36	609.45	4.5	7	0.00	0.00	REGULAR	2026-05-15 08:45:03.073
576	18	20	1750.81	87.54	70.20	3.65	14.06	0.00	5.00	REGULAR	2026-05-15 08:45:03.073
29	1	3	117.87	39.29	23.50	5	16	0.00	0.00	REGULAR	2026-05-15 08:45:03.073
2199	5	5	354.89	70.98	59.70	4.8	7.4	0.00	0.00	REGULAR	2026-05-15 08:45:03.073
2236	2	2	353.26	176.63	154.90	5	8.5	0.00	0.00	REGULAR	2026-05-15 08:45:03.073
908	5	5	269.91	53.98	37.66	4.8	8.8	0.00	0.00	REGULAR	2026-05-15 08:45:03.073
2969	2	2	422.04	211.02	129.00	2	NULL	0.00	50.00	LOW_REVIEW	2026-05-15 08:45:03.073
2637	4	5	842.48	168.50	157.54	4.8	9.2	0.00	0.00	REGULAR	2026-05-15 08:45:03.073
2886	4	4	240.44	60.11	46.43	4.5	9.75	0.00	0.00	REGULAR	2026-05-15 08:45:03.073
2282	12	13	826.20	63.55	49.05	3.85	11.92	7.69	7.69	REGULAR	2026-05-15 08:45:03.073
3032	9	10	2222.91	222.29	201.08	4.7	7.4	0.00	10.00	REGULAR	2026-05-15 08:45:03.073
1950	1	1	46.01	46.01	29.90	3	9	0.00	0.00	REGULAR	2026-05-15 08:45:03.073
2090	41	44	5551.96	126.18	106.26	3.93	14.77	6.82	11.36	REGULAR	2026-05-15 08:45:03.073
2677	35	37	7701.18	208.14	190.32	3.81	18.73	16.22	2.70	REGULAR	2026-05-15 08:45:03.073
175	15	15	1746.90	116.46	103.47	4.4	5.87	0.00	13.33	REGULAR	2026-05-15 08:45:03.073
1011	1	1	106.55	106.55	93.56	5	13	0.00	0.00	REGULAR	2026-05-15 08:45:03.073
762	2	2	100.90	50.45	42.00	2	NULL	0.00	0.00	LOW_REVIEW	2026-05-15 08:45:03.073
2096	3	3	275.91	91.97	69.45	3	20.5	0.00	33.33	REGULAR	2026-05-15 08:45:03.073
2339	1	1	19.89	19.89	12.50	1	3	0.00	0.00	LOW_REVIEW	2026-05-15 08:45:03.073
1990	2	2	218.75	109.38	93.35	5	13.5	0.00	50.00	REGULAR	2026-05-15 08:45:03.073
1449	62	72	16479.51	228.88	209.00	3.82	16.13	13.89	0.00	REGULAR	2026-05-15 08:45:03.073
1111	7	8	886.37	110.80	95.52	2.75	23.13	37.50	12.50	LOW_REVIEW	2026-05-15 08:45:03.073
324	9	9	1049.57	116.62	92.71	4.89	12.67	0.00	22.22	REGULAR	2026-05-15 08:45:03.073
1652	16	16	8487.22	530.45	510.15	3	20.06	18.75	0.00	REGULAR	2026-05-15 08:45:03.073
2777	8	11	482.47	43.86	27.00	4.45	6.7	0.00	0.00	REGULAR	2026-05-15 08:45:03.073
2783	1	2	273.22	136.61	115.00	4	25	0.00	0.00	REGULAR	2026-05-15 08:45:03.073
716	5	5	3221.53	644.31	628.06	4.8	6.2	0.00	0.00	REGULAR	2026-05-15 08:45:03.073
221	74	85	6355.29	74.77	56.91	3.94	11.71	9.41	12.94	REGULAR	2026-05-15 08:45:03.073
470	32	32	4364.99	136.41	114.64	3.84	13.22	9.38	12.50	REGULAR	2026-05-15 08:45:03.073
1303	36	43	4955.92	115.25	97.65	3.86	12.79	9.30	11.63	REGULAR	2026-05-15 08:45:03.073
1798	8	13	487.65	37.51	24.77	2.77	6.69	0.00	0.00	LOW_REVIEW	2026-05-15 08:45:03.073
1549	4	4	237.80	59.45	48.50	3.75	5.5	0.00	0.00	REGULAR	2026-05-15 08:45:03.073
2631	1	1	205.65	205.65	168.10	5	21	0.00	0.00	REGULAR	2026-05-15 08:45:03.073
2385	1	2	680.96	340.48	198.90	5	7	0.00	0.00	REGULAR	2026-05-15 08:45:03.073
1698	82	91	8176.34	89.85	71.73	4.26	7.99	6.59	3.30	REGULAR	2026-05-15 08:45:03.073
1157	5	6	201.04	33.51	22.47	4.5	4.17	0.00	33.33	REGULAR	2026-05-15 08:45:03.073
1944	3	3	9779.46	3259.82	3133.32	4.67	8	0.00	0.00	REGULAR	2026-05-15 08:45:03.073
75	2	2	157.08	78.54	66.61	5	5.5	0.00	0.00	REGULAR	2026-05-15 08:45:03.073
1403	1	1	68.55	68.55	54.00	5	16	0.00	0.00	REGULAR	2026-05-15 08:45:03.073
3026	7	7	1953.41	279.06	255.57	4.14	11.57	14.29	14.29	REGULAR	2026-05-15 08:45:03.073
2485	2	2	508.63	254.32	210.00	4	14	0.00	0.00	REGULAR	2026-05-15 08:45:03.073
616	5	5	7168.41	1433.68	1357.50	4.4	11.4	0.00	0.00	REGULAR	2026-05-15 08:45:03.073
862	1	3	102.30	34.10	19.00	5	11	0.00	100.00	REGULAR	2026-05-15 08:45:03.073
2929	8	8	574.84	71.86	54.99	4	17.75	25.00	0.00	REGULAR	2026-05-15 08:45:03.073
842	1	1	105.45	105.45	87.90	5	7	0.00	0.00	REGULAR	2026-05-15 08:45:03.073
1340	1	1	96.33	96.33	75.00	4	12	0.00	0.00	REGULAR	2026-05-15 08:45:03.073
344	2	2	71.18	35.59	18.25	3.5	7.5	0.00	0.00	REGULAR	2026-05-15 08:45:03.073
1695	132	180	8792.04	48.84	35.72	3.73	9.09	5.56	10.00	REGULAR	2026-05-15 08:45:03.073
1363	3	3	7939.25	2646.42	2338.08	4.33	8.67	0.00	0.00	REGULAR	2026-05-15 08:45:03.073
1861	12	12	1606.63	133.89	114.04	4.75	7.58	8.33	0.00	REGULAR	2026-05-15 08:45:03.073
201	38	47	1514.89	32.23	17.90	4.3	12.15	4.26	10.64	REGULAR	2026-05-15 08:45:03.073
865	11	11	779.14	70.83	50.52	2.64	11.78	0.00	0.00	LOW_REVIEW	2026-05-15 08:45:03.073
699	1	1	335.09	335.09	315.00	5	9	0.00	0.00	REGULAR	2026-05-15 08:45:03.073
1197	1	1	767.69	767.69	750.00	1	12	0.00	0.00	LOW_REVIEW	2026-05-15 08:45:03.073
2408	1	1	72.52	72.52	54.86	5	21	0.00	0.00	REGULAR	2026-05-15 08:45:03.073
2906	1	1	39.09	39.09	21.90	4	24	0.00	0.00	REGULAR	2026-05-15 08:45:03.073
1054	170	184	11203.24	60.89	42.94	3.79	11.25	7.07	3.26	REGULAR	2026-05-15 08:45:03.073
2551	17	21	3373.13	160.63	126.59	4.52	8.81	4.76	0.00	REGULAR	2026-05-15 08:45:03.073
1718	9	9	808.03	89.78	74.74	3.89	6.13	0.00	0.00	REGULAR	2026-05-15 08:45:03.073
1887	2	2	115.34	57.67	42.57	2.5	NULL	0.00	0.00	LOW_REVIEW	2026-05-15 08:45:03.073
1555	5	5	1171.96	234.39	207.52	4.2	7.6	0.00	0.00	REGULAR	2026-05-15 08:45:03.073
722	8	8	2634.83	329.35	313.03	4.75	8.5	0.00	0.00	REGULAR	2026-05-15 08:45:03.073
2714	1	1	129.86	129.86	109.90	5	9	0.00	0.00	REGULAR	2026-05-15 08:45:03.073
2073	44	51	6051.92	118.67	93.81	4.24	13.72	3.92	7.84	REGULAR	2026-05-15 08:45:03.073
2528	17	17	2641.44	155.38	142.11	4.53	8.29	5.88	0.00	REGULAR	2026-05-15 08:45:03.073
2737	3	3	7114.69	2371.56	2299.30	2.67	19	0.00	0.00	LOW_REVIEW	2026-05-15 08:45:03.073
3069	11	11	1787.94	162.54	140.81	4	12.3	9.09	0.00	REGULAR	2026-05-15 08:45:03.073
2196	14	14	1710.37	122.17	106.03	4.36	11	7.14	7.14	REGULAR	2026-05-15 08:45:03.073
1532	1	2	77.64	38.82	30.00	3	16	100.00	0.00	DELAY_RISK	2026-05-15 08:45:03.073
487	2	2	149.61	74.81	57.00	5	7	0.00	0.00	REGULAR	2026-05-15 08:45:03.073
181	4	4	481.38	120.35	92.45	3.75	14.25	25.00	0.00	REGULAR	2026-05-15 08:45:03.073
2594	15	15	1128.83	75.26	50.16	4.6	8.8	0.00	0.00	REGULAR	2026-05-15 08:45:03.073
2428	30	33	2442.74	74.02	56.18	3.76	16.64	12.12	0.00	REGULAR	2026-05-15 08:45:03.073
3092	17	19	2702.24	142.22	105.38	4.42	10.26	0.00	10.53	REGULAR	2026-05-15 08:45:03.073
2173	3	3	403.73	134.58	120.65	5	3.33	33.33	0.00	DELAY_RISK	2026-05-15 08:45:03.073
9	1	1	137.10	137.10	86.00	5	7	0.00	0.00	REGULAR	2026-05-15 08:45:03.073
15	3	3	137.48	45.83	30.08	5	6	0.00	33.33	REGULAR	2026-05-15 08:45:03.073
679	1	1	161.37	161.37	145.90	5	7	0.00	0.00	REGULAR	2026-05-15 08:45:03.073
1930	1	1	27.02	27.02	12.50	4	8	0.00	0.00	REGULAR	2026-05-15 08:45:03.073
158	182	220	21455.83	97.53	78.86	4	12.63	5.00	6.36	REGULAR	2026-05-15 08:45:03.073
656	9	11	809.41	73.58	41.55	3.64	21.5	0.00	27.27	REGULAR	2026-05-15 08:45:03.073
1320	4	5	628.72	125.74	107.76	5	7.6	0.00	0.00	REGULAR	2026-05-15 08:45:03.073
822	1	2	125.00	62.50	47.40	2	12	0.00	0.00	LOW_REVIEW	2026-05-15 08:45:03.073
556	2	2	183.94	91.97	79.90	1.5	9.5	0.00	0.00	LOW_REVIEW	2026-05-15 08:45:03.073
2053	3	4	154.26	38.57	29.50	4.5	6.75	0.00	0.00	REGULAR	2026-05-15 08:45:03.073
799	23	23	1655.97	72.00	58.87	4.65	9.22	0.00	8.70	REGULAR	2026-05-15 08:45:03.073
2720	1	1	76.51	76.51	49.90	1	NULL	0.00	0.00	LOW_REVIEW	2026-05-15 08:45:03.073
1881	5	5	436.65	87.33	62.90	4.4	9	0.00	20.00	REGULAR	2026-05-15 08:45:03.073
1220	5	7	242.31	34.62	19.93	4.43	16.57	0.00	0.00	REGULAR	2026-05-15 08:45:03.073
1389	1	1	156.16	156.16	139.00	4	7	0.00	0.00	REGULAR	2026-05-15 08:45:03.073
530	6	7	1382.68	197.53	173.99	4.57	8.29	0.00	14.29	REGULAR	2026-05-15 08:45:03.073
2571	1	1	87.29	87.29	72.90	3	19	0.00	0.00	REGULAR	2026-05-15 08:45:03.073
2694	2	2	105.64	52.82	42.00	4.5	5.5	0.00	0.00	REGULAR	2026-05-15 08:45:03.073
2030	2	4	2027.40	506.85	429.00	5	18.5	0.00	0.00	REGULAR	2026-05-15 08:45:03.073
3006	655	712	61377.04	86.20	68.89	4.2	9.95	5.90	4.63	HIGH_PERFORMER	2026-05-15 08:45:03.073
848	3	3	230.80	76.93	60.90	4.67	14	0.00	0.00	REGULAR	2026-05-15 08:45:03.073
2259	12	16	651.77	40.74	28.11	4.81	8.5	12.50	37.50	REGULAR	2026-05-15 08:45:03.073
2010	1	1	121.62	121.62	100.86	3	29	0.00	0.00	REGULAR	2026-05-15 08:45:03.073
2508	15	24	640.03	26.67	15.21	4.67	7.59	4.17	0.00	REGULAR	2026-05-15 08:45:03.073
1761	1	1	98.42	98.42	59.90	5	8	0.00	0.00	REGULAR	2026-05-15 08:45:03.073
2757	2	2	484.34	242.17	228.00	4.5	6.5	0.00	50.00	REGULAR	2026-05-15 08:45:03.073
1867	36	36	5188.33	144.12	113.56	3.72	16.72	8.33	2.78	REGULAR	2026-05-15 08:45:03.073
2863	15	19	1601.35	84.28	70.45	2.21	35.13	21.05	0.00	LOW_REVIEW	2026-05-15 08:45:03.073
2365	12	12	17057.28	1421.44	1399.00	4.25	10.92	8.33	0.00	REGULAR	2026-05-15 08:45:03.073
2402	10	15	1001.32	66.75	40.50	2.6	13.6	6.67	0.00	LOW_REVIEW	2026-05-15 08:45:03.073
742	1	1	69.01	69.01	59.90	5	4	0.00	0.00	REGULAR	2026-05-15 08:45:03.073
244	2	2	330.06	165.03	122.00	2.5	14	0.00	0.00	LOW_REVIEW	2026-05-15 08:45:03.073
1240	1	1	25.46	25.46	14.50	1	NULL	0.00	0.00	LOW_REVIEW	2026-05-15 08:45:03.073
301	25	25	2225.38	89.02	69.35	3.88	14.56	12.00	4.00	REGULAR	2026-05-15 08:45:03.073
636	2	2	606.45	303.23	279.45	4.5	9	0.00	0.00	REGULAR	2026-05-15 08:45:03.073
550	1	1	65.93	65.93	48.00	2	11	0.00	0.00	LOW_REVIEW	2026-05-15 08:45:03.073
1632	1	1	30.66	30.66	19.70	1	NULL	0.00	0.00	LOW_REVIEW	2026-05-15 08:45:03.073
1383	1	2	277.68	138.84	119.90	5	7	0.00	0.00	REGULAR	2026-05-15 08:45:03.073
387	1	1	68.04	68.04	29.90	2	NULL	0.00	100.00	LOW_REVIEW	2026-05-15 08:45:03.073
2651	136	145	5373.50	37.06	22.79	4.12	10.6	3.45	9.66	REGULAR	2026-05-15 08:45:03.073
1028	5	5	7579.55	1515.91	1350.00	3.2	17	0.00	0.00	REGULAR	2026-05-15 08:45:03.073
1618	3	3	529.47	176.49	162.33	5	4	0.00	33.33	REGULAR	2026-05-15 08:45:03.073
991	5	5	347.48	69.50	53.06	4.8	10.4	20.00	0.00	REGULAR	2026-05-15 08:45:03.073
2700	1	1	55.95	55.95	39.90	1	190	100.00	0.00	LOW_REVIEW	2026-05-15 08:45:03.073
1569	5	5	353.01	70.60	50.40	4	7.8	0.00	0.00	REGULAR	2026-05-15 08:45:03.073
2614	6	19	1030.18	54.22	32.83	3	7.11	0.00	26.32	REGULAR	2026-05-15 08:45:03.073
1426	2	2	149.30	74.65	38.75	4	17	0.00	0.00	REGULAR	2026-05-15 08:45:03.073
1177	10	11	836.83	76.08	60.54	4.45	10	0.00	9.09	REGULAR	2026-05-15 08:45:03.073
1924	2	2	198.82	99.41	90.00	5	6.5	50.00	0.00	DELAY_RISK	2026-05-15 08:45:03.073
1675	1	1	199.36	199.36	180.00	4	7	0.00	0.00	REGULAR	2026-05-15 08:45:03.073
785	193	228	20961.90	91.94	74.82	4.13	12.49	5.70	9.21	REGULAR	2026-05-15 08:45:03.073
2949	14	14	1469.94	105.00	89.00	4.21	8.21	7.14	0.00	REGULAR	2026-05-15 08:45:03.073
1824	2	2	155.58	77.79	62.85	3	21	0.00	0.00	REGULAR	2026-05-15 08:45:03.073
1326	2	4	63.05	15.76	6.25	5	3.5	0.00	0.00	REGULAR	2026-05-15 08:45:03.073
1283	1	1	182.45	182.45	169.76	5	20	0.00	0.00	REGULAR	2026-05-15 08:45:03.073
1134	98	100	34637.66	346.38	328.62	4.09	10.85	3.00	2.00	REGULAR	2026-05-15 08:45:03.073
52	51	51	10551.06	206.88	181.66	4.1	18.42	13.73	15.69	REGULAR	2026-05-15 08:45:03.073
2216	9	9	637.75	70.86	57.27	3.44	15.11	33.33	11.11	DELAY_RISK	2026-05-15 08:45:03.073
3049	1	1	111.02	111.02	89.90	1	NULL	0.00	0.00	LOW_REVIEW	2026-05-15 08:45:03.073
1967	2	2	1238.90	619.45	597.00	5	23	50.00	50.00	DELAY_RISK	2026-05-15 08:45:03.073
885	4	4	612.39	153.10	128.00	4	6.75	0.00	0.00	REGULAR	2026-05-15 08:45:03.073
2657	395	418	40624.95	97.19	78.53	4.21	11.4	2.15	3.83	REGULAR	2026-05-15 08:45:03.073
493	52	55	3631.40	66.03	51.69	2.95	27.22	27.27	7.27	LOW_REVIEW	2026-05-15 08:45:03.073
1034	197	201	20350.70	101.25	84.63	4.31	11.44	9.95	8.96	REGULAR	2026-05-15 08:45:03.073
1575	4	4	356.96	89.24	74.90	3	7	0.00	0.00	REGULAR	2026-05-15 08:45:03.073
2116	1	1	207.25	207.25	189.00	5	15	0.00	0.00	REGULAR	2026-05-15 08:45:03.073
3012	5	5	225.61	45.12	34.97	4.6	8.4	20.00	0.00	REGULAR	2026-05-15 08:45:03.073
427	23	27	3794.87	140.55	95.56	3.81	15.22	14.81	37.04	REGULAR	2026-05-15 08:45:03.073
759	7	7	1442.09	206.01	188.99	4.57	16.29	0.00	14.29	REGULAR	2026-05-15 08:45:03.073
95	1	1	135.49	135.49	119.90	3.5	6	0.00	100.00	REGULAR	2026-05-15 08:45:03.073
1423	2	2	1281.23	640.62	626.22	5	2	0.00	50.00	REGULAR	2026-05-15 08:45:03.073
404	25	31	4647.78	149.93	131.56	4.29	11.13	3.23	3.23	REGULAR	2026-05-15 08:45:03.073
72	60	63	15788.30	250.61	218.56	4.1	12.15	14.29	1.59	REGULAR	2026-05-15 08:45:03.073
805	117	125	15250.85	122.01	104.88	3.74	16.89	15.20	4.00	REGULAR	2026-05-15 08:45:03.073
2133	24	24	7549.55	314.56	258.45	2.79	18.37	25.00	0.00	LOW_REVIEW	2026-05-15 08:45:03.073
473	8	8	452.27	56.53	43.66	4.13	12.88	12.50	0.00	REGULAR	2026-05-15 08:45:03.073
1137	32	35	3673.17	104.95	90.26	4.11	10.94	8.57	2.86	REGULAR	2026-05-15 08:45:03.073
2797	17	18	4979.49	276.64	248.11	3.61	30.94	11.11	5.56	REGULAR	2026-05-15 08:45:03.073
1801	2	3	438.85	146.28	127.13	2.33	24	0.00	0.00	LOW_REVIEW	2026-05-15 08:45:03.073
2465	2	2	507.43	253.72	230.00	4.5	22.5	0.00	0.00	REGULAR	2026-05-15 08:45:03.073
1469	4	6	348.98	58.16	40.57	4	12.83	0.00	0.00	REGULAR	2026-05-15 08:45:03.073
1114	34	36	5839.14	162.20	143.71	3.42	12.69	8.33	2.78	REGULAR	2026-05-15 08:45:03.073
2110	21	21	1873.13	89.20	66.93	3.76	7.95	4.76	0.00	REGULAR	2026-05-15 08:45:03.073
1778	3	5	1342.95	268.59	259.91	1	NULL	0.00	0.00	LOW_REVIEW	2026-05-15 08:45:03.073
1446	3	3	277.32	92.44	76.13	5	5.67	0.00	0.00	REGULAR	2026-05-15 08:45:03.073
450	1	1	546.55	546.55	495.00	5	7	0.00	0.00	REGULAR	2026-05-15 08:45:03.073
782	1	1	40.38	40.38	32.99	5	5	0.00	0.00	REGULAR	2026-05-15 08:45:03.073
118	1	2	70.02	35.01	19.45	5	19	0.00	0.00	REGULAR	2026-05-15 08:45:03.073
258	396	404	30954.11	76.62	63.24	4	9.2	10.89	3.22	REGULAR	2026-05-15 08:45:03.073
1592	28	44	6119.55	139.08	122.97	3.68	10.98	2.27	0.00	REGULAR	2026-05-15 08:45:03.073
2256	36	41	6760.44	164.89	146.38	3.8	9.15	0.00	0.00	REGULAR	2026-05-15 08:45:03.073
2843	9	11	6811.42	619.22	566.36	4.64	8.64	9.09	0.00	REGULAR	2026-05-15 08:45:03.073
928	44	54	3964.73	73.42	56.04	4.44	9.19	0.00	9.26	REGULAR	2026-05-15 08:45:03.073
264	2	2	109.00	54.50	39.40	5	14	0.00	0.00	REGULAR	2026-05-15 08:45:03.073
2179	3	3	471.61	157.20	120.00	2.67	16.67	33.33	33.33	LOW_REVIEW	2026-05-15 08:45:03.073
281	253	266	61369.73	230.71	211.16	4.11	14.05	7.89	3.38	HIGH_PERFORMER	2026-05-15 08:45:03.073
1615	44	50	6094.03	121.88	102.60	3.3	18.42	30.00	2.00	DELAY_RISK	2026-05-15 08:45:03.073
945	80	87	11590.17	133.22	100.92	4.08	12.16	4.60	6.90	REGULAR	2026-05-15 08:45:03.073
2156	21	21	8051.34	383.40	347.09	4.52	13.14	0.00	4.76	REGULAR	2026-05-15 08:45:03.073
951	7	7	1273.63	181.95	163.29	4.29	6	0.00	0.00	REGULAR	2026-05-15 08:45:03.073
2820	1	1	222.10	222.10	199.00	5	7	0.00	0.00	REGULAR	2026-05-15 08:45:03.073
2279	4	4	205.19	51.30	37.65	4.5	5.75	0.00	0.00	REGULAR	2026-05-15 08:45:03.073
1492	1	1	364.64	364.64	343.00	4	26	0.00	0.00	REGULAR	2026-05-15 08:45:03.073
2943	2	2	225.65	112.83	97.59	2.5	7	0.00	0.00	LOW_REVIEW	2026-05-15 08:45:03.073
1638	310	325	39884.82	122.72	98.89	3.65	16.12	13.23	6.46	REGULAR	2026-05-15 08:45:03.073
2471	16	19	3689.21	194.17	154.46	2.42	20.83	10.53	10.53	LOW_REVIEW	2026-05-15 08:45:03.073
2966	1	2	609.50	304.75	289.00	1	25	100.00	0.00	LOW_REVIEW	2026-05-15 08:45:03.073
2302	2	2	53.48	26.74	16.90	3	14	0.00	0.00	REGULAR	2026-05-15 08:45:03.073
2866	4	4	3686.68	921.67	867.50	4	7.5	0.00	25.00	REGULAR	2026-05-15 08:45:03.073
1784	25	32	746.51	23.33	11.54	4.34	10.44	0.00	6.25	REGULAR	2026-05-15 08:45:03.073
2448	44	52	3885.90	74.73	57.64	4.02	9	7.69	1.92	REGULAR	2026-05-15 08:45:03.073
2325	3	3	520.84	173.61	144.31	2.67	5	0.00	0.00	LOW_REVIEW	2026-05-15 08:45:03.073
2989	2	2	430.08	215.04	189.90	4.5	10	50.00	0.00	DELAY_RISK	2026-05-15 08:45:03.073
1014	358	410	235856.68	575.26	543.36	4.06	13.29	3.90	10.00	TOP_SELLER	2026-05-15 08:45:03.073
1097	125	127	23586.15	185.72	169.75	4.17	12.06	6.30	2.36	REGULAR	2026-05-15 08:45:03.073
2425	9	14	4881.93	348.71	323.02	3.93	11.5	0.00	0.00	REGULAR	2026-05-15 08:45:03.073
2093	44	44	9279.26	210.89	156.81	3.07	25.42	27.27	6.82	REGULAR	2026-05-15 08:45:03.073
2342	1	2	68.20	34.10	20.00	1	NULL	0.00	0.00	LOW_REVIEW	2026-05-15 08:45:03.073
2674	4	4	1962.41	490.60	437.00	4.25	14.25	50.00	25.00	DELAY_RISK	2026-05-15 08:45:03.073
1346	1	1	235.28	235.28	219.00	1	NULL	0.00	0.00	LOW_REVIEW	2026-05-15 08:45:03.073
2734	67	73	8608.16	117.92	98.53	4.38	10	5.48	8.22	REGULAR	2026-05-15 08:45:03.073
78	62	72	6226.61	86.48	65.66	3.76	10.86	15.28	6.94	REGULAR	2026-05-15 08:45:03.073
1406	13	13	2664.41	204.95	164.37	4.77	7.77	7.69	0.00	REGULAR	2026-05-15 08:45:03.073
3029	11	11	2635.68	239.61	223.63	2.36	30.2	18.18	0.00	LOW_REVIEW	2026-05-15 08:45:03.073
410	5	5	769.44	153.89	107.94	5	11	0.00	0.00	REGULAR	2026-05-15 08:45:03.073
1701	8	9	1396.94	155.22	139.56	4.78	9.11	11.11	0.00	REGULAR	2026-05-15 08:45:03.073
1738	1	2	134.48	67.24	44.99	5	11	0.00	0.00	REGULAR	2026-05-15 08:45:03.073
2033	1	2	170.96	85.48	71.40	4	8	0.00	0.00	REGULAR	2026-05-15 08:45:03.073
1300	76	86	7526.88	87.52	70.24	4	11.08	3.49	15.12	REGULAR	2026-05-15 08:45:03.073
1051	22	22	3420.45	155.48	136.99	3.77	6.68	9.09	9.09	REGULAR	2026-05-15 08:45:03.073
218	4	4	366.01	91.50	78.74	4.25	13.25	50.00	0.00	DELAY_RISK	2026-05-15 08:45:03.073
968	1	1	282.47	282.47	179.90	5	9	0.00	0.00	REGULAR	2026-05-15 08:45:03.073
719	1	1	113.90	113.90	105.00	5	7	0.00	0.00	REGULAR	2026-05-15 08:45:03.073
659	46	49	4966.62	101.36	83.61	4.27	8.9	10.20	2.04	REGULAR	2026-05-15 08:45:03.073
327	21	22	2839.42	129.06	111.88	4.55	7.45	9.09	0.00	REGULAR	2026-05-15 08:45:03.073
573	7	9	483.63	53.74	39.93	4.44	7	0.00	0.00	REGULAR	2026-05-15 08:45:03.073
32	12	16	1643.76	102.74	89.86	4.44	8.6	0.00	31.25	REGULAR	2026-05-15 08:45:03.073
1987	24	26	2232.63	85.87	70.91	4.04	12.84	11.54	3.85	REGULAR	2026-05-15 08:45:03.073
905	25	38	9019.31	237.35	210.49	4.18	8.11	2.63	23.68	REGULAR	2026-05-15 08:45:03.073
1655	6	6	451.32	75.22	54.54	5	8.67	0.00	0.00	REGULAR	2026-05-15 08:45:03.073
364	5	5	446.82	89.36	71.94	3.8	7.4	0.00	0.00	REGULAR	2026-05-15 08:45:03.073
1841	84	94	6078.91	64.67	52.12	4.05	7.88	3.19	8.51	REGULAR	2026-05-15 08:45:03.073
1260	10	10	998.80	99.88	82.90	4.4	13	0.00	30.00	REGULAR	2026-05-15 08:45:03.073
513	4	4	144.75	36.19	21.35	4.25	16.75	25.00	0.00	REGULAR	2026-05-15 08:45:03.073
2926	1	1	34.59	34.59	26.30	5	7	0.00	0.00	REGULAR	2026-05-15 08:45:03.073
1154	325	346	125816.92	363.63	324.15	3.95	11.33	5.78	4.91	HIGH_PERFORMER	2026-05-15 08:45:03.073
1947	8	8	606.93	75.87	64.31	4.75	3.88	0.00	0.00	REGULAR	2026-05-15 08:45:03.073
613	14	15	1079.34	71.96	46.33	4.73	8.2	0.00	0.00	REGULAR	2026-05-15 08:45:03.073
2488	12	12	12785.73	1065.48	921.83	4.33	16.58	16.67	0.00	REGULAR	2026-05-15 08:45:03.073
619	5	6	993.15	165.53	137.20	3	7.67	0.00	0.00	REGULAR	2026-05-15 08:45:03.073
1160	1	1	467.61	467.61	445.90	5	7	0.00	0.00	REGULAR	2026-05-15 08:45:03.073
2388	7	8	1139.93	142.49	129.00	4.88	6.13	0.00	0.00	REGULAR	2026-05-15 08:45:03.073
2634	6	8	421.25	52.66	26.25	3.5	9.67	0.00	0.00	REGULAR	2026-05-15 08:45:03.073
2880	1	1	244.02	244.02	219.90	4	21	100.00	0.00	DELAY_RISK	2026-05-15 08:45:03.073
467	1	1	118.59	118.59	105.19	4	14	100.00	100.00	DELAY_RISK	2026-05-15 08:45:03.073
1552	1	1	949.62	949.62	899.00	5	12	0.00	0.00	REGULAR	2026-05-15 08:45:03.073
2780	62	71	6375.47	89.80	75.22	3.56	14.69	15.49	12.68	REGULAR	2026-05-15 08:45:03.073
321	19	19	2195.61	115.56	100.78	3.37	14.93	5.26	10.53	REGULAR	2026-05-15 08:45:03.073
2239	5	5	280.00	56.00	41.30	4.6	13	20.00	0.00	REGULAR	2026-05-15 08:45:03.073
3095	20	20	1770.86	88.54	71.32	2.1	12.75	0.00	5.00	LOW_REVIEW	2026-05-15 08:45:03.073
178	43	43	2829.25	65.80	49.80	4.3	15.93	13.95	6.98	REGULAR	2026-05-15 08:45:03.073
676	5	5	8622.37	1724.47	1635.40	4.4	16.2	40.00	0.00	DELAY_RISK	2026-05-15 08:45:03.073
1174	3	3	628.59	209.53	186.67	5	7.67	0.00	66.67	REGULAR	2026-05-15 08:45:03.073
510	5	6	363.28	60.55	50.17	3.17	6.83	0.00	0.00	REGULAR	2026-05-15 08:45:03.073
12	2	2	1447.95	723.98	708.00	4.5	9	0.00	0.00	REGULAR	2026-05-15 08:45:03.073
1008	1	1	222.13	222.13	199.00	2	16	0.00	100.00	LOW_REVIEW	2026-05-15 08:45:03.073
367	27	29	16562.87	571.13	553.13	4.31	13.97	10.34	0.00	REGULAR	2026-05-15 08:45:03.073
35	21	24	5742.40	239.27	219.34	4.54	10.79	0.00	29.17	REGULAR	2026-05-15 08:45:03.073
2574	15	15	866.12	57.74	45.55	4.8	7.4	0.00	0.00	REGULAR	2026-05-15 08:45:03.073
2740	3	4	139.74	34.94	24.31	2.5	NULL	0.00	0.00	LOW_REVIEW	2026-05-15 08:45:03.073
1529	14	14	647.75	46.27	30.26	4	16.36	7.14	7.14	REGULAR	2026-05-15 08:45:03.073
533	3	3	377.39	125.80	105.90	3.67	9.67	0.00	0.00	REGULAR	2026-05-15 08:45:03.073
2027	3	3	140.29	46.76	35.32	5	8.33	0.00	0.00	REGULAR	2026-05-15 08:45:03.073
2242	1	1	34.42	34.42	19.90	5	9	0.00	0.00	REGULAR	2026-05-15 08:45:03.073
3072	1	1	93.54	93.54	69.90	4	5	0.00	0.00	REGULAR	2026-05-15 08:45:03.073
2193	1	1	87.82	87.82	69.90	1	NULL	0.00	0.00	LOW_REVIEW	2026-05-15 08:45:03.073
1386	134	140	27384.21	195.60	168.21	3.36	14.37	4.29	7.14	REGULAR	2026-05-15 08:45:03.073
2219	45	47	15621.16	332.37	291.19	4.26	11.77	2.13	10.64	REGULAR	2026-05-15 08:45:03.073
390	7	7	531.38	75.91	58.20	4.29	8.14	14.29	0.00	REGULAR	2026-05-15 08:45:03.073
2382	9	9	4658.39	517.60	482.93	3.78	16.56	11.11	22.22	REGULAR	2026-05-15 08:45:03.073
2050	1	1	312.02	312.02	285.00	5	13	0.00	0.00	REGULAR	2026-05-15 08:45:03.073
2883	1	1	186.42	186.42	164.99	3	9	0.00	0.00	REGULAR	2026-05-15 08:45:03.073
2405	255	331	39566.81	119.54	108.10	4.28	7.49	8.16	9.67	REGULAR	2026-05-15 08:45:03.073
1200	5	5	421.88	84.38	68.52	2.4	28.25	60.00	0.00	LOW_REVIEW	2026-05-15 08:45:03.073
155	6	6	436.99	72.83	61.87	3.67	8.5	0.00	0.00	REGULAR	2026-05-15 08:45:03.073
1864	2	2	211.67	105.84	79.00	5	8	0.00	0.00	REGULAR	2026-05-15 08:45:03.073
1409	10	11	2187.46	198.86	164.23	4.09	10.09	9.09	0.00	REGULAR	2026-05-15 08:45:03.073
2860	2	8	357.96	44.75	29.90	5	13.75	75.00	0.00	DELAY_RISK	2026-05-15 08:45:03.073
868	2	2	2873.81	1436.91	1420.00	3	7	0.00	0.00	REGULAR	2026-05-15 08:45:03.073
1741	3	3	290.89	96.96	72.00	4.33	12	0.00	0.00	REGULAR	2026-05-15 08:45:03.073
1343	7	10	701.25	70.13	55.05	4.4	11.9	10.00	10.00	REGULAR	2026-05-15 08:45:03.073
1509	5	5	1099.59	219.92	196.78	4.6	13	0.00	0.00	REGULAR	2026-05-15 08:45:03.073
845	5	5	348.45	69.69	50.08	4.4	16.8	20.00	0.00	REGULAR	2026-05-15 08:45:03.073
2007	1	1	233.38	233.38	214.08	1	6	0.00	0.00	LOW_REVIEW	2026-05-15 08:45:03.073
1486	2	2	212.57	106.29	95.90	4.25	6.5	0.00	50.00	REGULAR	2026-05-15 08:45:03.073
553	125	135	16436.65	121.75	101.12	4.02	12.05	12.59	5.19	REGULAR	2026-05-15 08:45:03.073
2548	39	39	31954.84	819.35	748.85	4.41	11.21	2.56	0.00	REGULAR	2026-05-15 08:45:03.073
135	8	8	1579.66	197.46	178.49	3.88	18.5	25.00	0.00	REGULAR	2026-05-15 08:45:03.073
1217	17	26	913.87	35.15	23.01	4.62	8.41	0.00	11.54	REGULAR	2026-05-15 08:45:03.073
2717	1	2	51.54	25.77	18.38	4	NULL	0.00	0.00	REGULAR	2026-05-15 08:45:03.073
1884	1	1	373.82	373.82	354.90	5	19	0.00	0.00	REGULAR	2026-05-15 08:45:03.073
1366	127	156	10860.05	69.62	49.85	4.25	14.08	3.85	3.21	REGULAR	2026-05-15 08:45:03.073
702	40	47	7709.53	164.03	147.68	4.04	10.89	0.00	6.38	REGULAR	2026-05-15 08:45:03.073
653	272	281	61433.88	218.63	196.98	4.26	10.53	2.49	9.61	HIGH_PERFORMER	2026-05-15 08:45:03.073
112	4	6	4195.46	699.24	516.50	2.5	29.5	66.67	16.67	LOW_REVIEW	2026-05-15 08:45:03.073
1907	10	12	1121.02	93.42	72.65	4.42	7.42	0.00	8.33	REGULAR	2026-05-15 08:45:03.073
1243	3	9	384.12	42.68	29.63	4.11	11.33	0.00	44.44	REGULAR	2026-05-15 08:45:03.073
3089	10	15	1090.83	72.72	58.95	4.87	8.33	0.00	13.33	REGULAR	2026-05-15 08:45:03.073
1927	72	81	19282.41	238.05	216.79	4.53	14.98	6.17	9.88	REGULAR	2026-05-15 08:45:03.073
2176	11	12	1385.67	115.47	91.23	4.17	22.58	16.67	8.33	REGULAR	2026-05-15 08:45:03.073
1678	91	97	5411.12	55.78	42.81	3.7	13.18	15.46	7.22	REGULAR	2026-05-15 08:45:03.073
1429	2	2	444.99	222.50	199.00	5	8	0.00	0.00	REGULAR	2026-05-15 08:45:03.073
931	1	1	199.84	199.84	175.00	5	7	0.00	0.00	REGULAR	2026-05-15 08:45:03.073
1180	2	4	1098.33	274.58	247.44	5	8.25	0.00	100.00	REGULAR	2026-05-15 08:45:03.073
2070	81	90	15246.62	169.41	156.01	4.44	9.19	11.11	12.22	REGULAR	2026-05-15 08:45:03.073
1572	37	42	2573.64	61.28	48.70	4.55	8.02	2.38	0.00	REGULAR	2026-05-15 08:45:03.073
2697	5	5	387.68	77.54	62.10	4.2	7	0.00	40.00	REGULAR	2026-05-15 08:45:03.073
1074	2	2	458.24	229.12	159.00	4	15.5	0.00	0.00	REGULAR	2026-05-15 08:45:03.073
2568	1	1	62.11	62.11	39.90	2	13	0.00	0.00	LOW_REVIEW	2026-05-15 08:45:03.073
882	1790	1971	233986.83	118.71	101.07	3.75	14.43	10.86	9.23	HIGH_PERFORMER	2026-05-15 08:45:03.073
55	23	28	1811.27	64.69	48.29	3.79	11.58	10.71	14.29	REGULAR	2026-05-15 08:45:03.073
304	1	1	338.74	338.74	279.00	5	25	0.00	0.00	REGULAR	2026-05-15 08:45:03.073
633	4	4	299.89	74.97	52.00	2.5	9	0.00	0.00	LOW_REVIEW	2026-05-15 08:45:03.073
1715	7	13	845.34	65.03	45.89	1.69	23	30.77	15.38	LOW_REVIEW	2026-05-15 08:45:03.073
2554	1	1	61.94	61.94	54.30	4	4	0.00	0.00	REGULAR	2026-05-15 08:45:03.073
2319	7	7	1197.94	171.13	149.00	5	11.29	0.00	0.00	REGULAR	2026-05-15 08:45:03.073
241	27	37	2712.25	73.30	57.88	3.81	8.46	0.00	0.00	REGULAR	2026-05-15 08:45:03.073
696	30	32	7302.99	228.22	179.74	3.94	13.73	12.50	9.38	REGULAR	2026-05-15 08:45:03.073
1323	5	6	316.41	52.74	37.33	4.83	9.17	0.00	0.00	REGULAR	2026-05-15 08:45:03.073
2946	1	1	28.29	28.29	15.50	5	6	0.00	0.00	REGULAR	2026-05-15 08:45:03.073
1237	1	1	49.45	49.45	41.90	5	1	0.00	0.00	REGULAR	2026-05-15 08:45:03.073
2511	22	24	2709.41	112.89	100.68	4.17	6.75	4.17	16.67	REGULAR	2026-05-15 08:45:03.073
341	39	43	3354.58	78.01	58.68	3.7	13.67	9.30	18.60	REGULAR	2026-05-15 08:45:03.073
2760	2	2	870.21	435.11	390.00	5	10	0.00	0.00	REGULAR	2026-05-15 08:45:03.073
98	9	9	889.00	98.78	79.90	4.33	13.44	11.11	0.00	REGULAR	2026-05-15 08:45:03.073
347	12	12	789.92	65.83	51.07	4.5	15.25	8.33	0.00	REGULAR	2026-05-15 08:45:03.073
596	32	34	11000.27	323.54	243.29	4.44	11.32	8.82	5.88	REGULAR	2026-05-15 08:45:03.073
2262	1	1	105.34	105.34	70.00	5	3	0.00	0.00	REGULAR	2026-05-15 08:45:03.073
2013	4	6	544.53	90.76	69.23	2.17	13	0.00	0.00	LOW_REVIEW	2026-05-15 08:45:03.073
2113	16	17	3603.58	211.98	189.46	4.06	12.59	11.76	0.00	REGULAR	2026-05-15 08:45:03.073
988	6	6	427.05	71.18	58.62	4.33	12.83	0.00	0.00	REGULAR	2026-05-15 08:45:03.073
447	3	5	359.55	71.91	59.90	4.6	9.6	0.00	40.00	REGULAR	2026-05-15 08:45:03.073
490	1	2	105.57	52.79	24.49	5	7	0.00	0.00	REGULAR	2026-05-15 08:45:03.073
2654	1	1	120.78	120.78	109.00	5	4	0.00	0.00	REGULAR	2026-05-15 08:45:03.073
2611	1	1	169.01	169.01	149.00	5	12	0.00	0.00	REGULAR	2026-05-15 08:45:03.073
2803	57	58	53913.76	929.55	880.30	4.59	9.45	0.00	6.90	HIGH_PERFORMER	2026-05-15 08:45:03.073
888	1	1	105.28	105.28	89.90	5	13	0.00	0.00	REGULAR	2026-05-15 08:45:03.073
3052	15	26	5457.50	209.90	176.69	3.19	11	7.69	3.85	REGULAR	2026-05-15 08:45:03.073
1970	3	4	475.88	118.97	96.25	3	8.75	0.00	0.00	REGULAR	2026-05-15 08:45:03.073
1721	5	8	4301.77	537.72	414.02	1	48.8	50.00	12.50	LOW_REVIEW	2026-05-15 08:45:03.073
639	2	2	345.20	172.60	149.90	3	16	0.00	0.00	REGULAR	2026-05-15 08:45:03.073
739	54	100	6685.64	66.86	49.90	3.94	12.75	12.00	5.00	REGULAR	2026-05-15 08:45:03.073
2903	20	21	3812.10	181.53	156.16	4.57	11.86	4.76	9.52	REGULAR	2026-05-15 08:45:03.073
1280	11	12	1071.31	89.28	73.04	4.25	10.55	8.33	0.00	REGULAR	2026-05-15 08:45:03.073
198	7	14	2154.77	153.91	135.00	4.07	13.64	0.00	7.14	REGULAR	2026-05-15 08:45:03.073
2362	3	12	3611.44	300.95	284.99	4.67	13.55	0.00	0.00	REGULAR	2026-05-15 08:45:03.073
1821	2	2	818.33	409.17	392.45	3	9.5	0.00	0.00	REGULAR	2026-05-15 08:45:03.073
1850	12	13	1800.42	138.49	112.22	4.31	7.85	7.69	7.69	REGULAR	2026-05-15 08:45:03.073
1518	32	32	23272.78	727.27	706.27	4.25	11.03	9.38	0.00	REGULAR	2026-05-15 08:45:03.073
2182	6	7	1372.93	196.13	158.42	3.86	5.29	0.00	0.00	REGULAR	2026-05-15 08:45:03.073
2846	19	21	727.33	34.63	21.53	3.86	10.52	4.76	0.00	REGULAR	2026-05-15 08:45:03.073
522	8	8	590.44	73.81	58.20	3.13	13.57	25.00	0.00	REGULAR	2026-05-15 08:45:03.073
854	1	1	283.73	283.73	264.00	5	16	0.00	0.00	REGULAR	2026-05-15 08:45:03.073
2514	1	1	76.50	76.50	57.99	1	7	0.00	0.00	LOW_REVIEW	2026-05-15 08:45:03.073
1186	2	2	150.67	75.34	65.00	1	NULL	0.00	0.00	LOW_REVIEW	2026-05-15 08:45:03.073
1541	556	569	120396.68	211.59	196.78	3.97	15.69	11.95	3.34	HIGH_PERFORMER	2026-05-15 08:45:03.073
1873	44	66	4994.65	75.68	55.92	3.39	7	22.73	22.73	REGULAR	2026-05-15 08:45:03.073
2537	6	7	630.65	90.09	74.16	4.71	7.57	0.00	0.00	REGULAR	2026-05-15 08:45:03.073
2869	7	13	2690.64	206.97	186.28	4	22.27	0.00	0.00	REGULAR	2026-05-15 08:45:03.073
2205	2	2	1090.02	545.01	524.50	2	9	0.00	0.00	LOW_REVIEW	2026-05-15 08:45:03.073
1209	1	1	126.87	126.87	103.00	4	17	0.00	0.00	REGULAR	2026-05-15 08:45:03.073
476	7	7	333.18	47.60	35.00	4.29	7.17	0.00	0.00	REGULAR	2026-05-15 08:45:03.073
1140	36	38	3385.21	89.08	71.74	4.32	10.63	0.00	5.26	REGULAR	2026-05-15 08:45:03.073
144	1	15	783.00	52.20	51.00	5	15	0.00	0.00	REGULAR	2026-05-15 08:45:03.073
808	3	3	1288.41	429.47	383.67	2.33	7	0.00	0.00	LOW_REVIEW	2026-05-15 08:45:03.073
167	156	188	23102.53	122.89	95.76	3.91	11.25	10.11	2.13	REGULAR	2026-05-15 08:45:03.073
499	30	30	2265.28	75.51	54.43	3.8	14.43	6.67	0.00	REGULAR	2026-05-15 08:45:03.073
1827	22	24	10615.33	442.31	358.59	4.04	13.26	4.17	0.00	REGULAR	2026-05-15 08:45:03.073
1495	5	7	597.34	85.33	64.71	5	8.57	0.00	28.57	REGULAR	2026-05-15 08:45:03.073
1163	2	2	274.86	137.43	119.99	4.5	10	0.00	0.00	REGULAR	2026-05-15 08:45:03.073
831	1	1	42.05	42.05	19.99	3	12	0.00	0.00	REGULAR	2026-05-15 08:45:03.073
353	262	325	12953.63	39.86	26.96	4.05	8.29	4.92	10.46	REGULAR	2026-05-15 08:45:03.073
2351	121	122	15473.63	126.83	107.31	3.81	12.81	13.93	2.46	REGULAR	2026-05-15 08:45:03.073
1681	315	427	29758.43	69.69	53.72	3.37	14.79	11.71	7.26	REGULAR	2026-05-15 08:45:03.073
1017	71	111	12393.23	111.65	90.10	3.55	11.3	9.01	8.11	REGULAR	2026-05-15 08:45:03.073
3015	1	1	137.39	137.39	125.90	4	NULL	0.00	0.00	REGULAR	2026-05-15 08:45:03.073
1687	2	5	235.25	47.05	33.40	3.4	13.8	0.00	0.00	REGULAR	2026-05-15 08:45:03.073
330	141	170	27657.30	162.69	145.68	3.94	15.71	3.53	12.94	REGULAR	2026-05-15 08:45:03.073
2992	58	76	3344.87	44.01	26.96	4.19	9.99	3.95	6.58	REGULAR	2026-05-15 08:45:03.073
1000	3	3	858.85	286.28	264.00	4	25.67	33.33	0.00	DELAY_RISK	2026-05-15 08:45:03.073
994	10	11	777.07	70.64	59.73	3.73	6.2	0.00	0.00	REGULAR	2026-05-15 08:45:03.073
2328	3	5	400.87	80.17	66.60	4.2	6.6	0.00	0.00	REGULAR	2026-05-15 08:45:03.073
453	4	5	1415.00	283.00	256.32	4.4	7	0.00	0.00	REGULAR	2026-05-15 08:45:03.073
1664	1	1	313.61	313.61	269.90	5	13	0.00	0.00	REGULAR	2026-05-15 08:45:03.073
307	165	176	27248.34	154.82	130.70	4.16	15.04	5.11	7.95	REGULAR	2026-05-15 08:45:03.073
2228	14	14	1677.95	119.85	92.13	4.21	9.64	7.14	0.00	REGULAR	2026-05-15 08:45:03.073
2892	3	4	186.82	46.71	32.18	4	4.75	0.00	0.00	REGULAR	2026-05-15 08:45:03.073
3061	1	1	44.51	44.51	30.00	5	5	0.00	0.00	REGULAR	2026-05-15 08:45:03.073
2915	8	10	432.42	43.24	34.50	4.3	3.9	0.00	0.00	REGULAR	2026-05-15 08:45:03.073
2374	7	8	777.23	97.15	81.88	3.88	12.63	0.00	0.00	REGULAR	2026-05-15 08:45:03.073
3038	2	2	302.36	151.18	139.00	4.5	11.5	50.00	0.00	DELAY_RISK	2026-05-15 08:45:03.073
267	1	1	61.08	61.08	41.76	5	9	0.00	0.00	REGULAR	2026-05-15 08:45:03.073
2437	1	1	1350.50	1350.50	1099.00	1	NULL	0.00	0.00	LOW_REVIEW	2026-05-15 08:45:03.073
2769	3	3	153.04	51.01	39.90	2.33	33.5	66.67	0.00	LOW_REVIEW	2026-05-15 08:45:03.073
516	1	1	107.90	107.90	89.90	5	6	0.00	0.00	REGULAR	2026-05-15 08:45:03.073
184	1	1	150.00	150.00	129.90	3	5	0.00	0.00	REGULAR	2026-05-15 08:45:03.073
1203	53	55	10927.37	198.68	167.36	4.11	13.43	7.27	18.18	REGULAR	2026-05-15 08:45:03.073
2082	12	12	2646.94	220.58	198.42	4.25	17.92	16.67	0.00	REGULAR	2026-05-15 08:45:03.073
1750	2	2	1417.60	708.80	670.00	4	11	0.00	0.00	REGULAR	2026-05-15 08:45:03.073
3078	1	1	50.86	50.86	39.90	4	9	0.00	0.00	REGULAR	2026-05-15 08:45:03.073
871	1	2	94.04	47.02	38.00	5	6	0.00	0.00	REGULAR	2026-05-15 08:45:03.073
1641	509	522	24029.58	46.03	29.53	4.14	14.72	3.45	5.75	REGULAR	2026-05-15 08:45:03.073
230	8	9	653.29	72.59	55.40	4.44	11.56	0.00	0.00	REGULAR	2026-05-15 08:45:03.073
2391	10	11	1658.92	150.81	129.91	4.45	5.18	0.00	0.00	REGULAR	2026-05-15 08:45:03.073
2723	1	1	928.70	928.70	899.90	5	30	0.00	0.00	REGULAR	2026-05-15 08:45:03.073
1309	3	3	209.88	69.96	49.93	4.67	12.33	0.00	0.00	REGULAR	2026-05-15 08:45:03.073
1395	2	5	345.35	69.07	59.90	3.4	8.6	0.00	0.00	REGULAR	2026-05-15 08:45:03.073
1063	5	7	312.57	44.65	35.13	5	7.29	0.00	28.57	REGULAR	2026-05-15 08:45:03.073
562	1	1	147.35	147.35	130.00	5	12	0.00	0.00	REGULAR	2026-05-15 08:45:03.073
313	11	11	2490.40	226.40	203.99	3.55	10.7	0.00	0.00	REGULAR	2026-05-15 08:45:03.073
1890	2	2	88.68	44.34	20.50	5	16.5	50.00	0.00	DELAY_RISK	2026-05-15 08:45:03.073
1558	1	1	242.03	242.03	220.00	1	NULL	0.00	0.00	LOW_REVIEW	2026-05-15 08:45:03.073
2577	69	69	14801.19	214.51	186.75	4.19	13.29	7.25	4.35	REGULAR	2026-05-15 08:45:03.073
376	18	18	4524.27	251.35	236.17	4.44	11.11	5.56	0.00	REGULAR	2026-05-15 08:45:03.073
708	15	15	4005.32	267.02	238.53	4.67	10.93	0.00	0.00	REGULAR	2026-05-15 08:45:03.073
2036	5	5	1602.42	320.48	304.00	4.2	11.4	0.00	0.00	REGULAR	2026-05-15 08:45:03.073
954	8	9	1017.17	113.02	99.00	3.56	13.88	11.11	0.00	REGULAR	2026-05-15 08:45:03.073
1249	4	7	329.71	47.10	29.99	5	13	0.00	0.00	REGULAR	2026-05-15 08:45:03.073
917	1	2	571.22	285.61	269.99	5	8	0.00	0.00	REGULAR	2026-05-15 08:45:03.073
1704	1	1	91.16	91.16	79.99	3	12	0.00	0.00	REGULAR	2026-05-15 08:45:03.073
2245	1	1	50.10	50.10	35.00	5	23	0.00	0.00	REGULAR	2026-05-15 08:45:03.073
622	1	1	27.69	27.69	10.90	2	33	100.00	0.00	LOW_REVIEW	2026-05-15 08:45:03.073
1355	204	215	15800.69	73.49	59.99	4.34	9.11	5.58	7.91	REGULAR	2026-05-15 08:45:03.073
1349	5	5	1053.25	210.65	167.78	3.4	10.4	0.00	0.00	REGULAR	2026-05-15 08:45:03.073
1604	8	9	5097.07	566.34	545.08	4	21.43	0.00	0.00	REGULAR	2026-05-15 08:45:03.073
21	9	12	756.00	63.00	48.13	4.08	12.5	0.00	0.00	REGULAR	2026-05-15 08:45:03.073
2932	8	8	7785.48	973.19	922.50	4.25	12.38	0.00	12.50	REGULAR	2026-05-15 08:45:03.073
768	7	9	550.27	61.14	43.32	5	11.11	0.00	0.00	REGULAR	2026-05-15 08:45:03.073
2683	1	1	219.27	219.27	199.99	5	16	0.00	0.00	REGULAR	2026-05-15 08:45:03.073
121	7	7	580.32	82.90	70.33	4.86	5.14	0.00	0.00	REGULAR	2026-05-15 08:45:03.073
668	2	2	163.20	81.60	63.90	1	45	50.00	0.00	LOW_REVIEW	2026-05-15 08:45:03.073
2291	5	5	328.36	65.67	51.90	3.8	12.2	20.00	20.00	REGULAR	2026-05-15 08:45:03.073
1455	3	3	88.74	29.58	21.80	4	3.33	0.00	33.33	REGULAR	2026-05-15 08:45:03.073
1996	7	8	1693.59	211.70	181.37	3.13	7.63	0.00	12.50	REGULAR	2026-05-15 08:45:03.073
662	1	1	47.43	47.43	39.00	5	4	0.00	0.00	REGULAR	2026-05-15 08:45:03.073
127	2	2	484.80	242.40	231.00	5	5	0.00	0.00	REGULAR	2026-05-15 08:45:03.073
1057	20	20	6905.00	345.25	317.70	4.4	9.05	5.00	5.00	REGULAR	2026-05-15 08:45:03.073
814	3	5	2484.30	496.86	469.80	4.8	10.4	0.00	0.00	REGULAR	2026-05-15 08:45:03.073
1896	14	20	2523.79	126.19	106.30	4.6	11.5	5.00	15.00	REGULAR	2026-05-15 08:45:03.073
2142	2	2	695.03	347.52	324.00	4	13	0.00	0.00	REGULAR	2026-05-15 08:45:03.073
2975	16	16	2168.14	135.51	116.74	4.44	11.25	6.25	6.25	REGULAR	2026-05-15 08:45:03.073
2978	3	3	4874.36	1624.79	1599.96	3.67	15.33	33.33	0.00	DELAY_RISK	2026-05-15 08:45:03.073
2829	3	3	372.32	124.11	106.27	2.67	8.5	0.00	33.33	LOW_REVIEW	2026-05-15 08:45:03.073
2042	2	2	354.78	177.39	160.90	5	7	0.00	0.00	REGULAR	2026-05-15 08:45:03.073
2288	1	2	38.48	19.24	9.90	4	4	0.00	0.00	REGULAR	2026-05-15 08:45:03.073
2583	2	2	84.20	42.10	32.99	3.5	4.5	0.00	0.00	REGULAR	2026-05-15 08:45:03.073
370	1	1	57.29	57.29	49.00	1	6	0.00	0.00	LOW_REVIEW	2026-05-15 08:45:03.073
605	31	32	3287.98	102.75	84.94	4.13	14.53	3.13	3.13	REGULAR	2026-05-15 08:45:03.073
2265	18	22	2279.56	103.62	92.95	4.64	4.73	0.00	9.09	REGULAR	2026-05-15 08:45:03.073
1103	9	10	507.98	50.80	41.05	4.9	4.7	10.00	0.00	REGULAR	2026-05-15 08:45:03.073
771	8	10	1972.08	197.21	179.00	4.1	15.9	20.00	0.00	REGULAR	2026-05-15 08:45:03.073
273	27	35	3396.74	97.05	80.95	4.63	9.54	2.86	14.29	REGULAR	2026-05-15 08:45:03.073
1269	2	3	78.36	26.12	12.00	1	NULL	0.00	66.67	LOW_REVIEW	2026-05-15 08:45:03.073
1767	5	5	2456.44	491.29	451.00	4.6	15.8	0.00	0.00	REGULAR	2026-05-15 08:45:03.073
2763	1	1	57.23	57.23	39.00	5	15	0.00	0.00	REGULAR	2026-05-15 08:45:03.073
1246	34	39	5178.04	132.77	108.45	4.23	7.11	5.13	10.26	REGULAR	2026-05-15 08:45:03.073
1412	87	91	8864.08	97.41	83.08	4.43	9.57	1.10	5.49	REGULAR	2026-05-15 08:45:03.073
748	9	10	5654.80	565.48	539.90	3.9	9.9	0.00	0.00	REGULAR	2026-05-15 08:45:03.073
250	25	26	5019.60	193.06	167.46	4.12	15.46	15.38	0.00	REGULAR	2026-05-15 08:45:03.073
1744	5	5	210.44	42.09	29.00	4.8	13.8	20.00	0.00	REGULAR	2026-05-15 08:45:03.073
914	4	4	3216.31	804.08	755.00	4.5	10	0.00	0.00	REGULAR	2026-05-15 08:45:03.073
1910	4	9	219.23	24.36	9.75	2.33	9	0.00	0.00	LOW_REVIEW	2026-05-15 08:45:03.073
58	89	98	5183.10	52.89	38.14	4.41	11.29	6.12	12.24	REGULAR	2026-05-15 08:45:03.073
2145	24	25	2002.58	80.10	65.24	4.52	9.96	0.00	0.00	REGULAR	2026-05-15 08:45:03.073
2812	36	48	4308.02	89.75	47.01	3.35	12.61	6.25	4.17	REGULAR	2026-05-15 08:45:03.073
891	4	5	1229.10	245.82	219.34	4.6	12.8	0.00	0.00	REGULAR	2026-05-15 08:45:03.073
2477	2	2	422.25	211.13	175.90	2.5	21	0.00	0.00	LOW_REVIEW	2026-05-15 08:45:03.073
1126	4	4	1769.59	442.40	379.99	3.25	26	50.00	25.00	DELAY_RISK	2026-05-15 08:45:03.073
1077	8	8	284.04	35.51	22.34	4.75	9.63	0.00	0.00	REGULAR	2026-05-15 08:45:03.073
2786	24	29	2518.94	86.86	71.59	3.62	10.22	0.00	3.45	REGULAR	2026-05-15 08:45:03.073
2122	11	12	826.60	68.88	51.17	3.08	23.11	33.33	8.33	DELAY_RISK	2026-05-15 08:45:03.073
413	4	6	210.01	35.00	19.93	3.5	9.5	0.00	0.00	REGULAR	2026-05-15 08:45:03.073
81	4	4	205.72	51.43	43.50	4	6.5	25.00	0.00	REGULAR	2026-05-15 08:45:03.073
536	1	1	168.63	168.63	150.00	5	11	0.00	0.00	REGULAR	2026-05-15 08:45:03.073
1936	6	6	1343.65	223.94	210.43	4.83	7.5	0.00	0.00	REGULAR	2026-05-15 08:45:03.073
2600	2	3	276.11	92.04	81.63	2.33	19	0.00	0.00	LOW_REVIEW	2026-05-15 08:45:03.073
436	2	2	124.33	62.17	47.41	4.5	17	50.00	0.00	DELAY_RISK	2026-05-15 08:45:03.073
2102	4	5	379.48	75.90	57.90	3.2	8	0.00	0.00	REGULAR	2026-05-15 08:45:03.073
1438	1	1	62.97	62.97	45.90	3	6	0.00	0.00	REGULAR	2026-05-15 08:45:03.073
2451	4	4	319.98	80.00	64.76	4.75	9	0.00	0.00	REGULAR	2026-05-15 08:45:03.073
1953	2	7	397.42	56.77	36.90	1	NULL	0.00	0.00	LOW_REVIEW	2026-05-15 08:45:03.073
1289	2	2	987.02	493.51	469.00	5	6.5	0.00	0.00	REGULAR	2026-05-15 08:45:03.073
1787	2	3	112.58	37.53	26.57	4.33	5.67	0.00	0.00	REGULAR	2026-05-15 08:45:03.073
2643	13	14	1106.66	79.05	65.98	4.71	8.29	7.14	14.29	REGULAR	2026-05-15 08:45:03.073
64	12	13	2107.42	162.11	102.15	3.38	9.58	7.69	15.38	REGULAR	2026-05-15 08:45:03.073
728	10	10	1080.70	108.07	92.89	3.9	9.88	0.00	0.00	REGULAR	2026-05-15 08:45:03.073
1979	44	46	9274.80	201.63	175.48	3.91	19.14	4.35	2.17	REGULAR	2026-05-15 08:45:03.073
1146	31	32	4178.82	130.59	114.21	3.94	9.66	3.13	3.13	REGULAR	2026-05-15 08:45:03.073
1810	1	1	196.11	196.11	180.00	2	6	0.00	0.00	LOW_REVIEW	2026-05-15 08:45:03.073
2620	12	14	3229.52	230.68	193.46	4.21	16.14	14.29	28.57	REGULAR	2026-05-15 08:45:03.073
579	7	7	2503.16	357.59	311.18	1.43	20.33	42.86	0.00	LOW_REVIEW	2026-05-15 08:45:03.073
2743	1	1	596.77	596.77	548.06	4	7	0.00	0.00	REGULAR	2026-05-15 08:45:03.073
2079	4	4	833.77	208.44	189.98	3.5	16.33	0.00	0.00	REGULAR	2026-05-15 08:45:03.073
38	7	7	5003.57	714.80	675.54	3.14	15.17	0.00	0.00	REGULAR	2026-05-15 08:45:03.073
350	92	98	13421.05	136.95	115.47	3.82	15.57	9.18	4.08	REGULAR	2026-05-15 08:45:03.073
101	77	81	15206.50	187.73	175.37	4.54	8.06	2.47	4.94	REGULAR	2026-05-15 08:45:03.073
599	1	1	45.09	45.09	29.99	5	11	0.00	0.00	REGULAR	2026-05-15 08:45:03.073
2520	1	1	12.22	12.22	3.50	5	NULL	0.00	100.00	REGULAR	2026-05-15 08:45:03.073
1916	10	13	618.57	47.58	28.85	4.08	12.85	0.00	7.69	REGULAR	2026-05-15 08:45:03.073
207	4	4	1298.24	324.56	273.50	4.75	4.5	0.00	0.00	REGULAR	2026-05-15 08:45:03.073
1369	2	2	84.37	42.19	29.30	5	5.5	0.00	0.00	REGULAR	2026-05-15 08:45:03.073
2414	4	8	453.11	56.64	40.29	4.38	8.43	0.00	0.00	REGULAR	2026-05-15 08:45:03.073
2912	1	1	152.99	152.99	139.00	1	10	0.00	0.00	LOW_REVIEW	2026-05-15 08:45:03.073
2308	36	40	2477.32	61.93	50.60	3.73	12.18	7.50	0.00	REGULAR	2026-05-15 08:45:03.073
977	34	39	2915.42	74.75	62.28	4.46	9.26	2.56	17.95	REGULAR	2026-05-15 08:45:03.073
3055	2	4	164.32	41.08	29.68	5	6.5	0.00	0.00	REGULAR	2026-05-15 08:45:03.073
2222	33	38	4967.49	130.72	114.45	4.11	7.53	0.00	2.63	REGULAR	2026-05-15 08:45:03.073
1973	6	7	809.42	115.63	81.34	4.14	15.86	14.29	0.00	REGULAR	2026-05-15 08:45:03.073
1226	2	2	246.65	123.33	102.78	4.5	9.5	0.00	0.00	REGULAR	2026-05-15 08:45:03.073
2059	1	1	304.18	304.18	289.90	4	6	0.00	0.00	REGULAR	2026-05-15 08:45:03.073
2663	55	58	22570.13	389.14	327.39	4.12	12.12	5.17	5.17	REGULAR	2026-05-15 08:45:03.073
585	6	6	313.68	52.28	40.23	4.33	6.5	33.33	0.00	DELAY_RISK	2026-05-15 08:45:03.073
1581	19	19	930.79	48.99	36.17	4.37	7.17	5.26	5.26	REGULAR	2026-05-15 08:45:03.073
44	9	9	1250.66	138.96	119.82	4.11	10.56	11.11	11.11	REGULAR	2026-05-15 08:45:03.073
1040	5	5	187.81	37.56	17.10	4.4	8.6	0.00	20.00	REGULAR	2026-05-15 08:45:03.073
1667	1	1	197.72	197.72	178.90	5	15	0.00	100.00	REGULAR	2026-05-15 08:45:03.073
1183	28	33	16513.31	500.40	473.74	4.7	5.52	3.03	9.09	REGULAR	2026-05-15 08:45:03.073
1432	5	5	157.64	31.53	17.99	4	13.2	20.00	0.00	REGULAR	2026-05-15 08:45:03.073
934	14	14	704.42	50.32	32.22	4.07	9.14	7.14	7.14	REGULAR	2026-05-15 08:45:03.073
685	15	15	2378.63	158.58	133.83	3.87	14.27	26.67	6.67	REGULAR	2026-05-15 08:45:03.073
2849	2	3	611.55	203.85	183.33	2.33	16.67	33.33	0.00	LOW_REVIEW	2026-05-15 08:45:03.073
293	410	528	33072.21	62.64	47.26	3.8	12.73	9.85	16.48	REGULAR	2026-05-15 08:45:03.073
791	21	41	1190.73	29.04	17.51	3.71	8.61	2.44	41.46	REGULAR	2026-05-15 08:45:03.073
1332	12	13	946.43	72.80	55.67	4.31	15.77	0.00	7.69	REGULAR	2026-05-15 08:45:03.073
2998	3	3	487.44	162.48	143.23	1	NULL	0.00	0.00	LOW_REVIEW	2026-05-15 08:45:03.073
2457	13	14	1037.74	74.12	57.42	4.36	9.07	7.14	0.00	REGULAR	2026-05-15 08:45:03.073
834	9	12	1246.11	103.84	92.07	4.83	6	16.67	0.00	REGULAR	2026-05-15 08:45:03.073
2955	1	2	125.74	62.87	47.77	2	21	0.00	0.00	LOW_REVIEW	2026-05-15 08:45:03.073
1724	2	2	364.93	182.47	156.50	5	10	0.00	0.00	REGULAR	2026-05-15 08:45:03.073
1475	10	10	1511.59	151.16	131.90	4.6	9.9	0.00	0.00	REGULAR	2026-05-15 08:45:03.073
2557	14	15	1774.94	118.33	88.05	3.7	12.73	6.67	33.33	REGULAR	2026-05-15 08:45:03.073
642	13	13	1600.88	123.14	104.72	4.23	9.38	23.08	0.00	REGULAR	2026-05-15 08:45:03.073
2806	2	2	287.51	143.76	125.80	5	10.5	0.00	0.00	REGULAR	2026-05-15 08:45:03.073
393	2	2	86.44	43.22	25.95	2.5	39	50.00	0.00	LOW_REVIEW	2026-05-15 08:45:03.073
1624	40	42	6276.65	149.44	127.69	4.36	15.74	4.76	0.00	REGULAR	2026-05-15 08:45:03.073
542	2	2	344.17	172.09	119.90	4.5	8.5	0.00	0.00	REGULAR	2026-05-15 08:45:03.073
2165	1	1	75.07	75.07	58.90	1	19	0.00	0.00	LOW_REVIEW	2026-05-15 08:45:03.073
1	3	3	2748.06	916.02	895.00	3.67	10.67	0.00	0.00	REGULAR	2026-05-15 08:45:03.073
1083	1	1	31.91	31.91	23.00	1	NULL	0.00	0.00	LOW_REVIEW	2026-05-15 08:45:03.073
2706	1	1	157.30	157.30	149.00	4	2	0.00	0.00	REGULAR	2026-05-15 08:45:03.073
1020	158	171	7088.13	41.45	26.99	4.16	9.1	5.85	5.85	REGULAR	2026-05-15 08:45:03.073
2016	21	24	2160.85	90.04	75.54	4.29	13.58	8.33	12.50	REGULAR	2026-05-15 08:45:03.073
356	8	8	1641.74	205.22	189.13	3.75	11	12.50	0.00	REGULAR	2026-05-15 08:45:03.073
2348	2	2	565.90	282.95	246.50	2.5	15	0.00	0.00	LOW_REVIEW	2026-05-15 08:45:03.073
1684	6	6	699.74	116.62	94.70	4.17	6.5	0.00	0.00	REGULAR	2026-05-15 08:45:03.073
2680	1	1	487.38	487.38	458.00	5	6	0.00	0.00	REGULAR	2026-05-15 08:45:03.073
1352	10	10	1749.77	174.98	151.20	4	8.22	10.00	0.00	REGULAR	2026-05-15 08:45:03.073
688	6	6	2310.95	385.16	369.93	3.5	11.4	0.00	0.00	REGULAR	2026-05-15 08:45:03.073
1707	140	152	11764.22	77.40	60.71	3.76	14.36	13.16	8.55	REGULAR	2026-05-15 08:45:03.073
1375	313	326	36300.81	111.35	94.24	3.74	14.72	10.74	4.60	REGULAR	2026-05-15 08:45:03.073
3035	6	6	456.06	76.01	53.13	4.67	6.33	0.00	0.00	REGULAR	2026-05-15 08:45:03.073
2039	1	1	410.91	410.91	389.00	5	11	0.00	0.00	REGULAR	2026-05-15 08:45:03.073
2371	7	7	358.97	51.28	35.00	5	13.17	0.00	0.00	REGULAR	2026-05-15 08:45:03.073
2703	18	20	2202.18	110.11	88.84	4.55	13.26	5.00	0.00	REGULAR	2026-05-15 08:45:03.073
1043	2	2	103.49	51.75	34.90	5	6.5	0.00	0.00	REGULAR	2026-05-15 08:45:03.073
2726	16	19	1996.39	105.07	87.88	4.32	6.95	0.00	5.26	REGULAR	2026-05-15 08:45:03.073
141	9	14	1944.03	138.86	119.87	4.79	7	0.00	0.00	REGULAR	2026-05-15 08:45:03.073
2062	5	7	745.57	106.51	86.40	4.14	12.14	0.00	28.57	REGULAR	2026-05-15 08:45:03.073
3058	9	12	2287.75	190.65	171.18	3.67	13.42	25.00	8.33	REGULAR	2026-05-15 08:45:03.073
2394	1	1	332.25	332.25	319.00	4	4	100.00	0.00	DELAY_RISK	2026-05-15 08:45:03.073
2895	1	1	262.10	262.10	204.00	4	25	100.00	0.00	DELAY_RISK	2026-05-15 08:45:03.073
2872	162	171	80079.01	468.30	446.02	4.43	11.74	7.60	4.09	HIGH_PERFORMER	2026-05-15 08:45:03.073
2749	35	36	4829.71	134.16	101.51	4.42	11.6	0.00	5.56	REGULAR	2026-05-15 08:45:03.073
3081	7	7	529.16	75.59	59.19	4.57	7.43	0.00	0.00	REGULAR	2026-05-15 08:45:03.073
2208	7	10	1492.01	149.20	123.82	4.7	5.6	0.00	10.00	REGULAR	2026-05-15 08:45:03.073
2540	1	1	136.04	136.04	119.90	4	35	100.00	100.00	DELAY_RISK	2026-05-15 08:45:03.073
851	68	91	22592.17	248.27	225.39	3.76	11.2	2.20	6.59	REGULAR	2026-05-15 08:45:03.073
2517	16	16	2534.94	158.43	131.34	3.94	14.19	0.00	6.25	REGULAR	2026-05-15 08:45:03.073
187	10	11	1023.38	93.03	69.90	4.82	12.36	0.00	0.00	REGULAR	2026-05-15 08:45:03.073
1515	2	2	151.22	75.61	52.70	5	9.5	0.00	0.00	REGULAR	2026-05-15 08:45:03.073
1853	5	5	428.50	85.70	69.99	4.4	6.4	0.00	0.00	REGULAR	2026-05-15 08:45:03.073
502	51	53	5452.12	102.87	87.66	4.09	12.81	7.55	11.32	REGULAR	2026-05-15 08:45:03.073
164	51	58	6469.70	111.55	83.54	3.78	18.21	18.97	3.45	REGULAR	2026-05-15 08:45:03.073
287	3	3	403.57	134.52	119.90	4.67	8.67	0.00	0.00	REGULAR	2026-05-15 08:45:03.073
1166	9	10	756.07	75.61	52.94	3.7	6.1	0.00	0.00	REGULAR	2026-05-15 08:45:03.073
828	6	6	1787.71	297.95	280.02	2.5	15	33.33	0.00	LOW_REVIEW	2026-05-15 08:45:03.073
2494	1	1	625.33	625.33	569.00	4	15	0.00	0.00	REGULAR	2026-05-15 08:45:03.073
1830	1	1	28.22	28.22	9.99	5	4	0.00	0.00	REGULAR	2026-05-15 08:45:03.073
1561	330	333	180556.11	542.21	523.65	4.19	11.33	5.41	3.00	TOP_SELLER	2026-05-15 08:45:03.073
1807	35	36	9206.29	255.73	236.59	3.78	19.68	8.33	2.78	REGULAR	2026-05-15 08:45:03.073
1143	94	95	8802.97	92.66	69.59	4.05	12.61	8.42	2.11	REGULAR	2026-05-15 08:45:03.073
2225	6	6	517.62	86.27	75.10	3.33	11.75	16.67	0.00	REGULAR	2026-05-15 08:45:03.073
310	19	29	5558.57	191.67	156.76	3.66	8.1	10.34	3.45	REGULAR	2026-05-15 08:45:03.073
2889	20	22	1333.69	60.62	44.13	3.91	6.86	9.09	9.09	REGULAR	2026-05-15 08:45:03.073
479	1	1	47.04	47.04	29.90	5	11	0.00	0.00	REGULAR	2026-05-15 08:45:03.073
974	4	4	1657.45	414.36	364.90	4.25	15.5	0.00	0.00	REGULAR	2026-05-15 08:45:03.073
897	1	1	188.28	188.28	169.00	1	NULL	0.00	0.00	LOW_REVIEW	2026-05-15 08:45:03.073
874	54	66	2868.77	43.47	30.03	3.89	7.18	7.58	6.06	REGULAR	2026-05-15 08:45:03.073
210	5	5	927.83	185.57	160.58	3.6	9.2	0.00	0.00	REGULAR	2026-05-15 08:45:03.073
1661	13	13	16182.38	1244.80	1130.76	3.31	18.18	7.69	0.00	REGULAR	2026-05-15 08:45:03.073
456	7	7	745.92	106.56	88.86	4.43	10.71	0.00	28.57	REGULAR	2026-05-15 08:45:03.073
997	1	1	78.12	78.12	65.00	3	5	0.00	0.00	REGULAR	2026-05-15 08:45:03.073
1120	16	22	1235.18	56.14	45.85	3.64	10.41	0.00	9.09	REGULAR	2026-05-15 08:45:03.073
333	4	4	1963.08	490.77	380.00	4.5	14	25.00	0.00	REGULAR	2026-05-15 08:45:03.073
1538	2	2	60.33	30.17	19.90	2	2	0.00	0.00	LOW_REVIEW	2026-05-15 08:45:03.073
2202	2	2	70.42	35.21	20.90	3.5	8	0.00	0.00	REGULAR	2026-05-15 08:45:03.073
18	11	12	876.81	73.07	60.82	3.83	8.75	0.00	0.00	REGULAR	2026-05-15 08:45:03.073
3018	8	8	592.53	74.07	61.59	4.75	6.13	12.50	25.00	REGULAR	2026-05-15 08:45:03.073
765	1	1	885.80	885.80	865.00	0	NULL	0.00	0.00	LOW_REVIEW	2026-05-15 08:45:03.073
2686	3	3	827.97	275.99	261.33	3.33	6.33	0.00	0.00	REGULAR	2026-05-15 08:45:03.073
2935	1	1	219.06	219.06	202.89	5	9	0.00	0.00	REGULAR	2026-05-15 08:45:03.073
373	78	79	16043.51	203.08	172.19	4.04	14.55	5.06	2.53	REGULAR	2026-05-15 08:45:03.073
705	83	99	7226.65	73.00	54.25	3.93	9.79	8.08	4.04	REGULAR	2026-05-15 08:45:03.073
2248	18	38	1522.68	40.07	27.63	2.66	7.87	0.00	36.84	LOW_REVIEW	2026-05-15 08:45:03.073
2580	3	3	782.23	260.74	236.33	4.67	9.33	0.00	0.00	REGULAR	2026-05-15 08:45:03.073
1644	17	19	1079.90	56.84	43.53	4.47	7.47	5.26	5.26	REGULAR	2026-05-15 08:45:03.073
2972	19	19	654.44	34.44	19.94	4	12.42	5.26	10.53	REGULAR	2026-05-15 08:45:03.073
1312	2	2	207.25	103.63	87.00	3	9	0.00	0.00	REGULAR	2026-05-15 08:45:03.073
2640	1	1	57.69	57.69	44.90	5	11	0.00	0.00	REGULAR	2026-05-15 08:45:03.073
1999	17	19	1474.75	77.62	61.36	4.37	17.22	0.00	21.05	REGULAR	2026-05-15 08:45:03.073
2331	1	1	451.28	451.28	390.00	3	28	100.00	0.00	DELAY_RISK	2026-05-15 08:45:03.073
1847	83	88	10240.59	116.37	91.92	2.83	18.09	11.36	4.55	LOW_REVIEW	2026-05-15 08:45:03.073
2434	1	1	96.10	96.10	64.90	5	7	0.00	0.00	REGULAR	2026-05-15 08:45:03.073
519	30	31	51629.49	1665.47	1633.19	4.19	13.29	9.68	6.45	HIGH_PERFORMER	2026-05-15 08:45:03.073
2185	1	1	329.14	329.14	310.53	5	17	0.00	0.00	REGULAR	2026-05-15 08:45:03.073
270	29	32	10600.63	331.27	302.18	3.63	13.97	6.25	6.25	REGULAR	2026-05-15 08:45:03.073
1598	2	2	257.46	128.73	111.95	4.5	16	0.00	0.00	REGULAR	2026-05-15 08:45:03.073
1498	135	142	18990.90	133.74	105.80	3.99	15.28	5.63	6.34	REGULAR	2026-05-15 08:45:03.073
2826	129	148	6872.63	46.44	33.00	3.89	12.64	10.14	3.38	REGULAR	2026-05-15 08:45:03.073
2832	48	50	10874.51	217.49	201.01	3.78	14.52	24.00	2.00	REGULAR	2026-05-15 08:45:03.073
2285	6	6	763.02	127.17	111.60	4.5	7	0.00	0.00	REGULAR	2026-05-15 08:45:03.073
957	1	1	336.89	336.89	319.90	1	NULL	0.00	0.00	LOW_REVIEW	2026-05-15 08:45:03.073
1060	4	9	3070.18	341.13	137.33	4.44	12.22	11.11	0.00	REGULAR	2026-05-15 08:45:03.073
1893	2	3	174.80	58.27	39.23	2.33	10	0.00	0.00	LOW_REVIEW	2026-05-15 08:45:03.073
811	1	1	44.42	44.42	29.90	5	19	0.00	0.00	REGULAR	2026-05-15 08:45:03.073
2139	19	20	4066.72	203.34	183.48	4.95	10.7	0.00	15.00	REGULAR	2026-05-15 08:45:03.073
1306	8	8	1465.73	183.22	141.90	4.38	11.38	0.00	0.00	REGULAR	2026-05-15 08:45:03.073
224	1	1	922.84	922.84	789.89	4	13	0.00	0.00	REGULAR	2026-05-15 08:45:03.073
1993	128	142	16178.33	113.93	93.86	3.95	13.13	9.86	7.04	REGULAR	2026-05-15 08:45:03.073
1747	106	114	9115.41	79.96	59.92	3.82	16.47	7.02	11.40	REGULAR	2026-05-15 08:45:03.073
665	7	12	803.05	66.92	49.68	3.33	12.67	41.67	25.00	DELAY_RISK	2026-05-15 08:45:03.073
2534	9	9	1121.92	124.66	110.00	4.11	12	11.11	0.00	REGULAR	2026-05-15 08:45:03.073
1206	22	22	4812.48	218.75	204.83	3.95	9.6	4.55	13.64	REGULAR	2026-05-15 08:45:03.073
3075	9	10	3195.67	319.57	284.00	4.6	13.1	0.00	0.00	REGULAR	2026-05-15 08:45:03.073
124	5	5	560.36	112.07	97.50	5	6.4	0.00	0.00	REGULAR	2026-05-15 08:45:03.073
1452	2	2	393.66	196.83	126.87	5	10	0.00	0.00	REGULAR	2026-05-15 08:45:03.073
911	2	3	157.09	52.36	37.23	3.67	6.33	0.00	33.33	REGULAR	2026-05-15 08:45:03.073
2431	58	58	12299.77	212.07	180.24	4.57	12.26	3.45	0.00	REGULAR	2026-05-15 08:45:03.073
2597	12	14	2233.82	159.56	143.00	4.43	11.07	0.00	0.00	REGULAR	2026-05-15 08:45:03.073
2099	5	5	354.65	70.93	57.90	4	7	0.00	20.00	REGULAR	2026-05-15 08:45:03.073
1435	2	2	222.37	111.19	96.55	2.5	15	0.00	0.00	LOW_REVIEW	2026-05-15 08:45:03.073
1933	2	2	222.88	111.44	92.40	3.5	7	0.00	0.00	REGULAR	2026-05-15 08:45:03.073
1601	15	15	3078.77	205.25	186.85	4.13	13.87	13.33	0.00	REGULAR	2026-05-15 08:45:03.073
937	2	2	347.73	173.87	139.95	3	19	0.00	0.00	REGULAR	2026-05-15 08:45:03.073
439	1	1	71.45	71.45	51.90	5	8	0.00	0.00	REGULAR	2026-05-15 08:45:03.073
582	34	36	3111.94	86.44	69.93	4.64	7.5	2.78	0.00	REGULAR	2026-05-15 08:45:03.073
84	26	30	9595.77	319.86	302.33	4.37	9.67	10.00	3.33	REGULAR	2026-05-15 08:45:03.073
416	70	80	6460.76	80.76	53.66	3.61	13.85	13.75	18.75	REGULAR	2026-05-15 08:45:03.073
1578	1	2	76.78	38.39	13.55	3	NULL	0.00	0.00	REGULAR	2026-05-15 08:45:03.073
1080	1	2	239.48	119.74	99.00	1	69	100.00	0.00	LOW_REVIEW	2026-05-15 08:45:03.073
2076	1	1	58.94	58.94	49.60	1	NULL	0.00	0.00	LOW_REVIEW	2026-05-15 08:45:03.073
1223	104	121	8708.81	71.97	54.44	4.25	10.58	7.44	5.79	REGULAR	2026-05-15 08:45:03.073
2809	87	92	14916.39	162.13	142.99	3.73	16.78	4.35	3.26	REGULAR	2026-05-15 08:45:03.073
227	17	19	2531.01	133.21	118.95	3.74	9.32	5.26	10.53	REGULAR	2026-05-15 08:45:03.073
1813	5	5	1195.15	239.03	225.98	3.2	13.75	20.00	0.00	REGULAR	2026-05-15 08:45:03.073
559	1	1	64.10	64.10	49.00	5	11	0.00	0.00	REGULAR	2026-05-15 08:45:03.073
1790	6	6	2117.09	352.85	328.58	3.83	16.17	0.00	16.67	REGULAR	2026-05-15 08:45:03.073
204	5	5	536.08	107.22	90.92	4.6	5.8	0.00	0.00	REGULAR	2026-05-15 08:45:03.073
1458	15	15	657.75	43.85	33.56	4.6	5.27	20.00	0.00	REGULAR	2026-05-15 08:45:03.073
745	7	7	649.97	92.85	72.14	4.86	11.57	0.00	0.00	REGULAR	2026-05-15 08:45:03.073
2454	1	1	97.71	97.71	79.90	1	45	100.00	0.00	LOW_REVIEW	2026-05-15 08:45:03.073
1266	18	18	8292.12	460.67	443.27	4.06	5.83	16.67	0.00	REGULAR	2026-05-15 08:45:03.073
1100	14	14	932.67	66.62	55.64	4.64	4.07	14.29	0.00	REGULAR	2026-05-15 08:45:03.073
1272	5	6	680.21	113.37	96.17	4.67	4.67	0.00	16.67	REGULAR	2026-05-15 08:45:03.073
1764	3	3	188.50	62.83	49.50	3	7.67	33.33	0.00	DELAY_RISK	2026-05-15 08:45:03.073
602	2	2	402.43	201.22	167.50	5	7	0.00	0.00	REGULAR	2026-05-15 08:45:03.073
2766	1	1	250.88	250.88	199.90	5	5	0.00	0.00	REGULAR	2026-05-15 08:45:03.073
2666	4	4	905.55	226.39	203.25	4.75	10	0.00	0.00	REGULAR	2026-05-15 08:45:03.073
1123	10	12	1583.67	131.97	116.23	4.42	7	0.00	0.00	REGULAR	2026-05-15 08:45:03.073
625	24	24	2481.65	103.40	71.79	3.83	10.17	0.00	12.50	REGULAR	2026-05-15 08:45:03.073
2623	19	22	1111.04	50.50	35.10	4.23	11.45	4.55	4.55	REGULAR	2026-05-15 08:45:03.073
459	4	4	189.68	47.42	29.93	4	6.75	0.00	25.00	REGULAR	2026-05-15 08:45:03.073
2125	10	10	421.27	42.13	30.85	4.8	10.1	10.00	20.00	REGULAR	2026-05-15 08:45:03.073
2617	3	3	516.91	172.30	150.00	4.67	10	0.00	0.00	REGULAR	2026-05-15 08:45:03.073
2789	1	2	55.64	27.82	19.10	5	4	0.00	0.00	REGULAR	2026-05-15 08:45:03.073
61	62	63	13037.29	206.94	187.01	4.1	12.94	11.11	1.59	REGULAR	2026-05-15 08:45:03.073
1392	319	331	44289.16	133.80	112.91	4.02	14.69	7.85	6.65	REGULAR	2026-05-15 08:45:03.073
2056	1	1	114.57	114.57	99.00	5	8	0.00	0.00	REGULAR	2026-05-15 08:45:03.073
725	2	2	177.07	88.54	67.50	4.5	7	0.00	0.00	REGULAR	2026-05-15 08:45:03.073
2474	1	1	1789.02	1789.02	1750.00	4	12	0.00	0.00	REGULAR	2026-05-15 08:45:03.073
1415	94	113	25205.11	223.05	179.16	4.24	10.89	9.73	3.54	REGULAR	2026-05-15 08:45:03.073
1292	13	20	2040.27	102.01	75.78	4.4	12.5	0.00	0.00	REGULAR	2026-05-15 08:45:03.073
1833	51	66	4782.09	72.46	48.30	3.18	11.08	4.55	12.12	REGULAR	2026-05-15 08:45:03.073
751	12	16	1594.51	99.66	82.12	3.06	10.5	0.00	0.00	REGULAR	2026-05-15 08:45:03.073
1956	1	1	270.47	270.47	259.90	5	6	100.00	0.00	DELAY_RISK	2026-05-15 08:45:03.073
2497	3	3	230.54	76.85	56.93	2.33	11	0.00	0.00	LOW_REVIEW	2026-05-15 08:45:03.073
433	158	164	35497.30	216.45	194.04	3.88	10.48	5.49	6.71	REGULAR	2026-05-15 08:45:03.073
2852	83	87	9586.35	110.19	90.49	4.11	12.86	3.45	4.60	REGULAR	2026-05-15 08:45:03.073
682	23	25	1956.99	78.28	63.74	3.8	14.96	12.00	4.00	REGULAR	2026-05-15 08:45:03.073
2354	111	125	19360.52	154.88	121.14	3.69	9.53	4.80	4.00	REGULAR	2026-05-15 08:45:03.073
2603	10	10	619.14	61.91	39.98	3.7	8.9	10.00	10.00	REGULAR	2026-05-15 08:45:03.073
539	43	44	3927.80	89.27	72.17	3.7	13.86	13.64	13.64	REGULAR	2026-05-15 08:45:03.073
1037	6	6	536.49	89.42	69.99	4.67	9.33	0.00	0.00	REGULAR	2026-05-15 08:45:03.073
1535	21	22	1176.74	53.49	41.32	4.36	7.71	4.55	4.55	REGULAR	2026-05-15 08:45:03.073
41	2	2	557.85	278.93	233.50	3.5	22.5	50.00	0.00	DELAY_RISK	2026-05-15 08:45:03.073
2746	1	1	327.39	327.39	277.30	1	NULL	0.00	0.00	LOW_REVIEW	2026-05-15 08:45:03.073
1584	1	1	6922.21	6922.21	6729.00	0	21	100.00	0.00	LOW_REVIEW	2026-05-15 08:45:03.073
2305	1	1	37.16	37.16	27.90	2	NULL	0.00	0.00	LOW_REVIEW	2026-05-15 08:45:03.073
894	215	219	19113.29	87.28	72.00	4.35	9.38	7.76	3.65	REGULAR	2026-05-15 08:45:03.073
1976	1	1	120.30	120.30	85.90	5	13	0.00	0.00	REGULAR	2026-05-15 08:45:03.073
980	4	4	326.45	81.61	61.40	4.25	12.25	0.00	75.00	REGULAR	2026-05-15 08:45:03.073
645	2	2	171.38	85.69	74.45	3	2	0.00	0.00	REGULAR	2026-05-15 08:45:03.073
1727	2	2	182.37	91.19	69.00	3	16	0.00	0.00	REGULAR	2026-05-15 08:45:03.073
1372	212	228	12955.98	56.82	42.71	3.48	10.14	8.77	2.63	REGULAR	2026-05-15 08:45:03.073
2995	217	228	72016.38	315.86	297.08	4.21	13.08	16.67	3.07	HIGH_PERFORMER	2026-05-15 08:45:03.073
1286	7	7	2799.50	399.93	354.06	4.86	10.86	0.00	0.00	REGULAR	2026-05-15 08:45:03.073
2368	1	1	30.13	30.13	14.90	5	12	0.00	0.00	REGULAR	2026-05-15 08:45:03.073
1913	10	10	434.28	43.43	29.32	3.5	14.2	10.00	0.00	REGULAR	2026-05-15 08:45:03.073
2909	11	11	1101.41	100.13	86.52	4.73	8.64	0.00	18.18	REGULAR	2026-05-15 08:45:03.073
290	4	5	481.67	96.33	83.80	3.8	4.8	0.00	0.00	REGULAR	2026-05-15 08:45:03.073
2019	6	7	426.33	60.90	31.37	3.86	18.71	0.00	0.00	REGULAR	2026-05-15 08:45:03.073
104	4	8	1802.80	225.35	199.66	4.13	13.75	12.50	0.00	REGULAR	2026-05-15 08:45:03.073
1521	1	1	42.49	42.49	29.80	3	11	0.00	0.00	REGULAR	2026-05-15 08:45:03.073
2268	2	2	329.11	164.56	153.40	2	4.5	0.00	0.00	LOW_REVIEW	2026-05-15 08:45:03.073
1770	2	8	3859.56	482.45	434.00	2.5	16.5	0.00	0.00	LOW_REVIEW	2026-05-15 08:45:03.073
2119	4	4	770.12	192.53	164.19	4	13.25	0.00	0.00	REGULAR	2026-05-15 08:45:03.073
2660	15	15	7631.51	508.77	399.00	4.6	11.6	0.00	0.00	REGULAR	2026-05-15 08:45:03.073
1621	2	2	185.87	92.94	67.45	5	5.5	0.00	0.00	REGULAR	2026-05-15 08:45:03.073
496	1	2	264.24	132.12	99.90	1	40	100.00	0.00	LOW_REVIEW	2026-05-15 08:45:03.073
2162	3	3	95.24	31.75	20.49	5	7	0.00	0.00	REGULAR	2026-05-15 08:45:03.073
2560	18	20	1926.18	96.31	80.52	4.1	13.11	5.00	10.00	REGULAR	2026-05-15 08:45:03.073
147	4	4	205.81	51.45	34.40	4.75	8.25	0.00	50.00	REGULAR	2026-05-15 08:45:03.073
2311	6	12	1118.26	93.19	76.90	3.08	11.5	0.00	0.00	REGULAR	2026-05-15 08:45:03.073
396	1	1	105.47	105.47	85.90	1	NULL	0.00	0.00	LOW_REVIEW	2026-05-15 08:45:03.073
1229	1	1	482.60	482.60	439.00	5	10	0.00	0.00	REGULAR	2026-05-15 08:45:03.073
1478	1	1	136.30	136.30	115.00	1	33	100.00	0.00	LOW_REVIEW	2026-05-15 08:45:03.073
247	243	265	35322.52	133.29	108.24	4.22	14.21	7.17	9.06	REGULAR	2026-05-15 08:45:03.073
1329	6	7	1125.50	160.79	134.28	2.71	34.5	42.86	14.29	LOW_REVIEW	2026-05-15 08:45:03.073
788	3	3	1110.54	370.18	332.93	4.33	22.33	0.00	0.00	REGULAR	2026-05-15 08:45:03.073
2952	6	6	299.28	49.88	36.75	4	14	16.67	33.33	REGULAR	2026-05-15 08:45:03.073
2411	1	1	224.75	224.75	139.00	5	13	0.00	0.00	REGULAR	2026-05-15 08:45:03.073
1870	2	3	73.37	24.46	9.90	2.33	16.67	0.00	0.00	LOW_REVIEW	2026-05-15 08:45:03.073
2111	21	26	9351.60	359.68	336.85	3.5	12.77	7.69	3.85	REGULAR	2026-05-15 08:45:03.073
2443	7	7	1267.48	181.07	166.50	4.86	8.29	0.00	14.29	REGULAR	2026-05-15 08:45:03.073
2775	4	4	2353.44	588.36	559.50	4	20.25	25.00	25.00	REGULAR	2026-05-15 08:45:03.073
1779	2	2	150.96	75.48	59.90	5	15	0.00	0.00	REGULAR	2026-05-15 08:45:03.073
190	3	3	1199.31	399.77	379.97	4.33	7.67	0.00	0.00	REGULAR	2026-05-15 08:45:03.073
1092	121	129	31053.01	240.72	204.52	3.94	12.53	13.18	3.10	REGULAR	2026-05-15 08:45:03.073
545	54	55	9844.56	178.99	141.54	4.36	14.38	3.64	1.82	REGULAR	2026-05-15 08:45:03.073
2420	4	4	519.83	129.96	114.42	2.5	25.33	0.00	0.00	LOW_REVIEW	2026-05-15 08:45:03.073
877	13	14	3378.31	241.31	214.48	3.93	16.08	0.00	7.14	REGULAR	2026-05-15 08:45:03.073
3084	10	10	617.74	61.77	48.39	4.2	9.5	0.00	0.00	REGULAR	2026-05-15 08:45:03.073
1756	7	8	1176.23	147.03	128.49	3.88	13.25	0.00	0.00	REGULAR	2026-05-15 08:45:03.073
213	3	3	1546.84	515.61	486.66	2.67	19.33	0.00	0.00	LOW_REVIEW	2026-05-15 08:45:03.073
1424	7	7	837.13	119.59	96.00	4.57	10.86	0.00	14.29	REGULAR	2026-05-15 08:45:03.073
2752	3	3	662.05	220.68	129.00	2.33	10	0.00	0.00	LOW_REVIEW	2026-05-15 08:45:03.073
2088	1	1	19.21	19.21	8.25	5	14	0.00	0.00	REGULAR	2026-05-15 08:45:03.073
2798	3	3	157.70	52.57	39.63	3.33	18.33	33.33	0.00	DELAY_RISK	2026-05-15 08:45:03.073
2466	1	1	49.12	49.12	34.99	5	11	0.00	0.00	REGULAR	2026-05-15 08:45:03.073
1610	42	80	12415.92	155.20	136.63	3.35	15.32	6.25	8.75	REGULAR	2026-05-15 08:45:03.073
2274	45	46	5047.21	109.72	90.49	4.43	11.5	2.17	6.52	REGULAR	2026-05-15 08:45:03.073
359	2	2	292.39	146.20	129.45	5	5.5	0.00	0.00	REGULAR	2026-05-15 08:45:03.073
2944	9	9	4214.29	468.25	449.69	4.56	12.44	22.22	0.00	REGULAR	2026-05-15 08:45:03.073
946	4	4	436.34	109.09	90.50	3.75	17	50.00	0.00	DELAY_RISK	2026-05-15 08:45:03.073
1023	5	10	1799.46	179.95	166.22	5	6	0.00	0.00	REGULAR	2026-05-15 08:45:03.073
2938	1	1	103.29	103.29	67.50	1	NULL	0.00	100.00	LOW_REVIEW	2026-05-15 08:45:03.073
2961	18	18	1553.95	86.33	72.89	4.67	9.06	5.56	5.56	REGULAR	2026-05-15 08:45:03.073
2297	15	15	846.08	56.41	41.99	3.73	15.2	20.00	0.00	REGULAR	2026-05-15 08:45:03.073
1633	4	4	305.51	76.38	60.15	3.25	8.75	0.00	0.00	REGULAR	2026-05-15 08:45:03.073
336	1	3	130.65	43.55	30.00	5	4	0.00	0.00	REGULAR	2026-05-15 08:45:03.073
236	9	10	4719.44	471.94	452.80	4	20.3	30.00	20.00	DELAY_RISK	2026-05-15 08:45:03.073
1733	27	28	3535.16	126.26	99.20	4.46	19.59	14.29	28.57	REGULAR	2026-05-15 08:45:03.073
405	4	4	841.33	210.33	187.62	4.5	13.5	0.00	0.00	REGULAR	2026-05-15 08:45:03.073
1564	24	29	2054.52	70.85	50.58	4.48	17.31	13.79	3.45	REGULAR	2026-05-15 08:45:03.073
2397	15	28	2614.26	93.37	72.96	3	16.61	0.00	3.57	REGULAR	2026-05-15 08:45:03.073
1069	3	3	187.20	62.40	50.00	3.67	22.67	33.33	0.00	DELAY_RISK	2026-05-15 08:45:03.073
900	1	1	299.84	299.84	267.00	1	NULL	0.00	0.00	LOW_REVIEW	2026-05-15 08:45:03.073
1046	15	16	2393.02	149.56	113.53	3.56	16.56	18.75	6.25	REGULAR	2026-05-15 08:45:03.073
1710	5	5	1162.81	232.56	217.90	4.8	5.6	20.00	0.00	REGULAR	2026-05-15 08:45:03.073
923	8	8	4633.46	579.18	558.17	4	13	0.00	0.00	REGULAR	2026-05-15 08:45:03.073
2251	16	17	2846.64	167.45	149.64	4.24	14.82	5.88	29.41	REGULAR	2026-05-15 08:45:03.073
259	4	4	980.45	245.11	221.50	4.25	14.5	0.00	0.00	REGULAR	2026-05-15 08:45:03.073
1587	7	7	1054.78	150.68	109.44	4.43	10.5	14.29	0.00	REGULAR	2026-05-15 08:45:03.073
382	1	1	88.13	88.13	73.40	5	10	0.00	0.00	REGULAR	2026-05-15 08:45:03.073
528	125	173	8524.27	49.27	34.91	3.85	13.75	16.76	6.36	REGULAR	2026-05-15 08:45:03.073
1109	10	12	2142.85	178.57	157.18	3.67	12.67	8.33	25.00	REGULAR	2026-05-15 08:45:03.073
1856	11	18	4791.38	266.19	237.71	3.11	15.56	0.00	11.11	REGULAR	2026-05-15 08:45:03.073
113	12	12	557.84	46.49	27.07	3.71	14.25	0.00	25.00	REGULAR	2026-05-15 08:45:03.073
2188	16	17	1296.18	76.25	58.53	4.35	17.76	23.53	11.76	REGULAR	2026-05-15 08:45:03.073
860	2	2	328.06	164.03	145.13	5	24	0.00	0.00	REGULAR	2026-05-15 08:45:03.073
1441	3	3	2084.73	694.91	615.67	2.67	7	0.00	0.00	LOW_REVIEW	2026-05-15 08:45:03.073
1215	268	326	45420.53	139.33	121.06	3.85	14.34	9.51	7.36	REGULAR	2026-05-15 08:45:03.073
2543	214	239	32136.90	134.46	111.97	3.76	12.5	8.79	14.64	REGULAR	2026-05-15 08:45:03.073
754	42	42	4520.25	107.63	91.83	4.19	9.71	2.38	4.76	REGULAR	2026-05-15 08:45:03.073
2875	6	8	1909.55	238.69	205.92	3.5	6.5	0.00	25.00	REGULAR	2026-05-15 08:45:03.073
1547	6	6	1026.61	171.10	144.32	4	10	16.67	0.00	REGULAR	2026-05-15 08:45:03.073
422	6	7	279.39	39.91	26.14	5	7.71	0.00	28.57	REGULAR	2026-05-15 08:45:03.073
2735	30	32	2737.55	85.55	64.59	4.5	12.53	12.50	6.25	REGULAR	2026-05-15 08:45:03.073
2234	5	5	832.22	166.44	147.95	4.2	10.6	0.00	0.00	REGULAR	2026-05-15 08:45:03.073
67	10	10	1148.94	114.89	95.20	3.9	14.22	0.00	0.00	REGULAR	2026-05-15 08:45:03.073
1902	1	1	133.80	133.80	74.90	1	7	0.00	0.00	LOW_REVIEW	2026-05-15 08:45:03.073
3067	17	17	2752.44	161.91	148.68	4.06	10.5	5.88	5.88	REGULAR	2026-05-15 08:45:03.073
2984	5	5	594.58	118.92	101.55	3.4	15.5	0.00	20.00	REGULAR	2026-05-15 08:45:03.073
2589	21	23	7210.15	313.48	292.70	4	11.39	4.35	4.35	REGULAR	2026-05-15 08:45:03.073
2380	11	11	1136.52	103.32	78.12	4	21.64	9.09	9.09	REGULAR	2026-05-15 08:45:03.073
2921	8	10	2959.28	295.93	263.89	2.7	13.2	20.00	20.00	LOW_REVIEW	2026-05-15 08:45:03.073
2048	1	2	385.42	192.71	105.00	5	11	0.00	0.00	REGULAR	2026-05-15 08:45:03.073
27	11	11	531.88	48.35	35.73	4.27	10	18.18	0.00	REGULAR	2026-05-15 08:45:03.073
3021	2	2	51.36	25.68	11.20	3	12	0.00	0.00	REGULAR	2026-05-15 08:45:03.073
1693	2	3	730.04	243.35	184.57	5	21.33	33.33	0.00	DELAY_RISK	2026-05-15 08:45:03.073
1942	6	7	571.30	81.61	66.66	4.57	9.57	0.00	0.00	REGULAR	2026-05-15 08:45:03.073
276	2	2	115.52	57.76	34.90	4	8	0.00	50.00	REGULAR	2026-05-15 08:45:03.073
963	63	78	13077.93	167.67	128.50	3	26.44	12.82	6.41	REGULAR	2026-05-15 08:45:03.073
1006	17	26	8648.92	332.65	300.51	3.42	12.19	3.85	0.00	REGULAR	2026-05-15 08:45:03.073
2334	7	10	722.97	72.30	51.43	4.5	12.9	0.00	0.00	REGULAR	2026-05-15 08:45:03.073
2629	1	1	79.08	79.08	69.90	3	2	0.00	0.00	REGULAR	2026-05-15 08:45:03.073
322	29	32	4735.35	147.98	120.24	4.25	11.43	3.13	3.13	REGULAR	2026-05-15 08:45:03.073
1401	4	9	1229.40	136.60	120.00	5	11.56	0.00	0.00	REGULAR	2026-05-15 08:45:03.073
319	11	11	2785.96	253.27	239.70	4.36	15.36	18.18	9.09	REGULAR	2026-05-15 08:45:03.073
2483	33	38	5573.35	146.67	112.35	4.47	7.55	2.63	0.00	REGULAR	2026-05-15 08:45:03.073
2729	11	13	1756.18	135.09	110.47	4.54	8.54	0.00	15.38	REGULAR	2026-05-15 08:45:03.073
568	2	4	148.70	37.18	21.85	5	5.25	0.00	0.00	REGULAR	2026-05-15 08:45:03.073
1647	13	13	1502.02	115.54	89.82	4.08	15	7.69	0.00	REGULAR	2026-05-15 08:45:03.073
1650	1	1	77.66	77.66	59.99	1	NULL	0.00	0.00	LOW_REVIEW	2026-05-15 08:45:03.073
1255	159	181	16141.36	89.18	71.07	4.15	12.05	3.87	7.73	REGULAR	2026-05-15 08:45:03.073
468	29	29	4568.71	157.54	134.40	4.07	13.11	6.90	0.00	REGULAR	2026-05-15 08:45:03.073
1009	6	6	8492.65	1415.44	1271.67	3.67	10.33	0.00	16.67	REGULAR	2026-05-15 08:45:03.073
173	7	12	1480.31	123.36	108.95	3.25	8	0.00	0.00	REGULAR	2026-05-15 08:45:03.073
1796	4	4	272.76	68.19	52.35	5	4.5	0.00	0.00	REGULAR	2026-05-15 08:45:03.073
2337	3	3	430.71	143.57	129.66	4.33	5.33	0.00	0.00	REGULAR	2026-05-15 08:45:03.073
960	2	2	118.84	59.42	43.40	5	11	0.00	0.00	REGULAR	2026-05-15 08:45:03.073
1501	1	1	112.78	112.78	95.00	1	NULL	0.00	0.00	LOW_REVIEW	2026-05-15 08:45:03.073
714	1	1	306.20	306.20	155.00	5	20	0.00	0.00	REGULAR	2026-05-15 08:45:03.073
2194	61	74	6193.90	83.70	65.91	4.49	7.93	5.41	8.11	REGULAR	2026-05-15 08:45:03.073
2526	18	21	9644.62	459.27	422.17	4.52	15.52	4.76	0.00	REGULAR	2026-05-15 08:45:03.073
107	71	93	8732.18	93.89	79.17	4.2	10.33	6.45	6.45	REGULAR	2026-05-15 08:45:03.073
3024	55	60	7875.71	131.26	111.23	3.92	14.62	0.00	13.33	REGULAR	2026-05-15 08:45:03.073
2028	15	15	14577.98	971.87	927.94	3.27	16.14	13.33	0.00	REGULAR	2026-05-15 08:45:03.073
2692	1	1	65.11	65.11	50.00	1	NULL	0.00	0.00	LOW_REVIEW	2026-05-15 08:45:03.073
2549	522	629	30762.06	48.91	33.69	3.64	14.29	5.25	13.67	REGULAR	2026-05-15 08:45:03.073
3047	114	119	6383.28	53.64	37.80	4.37	9.32	0.00	5.04	REGULAR	2026-05-15 08:45:03.073
156	61	73	3863.51	52.92	40.95	4.08	10.51	4.11	4.11	REGULAR	2026-05-15 08:45:03.073
820	143	152	21681.91	142.64	121.94	3.73	13.15	4.61	4.61	REGULAR	2026-05-15 08:45:03.073
485	8	8	2019.22	252.40	222.37	5	14.5	0.00	12.50	REGULAR	2026-05-15 08:45:03.073
1816	5	5	311.66	62.33	44.86	5	12.6	0.00	0.00	REGULAR	2026-05-15 08:45:03.073
1152	5	5	550.05	110.01	84.38	4	8.6	0.00	0.00	REGULAR	2026-05-15 08:45:03.073
1481	6	6	3068.85	511.48	452.50	4.17	18.83	16.67	16.67	REGULAR	2026-05-15 08:45:03.073
2171	149	184	12717.17	69.12	55.39	4.14	10.85	10.87	11.96	REGULAR	2026-05-15 08:45:03.073
1175	27	29	4232.65	145.95	126.80	4.45	14.07	3.45	0.00	REGULAR	2026-05-15 08:45:03.073
2835	11	11	2831.32	257.39	238.71	4.09	16.67	0.00	0.00	REGULAR	2026-05-15 08:45:03.073
130	4	11	988.10	89.83	74.15	2.82	6.73	0.00	0.00	LOW_REVIEW	2026-05-15 08:45:03.073
462	2	2	80.75	40.38	27.40	3	10.5	50.00	0.00	DELAY_RISK	2026-05-15 08:45:03.073
697	6	6	419.07	69.85	52.00	3.5	9.83	16.67	0.00	REGULAR	2026-05-15 08:45:03.073
2861	36	36	4881.38	135.59	112.84	4.19	16.31	16.67	2.78	REGULAR	2026-05-15 08:45:03.073
1361	11	11	985.04	89.55	69.56	4.36	14.82	0.00	0.00	REGULAR	2026-05-15 08:45:03.073
1859	1	1	280.91	280.91	259.60	1	34	100.00	0.00	LOW_REVIEW	2026-05-15 08:45:03.073
1195	4	5	436.01	87.20	66.90	4.6	11.8	0.00	0.00	REGULAR	2026-05-15 08:45:03.073
1295	24	27	1104.90	40.92	28.49	4.11	8.04	7.41	11.11	REGULAR	2026-05-15 08:45:03.073
797	35	40	8487.84	212.20	192.58	4.2	9.67	2.50	15.00	REGULAR	2026-05-15 08:45:03.073
2008	4	5	1960.97	392.19	369.72	4.6	9.8	0.00	0.00	REGULAR	2026-05-15 08:45:03.073
2002	2	2	453.92	226.96	212.45	5	5	0.00	0.00	REGULAR	2026-05-15 08:45:03.073
1836	4	4	10082.56	2520.64	2486.50	3.75	20.67	50.00	0.00	DELAY_RISK	2026-05-15 08:45:03.073
1959	12	14	3413.52	243.82	196.61	4.43	15.86	14.29	0.00	REGULAR	2026-05-15 08:45:03.073
2500	5	5	2612.56	522.51	383.00	3.8	16	0.00	0.00	REGULAR	2026-05-15 08:45:03.073
1338	7	9	383.66	42.63	29.00	3.67	8.67	0.00	0.00	REGULAR	2026-05-15 08:45:03.073
1461	2	2	353.63	176.82	165.00	2	12	0.00	0.00	LOW_REVIEW	2026-05-15 08:45:03.073
1487	31	39	2695.77	69.12	52.07	4.33	13.97	12.82	7.69	REGULAR	2026-05-15 08:45:03.073
654	1	3	274.11	91.37	68.31	1	NULL	0.00	0.00	LOW_REVIEW	2026-05-15 08:45:03.073
1318	16	18	9624.26	534.68	507.73	3.61	14.06	0.00	0.00	REGULAR	2026-05-15 08:45:03.073
2569	10	11	1251.41	113.76	95.28	4.91	5.82	0.00	0.00	REGULAR	2026-05-15 08:45:03.073
2151	1	1	35.74	35.74	14.90	5	13	0.00	0.00	REGULAR	2026-05-15 08:45:03.073
87	32	39	4396.75	112.74	87.00	3.41	11	12.82	12.82	REGULAR	2026-05-15 08:45:03.073
2128	9	10	847.30	84.73	68.72	4.5	6.7	10.00	0.00	REGULAR	2026-05-15 08:45:03.073
1169	62	78	3803.46	48.76	35.99	4.37	9.29	7.69	8.97	REGULAR	2026-05-15 08:45:03.073
505	2	2	123.87	61.94	47.00	4.5	9	0.00	0.00	REGULAR	2026-05-15 08:45:03.073
2792	1	1	34.10	34.10	20.00	5	12	0.00	0.00	REGULAR	2026-05-15 08:45:03.073
2669	1	1	98.34	98.34	79.90	5	10	0.00	0.00	REGULAR	2026-05-15 08:45:03.073
628	1	1	22.52	22.52	8.00	1	NULL	0.00	0.00	LOW_REVIEW	2026-05-15 08:45:03.073
1026	14	14	8283.43	591.67	571.64	3.86	12.42	0.00	0.00	REGULAR	2026-05-15 08:45:03.073
1773	5	5	2012.56	402.51	380.80	4.4	15.2	0.00	0.00	REGULAR	2026-05-15 08:45:03.073
2022	7	7	7036.19	1005.17	967.43	4.43	11.67	14.29	0.00	REGULAR	2026-05-15 08:45:03.073
777	18	26	2049.62	78.83	66.20	4.04	8.85	23.08	3.85	REGULAR	2026-05-15 08:45:03.073
1275	3	3	735.04	245.01	183.00	4	16.67	33.33	0.00	DELAY_RISK	2026-05-15 08:45:03.073
2271	1	1	30.82	30.82	22.50	2	8	100.00	0.00	LOW_REVIEW	2026-05-15 08:45:03.073
1524	5	5	2616.30	523.26	448.86	4.8	22	20.00	0.00	REGULAR	2026-05-15 08:45:03.073
3090	28	31	2087.13	67.33	53.19	4.16	10	6.45	3.23	REGULAR	2026-05-15 08:45:03.073
883	66	78	18494.93	237.11	218.75	3.72	13.32	8.97	2.56	REGULAR	2026-05-15 08:45:03.073
1418	27	27	10836.69	401.36	374.40	4.07	10.93	3.70	0.00	REGULAR	2026-05-15 08:45:03.073
1879	15	15	1975.24	131.68	106.33	3.53	10.86	0.00	0.00	REGULAR	2026-05-15 08:45:03.073
256	8	8	1983.29	247.91	225.25	4.25	11.38	12.50	0.00	REGULAR	2026-05-15 08:45:03.073
3041	1	1	172.04	172.04	159.90	5	4	0.00	0.00	REGULAR	2026-05-15 08:45:03.073
1381	1	1	53.72	53.72	45.00	3	14	0.00	0.00	REGULAR	2026-05-15 08:45:03.073
2898	31	31	4471.06	144.23	125.81	3.97	12.97	3.23	12.90	REGULAR	2026-05-15 08:45:03.073
1238	9	21	1436.21	68.39	54.09	4.05	15.45	9.52	14.29	REGULAR	2026-05-15 08:45:03.073
648	57	58	7693.63	132.65	110.45	4.67	12.02	3.45	3.45	REGULAR	2026-05-15 08:45:03.073
399	3	3	216.86	72.29	63.23	2.33	4	0.00	0.00	LOW_REVIEW	2026-05-15 08:45:03.073
2649	3	3	123.73	41.24	19.67	4.67	9.67	0.00	0.00	REGULAR	2026-05-15 08:45:03.073
2320	3	4	214.82	53.71	39.55	5	7.25	0.00	0.00	REGULAR	2026-05-15 08:45:03.073
7	13	26	1323.48	50.90	38.75	3.65	8.38	7.69	30.77	REGULAR	2026-05-15 08:45:03.073
1716	33	35	5423.32	154.95	127.30	4.09	10.14	2.86	5.71	REGULAR	2026-05-15 08:45:03.073
634	6	6	573.34	95.56	75.77	4	18	33.33	0.00	DELAY_RISK	2026-05-15 08:45:03.073
2257	1	1	139.53	139.53	120.00	5	24	0.00	0.00	REGULAR	2026-05-15 08:45:03.073
1630	2	2	78.04	39.02	25.99	4.5	9.5	0.00	0.00	REGULAR	2026-05-15 08:45:03.073
2712	3	4	178.66	44.67	29.99	3	41.67	25.00	25.00	REGULAR	2026-05-15 08:45:03.073
442	158	269	61679.33	229.29	203.27	3.7	13.81	5.95	16.36	HIGH_PERFORMER	2026-05-15 08:45:03.073
193	903	1405	170562.18	121.40	97.62	3.82	12.07	9.25	9.25	HIGH_PERFORMER	2026-05-15 08:45:03.073
691	18	24	2859.16	119.13	102.65	4.21	11.48	4.17	4.17	REGULAR	2026-05-15 08:45:03.073
2855	3	3	296.41	98.80	82.60	2.67	8	0.00	33.33	LOW_REVIEW	2026-05-15 08:45:03.073
2357	18	22	1515.35	68.88	52.30	4.45	10.05	4.55	13.64	REGULAR	2026-05-15 08:45:03.073
940	3	6	655.96	109.33	95.00	1.67	20	0.00	0.00	LOW_REVIEW	2026-05-15 08:45:03.073
2606	2	3	83.97	27.99	12.89	4.33	5.67	0.00	0.00	REGULAR	2026-05-15 08:45:03.073
2506	1	1	174.21	174.21	158.00	5	4	0.00	0.00	REGULAR	2026-05-15 08:45:03.073
840	59	61	5742.16	94.13	79.32	4.05	11.47	6.56	3.28	REGULAR	2026-05-15 08:45:03.073
299	8	9	2190.66	243.41	199.58	4	16.56	22.22	0.00	REGULAR	2026-05-15 08:45:03.073
3004	3	3	541.06	180.35	162.93	3.33	6.33	0.00	0.00	REGULAR	2026-05-15 08:45:03.073
342	2	2	97.62	48.81	30.50	5	7.5	0.00	0.00	REGULAR	2026-05-15 08:45:03.073
1965	1	1	102.48	102.48	75.00	3	9	0.00	0.00	REGULAR	2026-05-15 08:45:03.073
2065	3	11	485.05	44.10	34.81	5	8.09	0.00	0.00	REGULAR	2026-05-15 08:45:03.073
983	1	1	63.40	63.40	45.80	5	10	0.00	0.00	REGULAR	2026-05-15 08:45:03.073
2314	1	3	905.85	301.95	277.47	5	12	0.00	0.00	REGULAR	2026-05-15 08:45:03.073
1232	7	7	592.73	84.68	66.29	4	6.57	0.00	14.29	REGULAR	2026-05-15 08:45:03.073
150	1	1	33.16	33.16	22.20	5	42	0.00	100.00	REGULAR	2026-05-15 08:45:03.073
591	36	46	1433.37	31.16	21.34	4.46	6.28	0.00	10.87	REGULAR	2026-05-15 08:45:03.073
1673	3	3	288.01	96.00	82.00	3.33	15	33.33	33.33	DELAY_RISK	2026-05-15 08:45:03.073
2755	4	4	996.84	249.21	224.68	4.75	10	0.00	0.00	REGULAR	2026-05-15 08:45:03.073
1132	21	23	5694.20	247.57	227.81	4.7	8.74	0.00	0.00	REGULAR	2026-05-15 08:45:03.073
2214	12	12	7334.10	611.18	582.33	4.33	10.92	16.67	0.00	REGULAR	2026-05-15 08:45:03.073
50	3	4	191.35	47.84	34.45	5	7	0.00	0.00	REGULAR	2026-05-15 08:45:03.073
2941	7	7	769.38	109.91	92.14	3.57	14.71	28.57	14.29	REGULAR	2026-05-15 08:45:03.073
24	31	39	1783.36	45.73	30.97	4.31	7.82	2.56	2.56	REGULAR	2026-05-15 08:45:03.073
2277	1	4	127.12	31.78	24.00	1	NULL	0.00	0.00	LOW_REVIEW	2026-05-15 08:45:03.073
1945	10	10	4247.98	424.80	404.41	3.9	9	0.00	10.00	REGULAR	2026-05-15 08:45:03.073
2609	1	1	47.14	47.14	30.00	5	12	0.00	0.00	REGULAR	2026-05-15 08:45:03.073
711	30	33	10105.35	306.22	284.42	3.91	13.3	3.03	15.15	REGULAR	2026-05-15 08:45:03.073
1258	31	31	12977.99	418.64	402.58	3.94	31.63	25.81	0.00	REGULAR	2026-05-15 08:45:03.073
2918	36	37	6632.75	179.26	149.45	4.49	8.97	10.81	8.11	REGULAR	2026-05-15 08:45:03.073
1590	16	19	1670.88	87.94	72.36	3.68	17.56	21.05	0.00	REGULAR	2026-05-15 08:45:03.073
2586	7	7	1945.29	277.90	252.71	3.57	18	28.57	0.00	REGULAR	2026-05-15 08:45:03.073
926	1	1	58.72	58.72	50.00	5	NULL	0.00	0.00	REGULAR	2026-05-15 08:45:03.073
2254	2	2	52.62	26.31	9.99	5	6	0.00	0.00	REGULAR	2026-05-15 08:45:03.073
47	3	3	478.57	159.52	137.83	3.67	20	33.33	0.00	DELAY_RISK	2026-05-15 08:45:03.073
1922	6	6	1612.03	268.67	247.40	3	16.67	33.33	0.00	DELAY_RISK	2026-05-15 08:45:03.073
379	1	2	638.58	319.29	268.88	4	8	0.00	0.00	REGULAR	2026-05-15 08:45:03.073
2231	80	81	7009.96	86.54	70.76	4.4	10.53	16.05	3.70	REGULAR	2026-05-15 08:45:03.073
402	386	425	62514.56	147.09	129.22	4.13	13.63	8.71	11.29	HIGH_PERFORMER	2026-05-15 08:45:03.073
1899	157	206	36602.96	177.68	163.61	3.98	15.09	9.22	13.59	REGULAR	2026-05-15 08:45:03.073
903	29	30	5501.01	183.37	166.52	4.17	13.37	3.33	6.67	REGULAR	2026-05-15 08:45:03.073
1567	20	20	4471.92	223.60	195.99	3.8	23.35	30.00	0.00	DELAY_RISK	2026-05-15 08:45:03.073
1235	13	15	2926.53	195.10	149.67	4.2	12.07	13.33	0.00	REGULAR	2026-05-15 08:45:03.073
1730	2	2	288.63	144.32	125.00	3.5	26	50.00	0.00	DELAY_RISK	2026-05-15 08:45:03.073
734	1	1	86.43	86.43	59.47	1	53	100.00	0.00	LOW_REVIEW	2026-05-15 08:45:03.073
1398	203	216	41478.92	192.03	171.62	4.01	15.52	4.63	2.31	REGULAR	2026-05-15 08:45:03.073
70	62	66	7438.93	112.71	87.27	3.88	14.56	6.06	7.58	REGULAR	2026-05-15 08:45:03.073
2563	28	29	5499.80	189.65	152.52	3.93	13.52	3.45	0.00	REGULAR	2026-05-15 08:45:03.073
1066	27	34	6163.42	181.28	159.12	4.12	13.29	5.88	5.88	REGULAR	2026-05-15 08:45:03.073
571	7	7	1955.12	279.30	257.66	4.71	11.71	0.00	0.00	REGULAR	2026-05-15 08:45:03.073
239	1	1	2818.74	2818.74	2749.00	1	10	0.00	0.00	LOW_REVIEW	2026-05-15 08:45:03.073
1753	17	17	4080.67	240.04	201.99	4.47	8.88	0.00	0.00	REGULAR	2026-05-15 08:45:03.073
1876	7	7	1682.22	240.32	213.86	3.86	13.71	14.29	14.29	REGULAR	2026-05-15 08:45:03.073
93	5	11	1028.99	93.54	76.55	2.73	6.27	0.00	0.00	LOW_REVIEW	2026-05-15 08:45:03.073
548	19	23	1750.55	76.11	60.73	3.7	15	26.09	8.70	REGULAR	2026-05-15 08:45:03.073
1421	2	2	76.22	38.11	24.93	4	8	0.00	0.00	REGULAR	2026-05-15 08:45:03.073
1089	8	9	928.04	103.12	87.89	3.33	10.83	0.00	0.00	REGULAR	2026-05-15 08:45:03.073
2085	1	1	179.92	179.92	165.00	2	NULL	0.00	0.00	LOW_REVIEW	2026-05-15 08:45:03.073
2417	1	1	1511.86	1511.86	1489.00	1	33	100.00	0.00	LOW_REVIEW	2026-05-15 08:45:03.073
425	36	36	14452.65	401.46	377.56	4.28	11.34	5.56	2.78	REGULAR	2026-05-15 08:45:03.073
880	14	23	1278.75	55.60	39.47	4.39	10.96	4.35	17.39	REGULAR	2026-05-15 08:45:03.073
216	2	2	436.67	218.34	198.50	3.5	20.5	50.00	0.00	DELAY_RISK	2026-05-15 08:45:03.073
757	10	16	1427.97	89.25	77.81	4.56	4.06	18.75	6.25	REGULAR	2026-05-15 08:45:03.073
1544	2	2	248.42	124.21	91.60	4	12	50.00	0.00	DELAY_RISK	2026-05-15 08:45:03.073
1212	2	2	216.23	108.12	74.85	5	12.5	0.00	50.00	REGULAR	2026-05-15 08:45:03.073
780	4	5	661.81	132.36	113.76	4.2	21.8	20.00	0.00	REGULAR	2026-05-15 08:45:03.073
1189	106	109	25170.79	230.92	209.91	4.46	10.79	1.83	3.67	REGULAR	2026-05-15 08:45:03.073
1444	54	71	7703.74	108.50	93.65	3.52	11.01	1.41	9.86	REGULAR	2026-05-15 08:45:03.073
2772	4	4	269.56	67.39	51.45	4.5	12.5	25.00	0.00	REGULAR	2026-05-15 08:45:03.073
2108	4	4	3548.10	887.03	815.95	4.5	19.75	25.00	25.00	REGULAR	2026-05-15 08:45:03.073
525	1	1	359.91	359.91	334.99	5	6	0.00	0.00	REGULAR	2026-05-15 08:45:03.073
1467	132	143	9058.53	63.35	48.95	4.21	8.6	2.80	6.99	REGULAR	2026-05-15 08:45:03.073
2131	44	54	9248.93	171.28	154.69	3.85	13.94	12.96	0.00	REGULAR	2026-05-15 08:45:03.073
2795	18	19	1747.69	91.98	77.45	4.37	8.94	0.00	10.53	REGULAR	2026-05-15 08:45:03.073
1736	208	225	14231.70	63.25	48.65	4.2	9.29	9.78	2.22	REGULAR	2026-05-15 08:45:03.073
2400	14	17	2213.89	130.23	107.39	3.35	10.29	17.65	5.88	REGULAR	2026-05-15 08:45:03.073
3064	9	10	862.25	86.23	72.47	3.8	11.8	10.00	0.00	REGULAR	2026-05-15 08:45:03.073
233	3	3	151.14	50.38	39.23	5	3.67	33.33	0.00	DELAY_RISK	2026-05-15 08:45:03.073
2818	4	4	978.43	244.61	229.18	3.75	10	25.00	0.00	REGULAR	2026-05-15 08:45:03.073
2964	3	3	299.06	99.69	83.23	4.67	5	0.00	0.00	REGULAR	2026-05-15 08:45:03.073
2423	1	1	185.88	185.88	142.47	5	24	0.00	0.00	REGULAR	2026-05-15 08:45:03.073
3087	4	4	183.53	45.88	31.15	3.5	9.5	0.00	25.00	REGULAR	2026-05-15 08:45:03.073
1939	382	413	31112.88	75.33	61.33	4.25	8.17	4.84	2.91	REGULAR	2026-05-15 08:45:03.073
279	1	3	1097.31	365.77	269.90	1	NULL	0.00	0.00	LOW_REVIEW	2026-05-15 08:45:03.073
611	34	35	4151.12	118.60	104.60	4.23	8.63	0.00	0.00	REGULAR	2026-05-15 08:45:03.073
1690	11	12	1318.71	109.89	86.78	4.33	9.83	8.33	16.67	REGULAR	2026-05-15 08:45:03.073
362	10	11	295.07	26.82	15.64	4.09	7.9	0.00	0.00	REGULAR	2026-05-15 08:45:03.073
1358	4	7	356.84	50.98	36.63	2.14	25.2	14.29	0.00	LOW_REVIEW	2026-05-15 08:45:03.073
30	2	2	93.85	46.93	27.49	3	NULL	0.00	0.00	REGULAR	2026-05-15 08:45:03.073
1607	1	1	37.13	37.13	18.90	5	4	0.00	0.00	REGULAR	2026-05-15 08:45:03.073
1049	21	28	5790.48	206.80	160.02	3.93	8.82	0.00	7.14	REGULAR	2026-05-15 08:45:03.073
717	5	5	484.94	96.99	80.52	3.8	13.75	0.00	0.00	REGULAR	2026-05-15 08:45:03.073
920	8	8	1409.39	176.17	156.78	3.13	24.57	0.00	0.00	REGULAR	2026-05-15 08:45:03.073
1252	1	2	321.34	160.67	149.00	5	NULL	0.00	0.00	REGULAR	2026-05-15 08:45:03.073
2377	2	2	141.33	70.67	45.49	1	NULL	0.00	0.00	LOW_REVIEW	2026-05-15 08:45:03.073
2045	2	2	159.68	79.84	70.00	3	9	0.00	50.00	REGULAR	2026-05-15 08:45:03.073
316	110	114	17162.34	150.55	125.19	4.07	14.43	6.14	2.63	REGULAR	2026-05-15 08:45:03.073
1985	11	18	3213.79	178.54	144.28	4.11	10.44	0.00	0.00	REGULAR	2026-05-15 08:45:03.073
2981	5	7	319.02	45.57	27.65	4.14	9.29	0.00	42.86	REGULAR	2026-05-15 08:45:03.073
1653	4	5	379.38	75.88	56.36	4.8	7.6	0.00	0.00	REGULAR	2026-05-15 08:45:03.073
671	20	20	2227.59	111.38	93.59	3.95	17.82	10.00	0.00	REGULAR	2026-05-15 08:45:03.073
2626	29	29	2362.92	81.48	63.66	3.66	12.11	17.24	0.00	REGULAR	2026-05-15 08:45:03.073
966	10	11	417.47	37.95	26.80	4.27	4.4	0.00	0.00	REGULAR	2026-05-15 08:45:03.073
1298	21	21	854.46	40.69	29.25	4.67	7.81	9.52	0.00	REGULAR	2026-05-15 08:45:03.073
1003	6	7	6383.89	911.98	808.19	3.29	11.86	0.00	0.00	REGULAR	2026-05-15 08:45:03.073
2294	3	8	733.72	91.72	72.28	2.75	7.38	0.00	0.00	LOW_REVIEW	2026-05-15 08:45:03.073
3027	305	338	20475.70	60.58	47.25	4.41	11.17	5.92	5.92	REGULAR	2026-05-15 08:45:03.073
2440	30	36	3800.79	105.58	87.47	3.97	11.22	2.78	0.00	REGULAR	2026-05-15 08:45:03.073
2191	16	22	757.75	34.44	18.78	4.09	7.86	22.73	4.55	REGULAR	2026-05-15 08:45:03.073
1112	12	13	1231.58	94.74	81.90	4.46	6.08	15.38	0.00	REGULAR	2026-05-15 08:45:03.073
2778	13	13	643.55	49.50	38.81	4.46	7	0.00	15.38	REGULAR	2026-05-15 08:45:03.073
857	1	1	169.15	169.15	150.00	4	10	0.00	0.00	REGULAR	2026-05-15 08:45:03.073
863	2	6	556.81	92.80	66.30	4.17	8.17	0.00	0.00	REGULAR	2026-05-15 08:45:03.073
1106	1	1	203.77	203.77	139.00	5	7	0.00	0.00	REGULAR	2026-05-15 08:45:03.073
1799	340	364	11459.51	31.48	17.92	3.9	13.48	7.42	2.75	REGULAR	2026-05-15 08:45:03.073
465	26	47	1859.02	39.55	27.22	2.51	12.74	48.94	4.26	LOW_REVIEW	2026-05-15 08:45:03.073
2340	9	17	1300.64	76.51	57.13	4.41	18	29.41	0.00	REGULAR	2026-05-15 08:45:03.073
176	31	32	3661.68	114.43	95.21	4.5	9.19	0.00	15.63	REGULAR	2026-05-15 08:45:03.073
1504	11	12	1850.23	154.19	136.58	4.25	11	0.00	16.67	REGULAR	2026-05-15 08:45:03.073
1793	13	15	1458.00	97.20	83.73	3.87	8.27	20.00	0.00	REGULAR	2026-05-15 08:45:03.073
170	3	3	133.60	44.53	28.12	2.67	21.67	33.33	0.00	LOW_REVIEW	2026-05-15 08:45:03.073
1404	9	13	874.18	67.24	56.08	3.69	4.85	30.77	7.69	DELAY_RISK	2026-05-15 08:45:03.073
2486	707	825	77884.79	94.41	77.08	3.76	14.25	5.33	14.18	HIGH_PERFORMER	2026-05-15 08:45:03.073
2732	38	41	8317.29	202.86	138.11	3.8	14.82	12.20	9.76	REGULAR	2026-05-15 08:45:03.073
2237	1	1	97.66	97.66	80.90	5	10	0.00	100.00	REGULAR	2026-05-15 08:45:03.073
565	3	3	1460.85	486.95	453.00	3.33	14	0.00	0.00	REGULAR	2026-05-15 08:45:03.073
2878	46	50	3269.87	65.40	50.37	3.4	18.26	32.00	4.00	DELAY_RISK	2026-05-15 08:45:03.073
419	28	29	4364.74	150.51	104.38	3.79	12.38	13.79	6.90	REGULAR	2026-05-15 08:45:03.073
1550	7	7	1397.14	199.59	175.57	3.57	14.14	28.57	0.00	REGULAR	2026-05-15 08:45:03.073
2091	1	1	80.89	80.89	65.00	1	NULL	0.00	0.00	LOW_REVIEW	2026-05-15 08:45:03.073
2632	3	3	270.49	90.16	77.30	3.67	13	0.00	0.00	REGULAR	2026-05-15 08:45:03.073
2360	12	16	1061.28	66.33	52.46	3.75	19.88	43.75	6.25	DELAY_RISK	2026-05-15 08:45:03.073
1862	18	18	8893.33	494.07	435.60	4.56	13.8	11.11	0.00	REGULAR	2026-05-15 08:45:03.073
1696	5	5	848.72	169.74	133.97	2.8	29.4	40.00	40.00	LOW_REVIEW	2026-05-15 08:45:03.073
2858	2	3	283.74	94.58	66.56	1.67	11.33	0.00	0.00	LOW_REVIEW	2026-05-15 08:45:03.073
2881	25	28	4365.78	155.92	134.18	3.79	13.64	10.71	0.00	REGULAR	2026-05-15 08:45:03.073
2715	1	1	49.69	49.69	20.00	5	11	0.00	0.00	REGULAR	2026-05-15 08:45:03.073
1484	1	1	63.55	63.55	55.90	4	2	0.00	0.00	REGULAR	2026-05-15 08:45:03.073
2480	1	1	20.19	20.19	11.90	1	13	0.00	0.00	LOW_REVIEW	2026-05-15 08:45:03.073
1149	12	12	4131.27	344.27	313.50	4.17	8.58	8.33	8.33	REGULAR	2026-05-15 08:45:03.073
153	6	6	974.85	162.48	147.07	5	5.33	0.00	0.00	REGULAR	2026-05-15 08:45:03.073
488	8	8	976.73	122.09	104.37	5	7	0.00	0.00	REGULAR	2026-05-15 08:45:03.073
2148	1	1	312.49	312.49	250.00	4.5	NULL	0.00	100.00	REGULAR	2026-05-15 08:45:03.073
2503	65	66	17296.95	262.08	230.76	4.2	15.52	10.61	12.12	REGULAR	2026-05-15 08:45:03.073
794	5	5	1692.90	338.58	320.70	3.2	38.4	60.00	0.00	DELAY_RISK	2026-05-15 08:45:03.073
1839	1	1	204.06	204.06	180.00	5	7	0.00	100.00	REGULAR	2026-05-15 08:45:03.073
1507	1	1	109.90	109.90	94.49	5	8	0.00	0.00	REGULAR	2026-05-15 08:45:03.073
110	12	12	1862.35	155.20	136.83	4.42	14.33	8.33	0.00	REGULAR	2026-05-15 08:45:03.073
2523	146	183	16134.32	88.17	69.64	3.93	11.86	10.38	11.48	REGULAR	2026-05-15 08:45:03.073
2025	128	144	16273.92	113.01	95.03	3.66	12.55	11.11	9.03	REGULAR	2026-05-15 08:45:03.073
608	42	46	9272.72	201.58	174.40	4.61	10.52	2.17	0.00	REGULAR	2026-05-15 08:45:03.073
774	28	29	6804.52	234.64	217.10	3.86	7.34	0.00	0.00	REGULAR	2026-05-15 08:45:03.073
2689	7	8	468.98	58.62	44.17	4.25	14.88	0.00	12.50	REGULAR	2026-05-15 08:45:03.073
631	53	53	3037.31	57.31	44.34	4.42	7.21	0.00	9.43	REGULAR	2026-05-15 08:45:03.073
1172	43	46	1773.76	38.56	25.17	4.48	7.67	6.52	0.00	REGULAR	2026-05-15 08:45:03.073
2174	18	20	12863.41	643.17	569.75	4.6	7.5	5.00	20.00	REGULAR	2026-05-15 08:45:03.073
133	109	141	18332.12	130.02	112.38	3.85	12.83	4.96	9.93	REGULAR	2026-05-15 08:45:03.073
508	23	35	14634.88	418.14	363.79	3.63	13.82	2.86	2.86	REGULAR	2026-05-15 08:45:03.073
10	130	165	22370.79	135.58	117.11	4.33	9.18	7.27	7.27	REGULAR	2026-05-15 08:45:03.073
2672	108	113	12853.88	113.75	95.72	3.59	15.17	5.31	7.08	REGULAR	2026-05-15 08:45:03.073
674	8	10	681.01	68.10	52.33	4.1	8.5	10.00	0.00	REGULAR	2026-05-15 08:45:03.073
2838	1	1	125.64	125.64	98.00	5	11	0.00	0.00	REGULAR	2026-05-15 08:45:03.073
1982	4	7	490.39	70.06	58.79	4.43	8.71	0.00	0.00	REGULAR	2026-05-15 08:45:03.073
2646	1	1	99.34	99.34	85.00	1	NULL	0.00	0.00	LOW_REVIEW	2026-05-15 08:45:03.073
482	6	6	896.93	149.49	136.67	4.67	9.17	16.67	16.67	REGULAR	2026-05-15 08:45:03.073
2815	2	2	338.63	169.32	153.45	5	9	0.00	0.00	REGULAR	2026-05-15 08:45:03.073
1315	3	4	377.78	94.45	67.62	4.5	9.75	25.00	0.00	REGULAR	2026-05-15 08:45:03.073
651	1	1	224.44	224.44	135.98	5	10	0.00	0.00	REGULAR	2026-05-15 08:45:03.073
2005	98	106	10574.25	99.76	83.18	2.95	16.77	24.53	2.83	LOW_REVIEW	2026-05-15 08:45:03.073
800	22	22	4364.47	198.39	174.80	4.59	6.73	0.00	4.55	REGULAR	2026-05-15 08:45:03.073
2546	29	35	2144.69	61.28	41.97	4.43	9.71	11.43	0.00	REGULAR	2026-05-15 08:45:03.073
1341	10	10	1802.30	180.23	164.30	4.1	7.3	10.00	0.00	REGULAR	2026-05-15 08:45:03.073
1882	1	1	69.67	69.67	60.50	5	3	100.00	0.00	DELAY_RISK	2026-05-15 08:45:03.073
1464	2	2	410.42	205.21	180.00	2.5	13.5	0.00	0.00	LOW_REVIEW	2026-05-15 08:45:03.073
196	3	3	287.76	95.92	69.63	5	7	0.00	33.33	REGULAR	2026-05-15 08:45:03.073
2105	6	7	3574.06	510.58	396.94	3.86	9.86	0.00	0.00	REGULAR	2026-05-15 08:45:03.073
694	34	36	5607.99	155.78	131.86	3.75	6.75	8.33	2.78	REGULAR	2026-05-15 08:45:03.073
943	22	25	2313.20	92.53	77.22	3.44	20.63	28.00	0.00	REGULAR	2026-05-15 08:45:03.073
445	16	17	1571.71	92.45	75.86	4.06	9.94	0.00	0.00	REGULAR	2026-05-15 08:45:03.073
1192	2	2	261.05	130.53	114.50	5	8	0.00	0.00	REGULAR	2026-05-15 08:45:03.073
1713	48	52	5829.87	112.11	80.05	4.04	10.12	15.38	11.54	REGULAR	2026-05-15 08:45:03.073
1086	41	42	7398.18	176.15	152.05	4.12	10.45	2.38	0.00	REGULAR	2026-05-15 08:45:03.073
2211	24	25	2568.75	102.75	89.00	4.24	9.92	8.00	4.00	REGULAR	2026-05-15 08:45:03.073
2709	54	61	6047.91	99.15	82.66	4.13	14.36	8.20	4.92	REGULAR	2026-05-15 08:45:03.073
551	17	18	4660.67	258.93	240.60	3.06	14.86	5.56	0.00	REGULAR	2026-05-15 08:45:03.073
90	14	15	555.49	37.03	23.11	3.47	14.31	6.67	6.67	REGULAR	2026-05-15 08:45:03.073
588	5	5	427.13	85.43	51.38	4.6	8.6	0.00	0.00	REGULAR	2026-05-15 08:45:03.073
2403	59	59	15196.12	257.56	238.29	4.4	10.14	3.39	11.86	REGULAR	2026-05-15 08:45:03.073
1570	6	6	1435.62	239.27	218.32	4.83	4.17	16.67	0.00	REGULAR	2026-05-15 08:45:03.073
2317	41	44	2749.13	62.48	43.97	4.14	9.34	9.09	4.55	REGULAR	2026-05-15 08:45:03.073
1321	5	5	524.50	104.90	88.61	3.4	17.5	0.00	0.00	REGULAR	2026-05-15 08:45:03.073
731	3	3	235.11	78.37	49.90	3.67	25.67	33.33	0.00	DELAY_RISK	2026-05-15 08:45:03.073
2652	15	15	1072.32	71.49	58.14	4.53	7.67	0.00	0.00	REGULAR	2026-05-15 08:45:03.073
2566	1	1	201.34	201.34	161.00	5	13	0.00	0.00	REGULAR	2026-05-15 08:45:03.073
2958	184	197	25084.01	127.33	110.74	3.89	12.5	7.11	4.06	REGULAR	2026-05-15 08:45:03.073
3044	4	4	509.47	127.37	110.00	3.25	6.75	0.00	0.00	REGULAR	2026-05-15 08:45:03.073
1335	3	3	477.01	159.00	139.30	3.67	15.33	0.00	0.00	REGULAR	2026-05-15 08:45:03.073
1962	2	2	190.13	95.07	69.90	3	47.5	50.00	50.00	DELAY_RISK	2026-05-15 08:45:03.073
253	2	2	102.89	51.45	39.18	1	15	0.00	0.00	LOW_REVIEW	2026-05-15 08:45:03.073
3007	2	3	264.43	88.14	73.27	5	10	0.00	0.00	REGULAR	2026-05-15 08:45:03.073
339	1	1	98.33	98.33	82.90	5	11	0.00	0.00	REGULAR	2026-05-15 08:45:03.073
1278	83	101	7901.45	78.23	59.07	3.66	10.7	8.91	2.97	REGULAR	2026-05-15 08:45:03.073
1029	20	20	1667.08	83.35	65.20	4.15	11.5	5.00	10.00	REGULAR	2026-05-15 08:45:03.073
1776	5	7	340.23	48.60	29.69	3.29	11.5	0.00	0.00	REGULAR	2026-05-15 08:45:03.073
1527	1	1	125.52	125.52	109.00	5	5	0.00	0.00	REGULAR	2026-05-15 08:45:03.073
1627	99	109	24951.27	228.91	209.85	3.07	21.21	10.09	7.34	REGULAR	2026-05-15 08:45:03.073
1670	245	299	36256.93	121.26	104.71	3.33	18.36	19.73	9.70	REGULAR	2026-05-15 08:45:03.073
4	51	55	2028.16	36.88	22.45	3.98	16	16.36	7.27	REGULAR	2026-05-15 08:45:03.073
1129	17	17	3736.53	219.80	185.18	4.35	9.12	0.00	5.88	REGULAR	2026-05-15 08:45:03.073
2168	2	2	101.99	51.00	31.85	4	16.5	0.00	0.00	REGULAR	2026-05-15 08:45:03.073
1819	64	71	5493.09	77.37	57.64	3.94	9.14	8.45	4.23	REGULAR	2026-05-15 08:45:03.073
737	2	2	334.43	167.22	150.00	4	26	0.00	0.00	REGULAR	2026-05-15 08:45:03.073
2068	3	4	158.93	39.73	25.56	4.75	15.25	50.00	0.00	DELAY_RISK	2026-05-15 08:45:03.073
986	3	3	378.76	126.25	101.24	4.33	5.67	0.00	0.00	REGULAR	2026-05-15 08:45:03.073
2901	3	4	170.99	42.75	34.69	3.5	4	0.00	0.00	REGULAR	2026-05-15 08:45:03.073
3001	10	10	1144.83	114.48	88.90	4.1	13	20.00	0.00	REGULAR	2026-05-15 08:45:03.073
2460	2	3	108.02	36.01	19.29	5	11.67	0.00	0.00	REGULAR	2026-05-15 08:45:03.073
296	1	1	212.06	212.06	201.90	1	21	100.00	0.00	LOW_REVIEW	2026-05-15 08:45:03.073
837	1	1	1323.79	1323.79	1299.00	5	26	0.00	0.00	REGULAR	2026-05-15 08:45:03.073
1378	1	1	63.08	63.08	25.99	5	10	0.00	0.00	REGULAR	2026-05-15 08:45:03.073
1919	1	1	37.54	37.54	19.30	5	14	0.00	0.00	REGULAR	2026-05-15 08:45:03.073
1447	11	18	1994.93	110.83	92.48	3.17	15.67	11.11	5.56	REGULAR	2026-05-15 08:45:03.073
783	12	13	2874.22	221.09	197.84	4.23	17.85	0.00	7.69	REGULAR	2026-05-15 08:45:03.073
1115	9	9	1179.50	131.06	91.78	4.89	9.33	11.11	11.11	REGULAR	2026-05-15 08:45:03.073
119	22	27	1559.73	57.77	45.03	3.81	8.07	3.70	7.41	REGULAR	2026-05-15 08:45:03.073
451	14	14	1189.37	84.96	69.95	4.93	5.64	0.00	0.00	REGULAR	2026-05-15 08:45:03.073
760	37	38	3394.42	89.33	73.82	3.82	15.56	18.42	7.89	REGULAR	2026-05-15 08:45:03.073
96	18	24	2422.22	100.93	74.00	3.25	8.58	0.00	16.67	REGULAR	2026-05-15 08:45:03.073
428	1	1	121.51	121.51	99.00	5	5	0.00	0.00	REGULAR	2026-05-15 08:45:03.073
1825	1258	1463	156636.27	107.07	90.07	4.03	10.67	8.13	3.01	TOP_SELLER	2026-05-15 08:45:03.073
2157	61	67	13494.51	201.41	184.18	4.4	12.19	0.00	20.90	REGULAR	2026-05-15 08:45:03.073
2821	22	25	3360.47	134.42	108.11	3.56	13.88	16.00	8.00	REGULAR	2026-05-15 08:45:03.073
829	14	14	5389.16	384.94	353.96	3.86	14.93	14.29	0.00	REGULAR	2026-05-15 08:45:03.073
1161	1	1	278.91	278.91	259.00	5	6	0.00	0.00	REGULAR	2026-05-15 08:45:03.073
1493	1	1	82.22	82.22	60.99	5	18	0.00	0.00	REGULAR	2026-05-15 08:45:03.073
2489	1	1	596.56	596.56	495.00	4	12	0.00	0.00	REGULAR	2026-05-15 08:45:03.073
2134	45	48	8960.72	186.68	158.86	4.23	8.48	2.08	6.25	REGULAR	2026-05-15 08:45:03.073
806	12	18	1379.47	76.64	58.46	4.28	12.56	5.56	0.00	REGULAR	2026-05-15 08:45:03.073
1138	23	24	514.19	21.42	10.96	4.04	8.63	0.00	12.50	REGULAR	2026-05-15 08:45:03.073
474	5	8	4466.31	558.29	534.28	3.88	13.88	12.50	12.50	REGULAR	2026-05-15 08:45:03.073
1470	5	5	450.63	90.13	76.51	4.8	5	0.00	0.00	REGULAR	2026-05-15 08:45:03.073
1802	1	1	152.47	152.47	125.85	5	13	0.00	0.00	REGULAR	2026-05-15 08:45:03.073
142	1	1	62.87	62.87	55.00	5	6	0.00	100.00	REGULAR	2026-05-15 08:45:03.073
2280	8	9	555.94	61.77	46.00	4.89	9	0.00	0.00	REGULAR	2026-05-15 08:45:03.073
1616	14	14	1245.10	88.94	69.92	4.43	10.21	0.00	0.00	REGULAR	2026-05-15 08:45:03.073
282	4	4	1512.99	378.25	353.75	3.75	25.33	50.00	25.00	DELAY_RISK	2026-05-15 08:45:03.073
288	8	11	477.00	43.36	24.42	3.64	16.1	0.00	9.09	REGULAR	2026-05-15 08:45:03.073
952	29	32	1297.90	40.56	29.02	3.75	10.25	3.13	9.38	REGULAR	2026-05-15 08:45:03.073
2867	2	2	65.83	32.92	21.50	3	7	0.00	0.00	REGULAR	2026-05-15 08:45:03.073
2203	2	2	414.79	207.40	188.40	1	35	0.00	0.00	LOW_REVIEW	2026-05-15 08:45:03.073
1639	383	431	73914.36	171.50	149.27	4.21	12.82	9.51	6.73	HIGH_PERFORMER	2026-05-15 08:45:03.073
2180	39	41	2912.67	71.04	50.72	4	13.66	4.88	7.32	REGULAR	2026-05-15 08:45:03.073
2303	27	27	1143.11	42.34	30.83	4.41	5.58	0.00	7.41	REGULAR	2026-05-15 08:45:03.073
1516	27	28	2338.17	83.51	67.15	4.61	9.59	0.00	10.71	REGULAR	2026-05-15 08:45:03.073
975	7	7	1482.47	211.78	187.90	1.57	17.43	0.00	0.00	LOW_REVIEW	2026-05-15 08:45:03.073
2967	11	12	694.77	57.90	44.99	4.25	5.17	8.33	0.00	REGULAR	2026-05-15 08:45:03.073
969	1	1	51.60	51.60	35.00	1	NULL	0.00	0.00	LOW_REVIEW	2026-05-15 08:45:03.073
2844	2	2	108.00	54.00	32.00	3	11	0.00	50.00	REGULAR	2026-05-15 08:45:03.073
305	1	1	162.59	162.59	139.90	4	14	0.00	0.00	REGULAR	2026-05-15 08:45:03.073
1662	17	17	2349.91	138.23	125.54	4.35	11.24	5.88	0.00	REGULAR	2026-05-15 08:45:03.073
2990	25	26	5599.04	215.35	184.53	4.58	12.6	7.69	7.69	REGULAR	2026-05-15 08:45:03.073
2326	1	1	95.65	95.65	79.99	5	5	0.00	0.00	REGULAR	2026-05-15 08:45:03.073
2890	9	9	892.54	99.17	87.02	4.56	8.11	0.00	0.00	REGULAR	2026-05-15 08:45:03.073
2472	4	4	139.03	34.76	21.25	4	6	0.00	0.00	REGULAR	2026-05-15 08:45:03.073
3013	16	21	4665.98	222.19	174.00	3.48	14	4.76	4.76	REGULAR	2026-05-15 08:45:03.073
1453	3	4	240.12	60.03	44.95	2.25	7.5	0.00	0.00	LOW_REVIEW	2026-05-15 08:45:03.073
2781	42	43	1979.17	46.03	30.50	4.26	9.21	4.65	6.98	REGULAR	2026-05-15 08:45:03.073
1702	20	26	3210.39	123.48	100.64	4.15	11.15	0.00	11.54	REGULAR	2026-05-15 08:45:03.073
2034	2	2	104.87	52.44	39.90	4	12	0.00	0.00	REGULAR	2026-05-15 08:45:03.073
1785	21	23	4961.51	215.72	198.27	4.48	9.05	0.00	8.70	REGULAR	2026-05-15 08:45:03.073
3030	1	2	111.70	55.85	44.00	1	NULL	0.00	0.00	LOW_REVIEW	2026-05-15 08:45:03.073
219	14	15	3111.70	207.45	141.07	3.93	14.57	26.67	6.67	REGULAR	2026-05-15 08:45:03.073
766	8	8	1240.83	155.10	131.50	4.63	6.5	0.00	0.00	REGULAR	2026-05-15 08:45:03.073
2721	9	10	599.13	59.91	47.25	4.5	15.9	30.00	0.00	DELAY_RISK	2026-05-15 08:45:03.073
2426	26	36	2255.44	62.65	49.11	3.92	9.6	8.33	2.78	REGULAR	2026-05-15 08:45:03.073
2389	6	8	223.10	27.89	16.75	4.13	3.25	12.50	37.50	REGULAR	2026-05-15 08:45:03.073
2094	6	7	438.62	62.66	49.99	3.71	9.67	0.00	14.29	REGULAR	2026-05-15 08:45:03.073
1098	13	13	933.82	71.83	53.18	4.46	7.08	7.69	0.00	REGULAR	2026-05-15 08:45:03.073
906	48	48	7302.33	152.13	134.55	4.02	10.46	2.08	4.17	REGULAR	2026-05-15 08:45:03.073
328	3	3	267.39	89.13	61.00	4.33	6.67	0.00	33.33	REGULAR	2026-05-15 08:45:03.073
411	120	147	17996.24	122.42	106.51	3.59	10.83	2.04	6.80	REGULAR	2026-05-15 08:45:03.073
574	59	64	9700.90	151.58	129.46	4.2	11.87	4.69	4.69	REGULAR	2026-05-15 08:45:03.073
1656	45	61	4428.03	72.59	51.76	4.02	14.9	4.92	14.75	REGULAR	2026-05-15 08:45:03.073
79	67	73	11036.19	151.18	127.88	3.93	14.37	4.11	2.74	REGULAR	2026-05-15 08:45:03.073
1988	5	5	439.95	87.99	69.00	4.8	10.8	0.00	0.00	REGULAR	2026-05-15 08:45:03.073
1407	3	3	1249.52	416.51	400.00	5	9	0.00	0.00	REGULAR	2026-05-15 08:45:03.073
1739	1	1	2155.35	2155.35	2090.00	5	10	0.00	0.00	REGULAR	2026-05-15 08:45:03.073
660	5	7	716.54	102.36	90.56	4.29	6.83	0.00	0.00	REGULAR	2026-05-15 08:45:03.073
1015	1	1	674.83	674.83	599.50	5	19	0.00	0.00	REGULAR	2026-05-15 08:45:03.073
2675	41	45	3970.98	88.24	62.66	3.73	16.74	11.11	0.00	REGULAR	2026-05-15 08:45:03.073
720	10	10	2212.60	221.26	199.95	3.8	9.9	0.00	0.00	REGULAR	2026-05-15 08:45:03.073
1261	78	87	8035.63	92.36	72.89	4.31	13.65	4.60	6.90	REGULAR	2026-05-15 08:45:03.073
1593	12	14	1856.27	132.59	119.25	3.07	7.5	0.00	0.00	REGULAR	2026-05-15 08:45:03.073
1347	29	29	13350.12	460.35	439.26	4.31	10.57	10.34	0.00	REGULAR	2026-05-15 08:45:03.073
1052	13	13	966.25	74.33	58.99	4.54	13.92	15.38	7.69	REGULAR	2026-05-15 08:45:03.073
265	5	5	1178.48	235.70	215.52	3	15.4	20.00	20.00	REGULAR	2026-05-15 08:45:03.073
2343	1	1	73.89	73.89	59.90	4	6	0.00	0.00	REGULAR	2026-05-15 08:45:03.073
2286	34	40	6895.95	172.40	149.18	4.45	10.4	0.00	5.00	REGULAR	2026-05-15 08:45:03.073
2535	12	12	3556.55	296.38	251.81	4	11.91	16.67	0.00	REGULAR	2026-05-15 08:45:03.073
620	16	23	1179.73	51.29	38.12	3.78	15.61	4.35	17.39	REGULAR	2026-05-15 08:45:03.073
1948	4	4	435.57	108.89	95.75	4.75	5.25	0.00	0.00	REGULAR	2026-05-15 08:45:03.073
365	2	2	468.94	234.47	159.00	4.5	12	0.00	50.00	REGULAR	2026-05-15 08:45:03.073
2529	8	9	964.99	107.22	66.49	4.22	8.67	0.00	0.00	REGULAR	2026-05-15 08:45:03.073
614	5	6	615.57	102.60	84.57	4.83	13.33	0.00	0.00	REGULAR	2026-05-15 08:45:03.073
1201	1	1	135.48	135.48	94.06	5	5	0.00	0.00	REGULAR	2026-05-15 08:45:03.073
1307	42	44	3705.10	84.21	70.45	4.32	5.55	4.55	4.55	REGULAR	2026-05-15 08:45:03.073
1842	38	40	4365.76	109.14	90.27	3.9	13.44	2.50	5.00	REGULAR	2026-05-15 08:45:03.073
2635	10	12	886.89	73.91	53.80	3	19.33	33.33	0.00	DELAY_RISK	2026-05-15 08:45:03.073
1848	10	21	1445.65	68.84	43.29	2.33	21.11	33.33	4.76	LOW_REVIEW	2026-05-15 08:45:03.073
514	6	6	840.33	140.06	123.40	3.83	18.83	33.33	16.67	DELAY_RISK	2026-05-15 08:45:03.073
1301	1	1	113.87	113.87	92.90	4	17	0.00	0.00	REGULAR	2026-05-15 08:45:03.073
2973	1	1	92.97	92.97	83.90	5	7	0.00	100.00	REGULAR	2026-05-15 08:45:03.073
1994	24	26	5577.74	214.53	167.25	4.38	10.42	3.85	3.85	REGULAR	2026-05-15 08:45:03.073
73	6	6	10050.04	1675.01	1558.83	4.5	15.17	0.00	0.00	REGULAR	2026-05-15 08:45:03.073
2827	4	4	89.61	22.40	15.01	3.5	5.33	0.00	0.00	REGULAR	2026-05-15 08:45:03.073
3076	1	1	261.97	261.97	210.00	1	NULL	0.00	0.00	LOW_REVIEW	2026-05-15 08:45:03.073
912	2	2	150.63	75.32	59.00	4	15.5	0.00	0.00	REGULAR	2026-05-15 08:45:03.073
1155	1	1	50.64	50.64	36.90	5	7	0.00	0.00	REGULAR	2026-05-15 08:45:03.073
2240	1	1	289.04	289.04	269.90	5	13	0.00	0.00	REGULAR	2026-05-15 08:45:03.073
1599	46	52	4721.18	90.79	76.06	3.54	7.56	0.00	1.92	REGULAR	2026-05-15 08:45:03.073
2140	103	131	6992.22	53.38	36.28	3.29	15.33	14.50	9.92	REGULAR	2026-05-15 08:45:03.073
2927	8	8	1484.90	185.61	136.00	4.88	8.63	0.00	0.00	REGULAR	2026-05-15 08:45:03.073
2681	2	2	233.25	116.63	102.88	3.5	9	0.00	0.00	REGULAR	2026-05-15 08:45:03.073
36	30	30	4463.88	148.80	129.44	4.83	9.6	3.33	0.00	REGULAR	2026-05-15 08:45:03.073
1530	1	1	147.59	147.59	119.90	5	7	0.00	0.00	REGULAR	2026-05-15 08:45:03.073
1032	10	10	2391.08	239.11	224.00	4.8	5	0.00	20.00	REGULAR	2026-05-15 08:45:03.073
534	7	9	253.34	28.15	18.51	4.89	6.67	11.11	0.00	REGULAR	2026-05-15 08:45:03.073
368	1	1	53.47	53.47	44.99	5	12	100.00	0.00	DELAY_RISK	2026-05-15 08:45:03.073
1553	329	338	62719.46	185.56	162.32	3.87	12.51	8.28	4.14	HIGH_PERFORMER	2026-05-15 08:45:03.073
1885	47	51	2203.36	43.20	31.92	4.51	8.96	5.88	13.73	REGULAR	2026-05-15 08:45:03.073
1387	8	8	896.83	112.10	97.00	2.5	12	12.50	0.00	LOW_REVIEW	2026-05-15 08:45:03.073
2598	91	107	14176.37	132.49	113.62	3.97	10.14	7.48	8.41	REGULAR	2026-05-15 08:45:03.073
391	11	11	1506.55	136.96	122.09	3	21.14	18.18	9.09	REGULAR	2026-05-15 08:45:03.073
2383	11	11	10638.69	967.15	894.73	4.18	5.7	0.00	0.00	REGULAR	2026-05-15 08:45:03.073
2432	4	7	438.99	62.71	47.86	4.71	11.14	14.29	0.00	REGULAR	2026-05-15 08:45:03.073
889	18	20	2954.21	147.71	120.95	3.95	8.7	0.00	10.00	REGULAR	2026-05-15 08:45:03.073
2051	4	4	191.06	47.77	29.90	5	15	0.00	0.00	REGULAR	2026-05-15 08:45:03.073
2406	4	4	491.33	122.83	105.45	3.75	10	0.00	0.00	REGULAR	2026-05-15 08:45:03.073
1410	1	1	249.39	249.39	229.90	5	12	0.00	0.00	REGULAR	2026-05-15 08:45:03.073
1742	1	1	446.20	446.20	299.90	3	60	100.00	0.00	DELAY_RISK	2026-05-15 08:45:03.073
2243	1	3	559.23	186.41	159.00	4	7	0.00	0.00	REGULAR	2026-05-15 08:45:03.073
1579	1	1	33.90	33.90	18.80	5	9	0.00	0.00	REGULAR	2026-05-15 08:45:03.073
2575	1	1	61.16	61.16	49.99	5	17	0.00	0.00	REGULAR	2026-05-15 08:45:03.073
746	1	1	192.94	192.94	170.00	4	6	0.00	0.00	REGULAR	2026-05-15 08:45:03.073
1224	23	23	1593.82	69.30	52.59	4.17	11	4.35	4.35	REGULAR	2026-05-15 08:45:03.073
2884	81	82	45977.98	560.71	524.90	4.46	12.27	3.66	3.66	REGULAR	2026-05-15 08:45:03.073
511	50	52	23177.35	445.72	429.02	4.4	8.79	0.00	1.92	REGULAR	2026-05-15 08:45:03.073
179	1	1	70.93	70.93	59.90	5	7	0.00	100.00	REGULAR	2026-05-15 08:45:03.073
2220	2	3	124.29	41.43	29.90	3.33	11.33	33.33	0.00	DELAY_RISK	2026-05-15 08:45:03.073
2761	3	3	533.86	177.95	150.96	4	7.67	0.00	0.00	REGULAR	2026-05-15 08:45:03.073
1765	1	1	376.57	376.57	354.90	5	10	0.00	0.00	REGULAR	2026-05-15 08:45:03.073
2618	525	526	49582.31	94.26	76.84	4.06	11.31	6.27	17.30	REGULAR	2026-05-15 08:45:03.073
703	59	61	4161.86	68.23	51.06	3.95	10.28	6.56	11.48	REGULAR	2026-05-15 08:45:03.073
869	8	12	902.23	75.19	55.00	4.58	7.92	0.00	8.33	REGULAR	2026-05-15 08:45:03.073
1367	4	4	1326.31	331.58	297.47	4	29.75	50.00	0.00	DELAY_RISK	2026-05-15 08:45:03.073
205	2	2	737.14	368.57	297.49	3	22.5	0.00	0.00	REGULAR	2026-05-15 08:45:03.073
1510	215	238	20361.90	85.55	67.34	4.04	15.95	13.45	7.56	REGULAR	2026-05-15 08:45:03.073
1344	4	4	406.32	101.58	86.50	4.75	4	0.00	0.00	REGULAR	2026-05-15 08:45:03.073
846	16	20	1449.77	72.49	53.94	4.15	4.75	0.00	5.00	REGULAR	2026-05-15 08:45:03.073
1244	19	20	2326.67	116.33	94.25	4.35	11.7	0.00	0.00	REGULAR	2026-05-15 08:45:03.073
1908	7	8	921.80	115.23	99.79	3.38	6.63	12.50	0.00	REGULAR	2026-05-15 08:45:03.073
577	68	83	5578.58	67.21	54.60	4.24	8.61	3.61	3.61	REGULAR	2026-05-15 08:45:03.073
2741	3	3	182.04	60.68	45.23	3.33	9.67	0.00	0.00	REGULAR	2026-05-15 08:45:03.073
2077	1	1	124.04	124.04	110.25	1	NULL	0.00	0.00	LOW_REVIEW	2026-05-15 08:45:03.073
1218	10	10	957.10	95.71	77.92	4.5	6.4	0.00	20.00	REGULAR	2026-05-15 08:45:03.073
554	6	6	228.05	38.01	27.60	3.33	5.17	0.00	0.00	REGULAR	2026-05-15 08:45:03.073
677	7	8	516.20	64.53	43.03	4.13	11	0.00	0.00	REGULAR	2026-05-15 08:45:03.073
2718	3	3	199.31	66.44	56.67	4.33	4.33	0.00	0.00	REGULAR	2026-05-15 08:45:03.073
136	1	1	74.51	74.51	59.00	5	6	0.00	0.00	REGULAR	2026-05-15 08:45:03.073
13	1	5	1079.75	215.95	169.90	1	26	0.00	0.00	LOW_REVIEW	2026-05-15 08:45:03.073
2698	28	29	4267.33	147.15	126.25	3.72	18.15	6.90	6.90	REGULAR	2026-05-15 08:45:03.073
1536	981	1363	239291.85	175.56	137.75	3.32	22.35	9.54	5.58	HIGH_PERFORMER	2026-05-15 08:45:03.073
2449	126	138	12703.16	92.05	76.83	4.15	11.04	11.59	4.35	REGULAR	2026-05-15 08:45:03.073
1287	4	6	203.99	34.00	20.00	4.83	6	0.00	0.00	REGULAR	2026-05-15 08:45:03.073
2947	2	2	262.78	131.39	89.40	5	8.5	0.00	0.00	REGULAR	2026-05-15 08:45:03.073
2057	97	137	9388.46	68.53	48.88	3.74	14.23	8.03	8.03	REGULAR	2026-05-15 08:45:03.073
2555	9	9	907.86	100.87	80.55	3.22	6.44	0.00	0.00	REGULAR	2026-05-15 08:45:03.073
434	5	5	6508.70	1301.74	1249.00	2.4	10	0.00	0.00	LOW_REVIEW	2026-05-15 08:45:03.073
1928	11	11	5176.30	470.57	447.00	4	14.09	9.09	0.00	REGULAR	2026-05-15 08:45:03.073
3053	4	11	3452.63	313.88	269.97	3.18	19	45.45	0.00	DELAY_RISK	2026-05-15 08:45:03.073
385	3	3	820.27	273.42	254.37	5	12.67	0.00	0.00	REGULAR	2026-05-15 08:45:03.073
932	4	5	353.26	70.65	57.94	2.4	10.4	20.00	0.00	LOW_REVIEW	2026-05-15 08:45:03.073
1430	1	1	251.83	251.83	229.90	5	3	0.00	0.00	REGULAR	2026-05-15 08:45:03.073
2071	7	7	2393.14	341.88	316.74	4.14	11.5	0.00	28.57	REGULAR	2026-05-15 08:45:03.073
242	37	38	4441.00	116.87	102.29	4.34	11.03	13.16	5.26	REGULAR	2026-05-15 08:45:03.073
989	63	73	4762.87	65.24	50.67	4.38	7.33	2.74	9.59	REGULAR	2026-05-15 08:45:03.073
1075	5	5	197.21	39.44	25.00	4.4	7.2	0.00	0.00	REGULAR	2026-05-15 08:45:03.073
2910	1	2	86.78	43.39	36.00	1	NULL	0.00	0.00	LOW_REVIEW	2026-05-15 08:45:03.073
2661	3	3	1288.59	429.53	390.00	4	12	0.00	0.00	REGULAR	2026-05-15 08:45:03.073
1324	1	1	31.69	31.69	18.90	5	6	0.00	0.00	REGULAR	2026-05-15 08:45:03.073
1679	28	31	4835.28	155.98	142.56	3.65	13.32	16.13	19.35	REGULAR	2026-05-15 08:45:03.073
2306	20	21	2337.01	111.29	94.85	3.95	9.71	0.00	0.00	REGULAR	2026-05-15 08:45:03.073
683	7	14	909.62	64.97	50.04	4.21	10.57	0.00	0.00	REGULAR	2026-05-15 08:45:03.073
597	1	1	927.82	927.82	910.00	5	8	0.00	0.00	REGULAR	2026-05-15 08:45:03.073
56	1	1	314.32	314.32	289.49	5	3	0.00	0.00	REGULAR	2026-05-15 08:45:03.073
199	114	132	8673.04	65.70	51.90	4.09	10.2	6.06	3.79	REGULAR	2026-05-15 08:45:03.073
448	13	16	1430.72	89.42	73.44	4.5	5.25	12.50	12.50	REGULAR	2026-05-15 08:45:03.073
1865	2	2	187.42	93.71	81.35	2.5	9	0.00	50.00	LOW_REVIEW	2026-05-15 08:45:03.073
2120	2	2	250.89	125.45	112.40	4.5	5.5	0.00	0.00	REGULAR	2026-05-15 08:45:03.073
2363	2	2	165.50	82.75	75.00	4.5	4	0.00	0.00	REGULAR	2026-05-15 08:45:03.073
2114	1	1	32.84	32.84	20.99	1	NULL	0.00	0.00	LOW_REVIEW	2026-05-15 08:45:03.073
2612	1	1	149.04	149.04	139.90	5	7	0.00	0.00	REGULAR	2026-05-15 08:45:03.073
2512	201	208	57998.58	278.84	248.81	4.06	12.98	5.77	2.40	HIGH_PERFORMER	2026-05-15 08:45:03.073
348	40	41	2934.28	71.57	55.21	4.27	9.21	4.88	2.44	REGULAR	2026-05-15 08:45:03.073
1971	11	16	1791.44	111.97	94.53	3.25	10.56	0.00	0.00	REGULAR	2026-05-15 08:45:03.073
1473	2	2	1082.56	541.28	492.00	1	NULL	0.00	50.00	LOW_REVIEW	2026-05-15 08:45:03.073
2014	1	1	106.73	106.73	83.00	5	11	0.00	0.00	REGULAR	2026-05-15 08:45:03.073
491	4	4	558.92	139.73	118.90	4.75	6.75	0.00	25.00	REGULAR	2026-05-15 08:45:03.073
2655	107	117	8713.04	74.47	61.08	4.2	9.97	4.27	9.40	REGULAR	2026-05-15 08:45:03.073
1822	9	9	319.04	35.45	25.46	4.56	11.56	33.33	11.11	DELAY_RISK	2026-05-15 08:45:03.073
2904	11	18	14565.74	809.21	781.65	3.44	18.94	22.22	0.00	REGULAR	2026-05-15 08:45:03.073
1573	14	14	2835.82	202.56	153.85	3.57	19.5	28.57	0.00	REGULAR	2026-05-15 08:45:03.073
740	6	6	258.70	43.12	30.50	4	12.33	16.67	0.00	REGULAR	2026-05-15 08:45:03.073
1181	64	75	16047.17	213.96	182.28	3.83	17.88	25.33	8.00	REGULAR	2026-05-15 08:45:03.073
2804	25	28	4177.76	149.21	133.83	3.86	10.04	3.57	0.00	REGULAR	2026-05-15 08:45:03.073
640	4	5	1194.30	238.86	223.00	4.4	9.8	0.00	0.00	REGULAR	2026-05-15 08:45:03.073
1722	8	23	1325.86	57.65	41.87	4.13	12.09	0.00	0.00	REGULAR	2026-05-15 08:45:03.073
99	2	2	74.86	37.43	25.90	4	8.5	0.00	50.00	REGULAR	2026-05-15 08:45:03.073
2263	14	14	8622.26	615.88	560.43	4.5	13.93	0.00	0.00	REGULAR	2026-05-15 08:45:03.073
285	410	545	41024.37	75.27	59.70	3.54	12.79	10.64	7.34	REGULAR	2026-05-15 08:45:03.073
1613	66	66	44207.42	669.81	604.66	4.55	14.18	6.06	3.03	REGULAR	2026-05-15 08:45:03.073
1281	2	2	191.43	95.72	79.90	3	10.5	0.00	0.00	REGULAR	2026-05-15 08:45:03.073
617	1	1	43.13	43.13	24.90	4	8	0.00	0.00	REGULAR	2026-05-15 08:45:03.073
949	1	1	85.49	85.49	69.90	5	10	0.00	0.00	REGULAR	2026-05-15 08:45:03.073
262	50	64	19081.43	298.15	273.15	3.69	13.33	12.50	10.94	REGULAR	2026-05-15 08:45:03.073
594	2	2	734.75	367.38	349.99	4	12	0.00	0.00	REGULAR	2026-05-15 08:45:03.073
2160	44	49	6255.77	127.67	105.98	3.67	13.15	4.08	2.04	REGULAR	2026-05-15 08:45:03.073
2492	26	26	3051.29	117.36	101.37	4.38	11.31	7.69	3.85	REGULAR	2026-05-15 08:45:03.073
2824	2	2	85.03	42.52	24.25	5	6.5	0.00	0.00	REGULAR	2026-05-15 08:45:03.073
1828	1	3	630.06	210.02	190.00	1	22	0.00	0.00	LOW_REVIEW	2026-05-15 08:45:03.073
2515	39	40	8125.52	203.14	180.31	3.7	23.35	15.00	12.50	REGULAR	2026-05-15 08:45:03.073
2847	6	6	925.48	154.25	139.32	5	5.33	0.00	0.00	REGULAR	2026-05-15 08:45:03.073
1118	12	14	3548.95	253.50	234.29	3.79	11.79	0.00	7.14	REGULAR	2026-05-15 08:45:03.073
2369	2	3	1487.88	495.96	449.00	3	6	0.00	0.00	REGULAR	2026-05-15 08:45:03.073
3033	5	6	800.64	133.44	116.00	4.17	10.5	0.00	0.00	REGULAR	2026-05-15 08:45:03.073
454	10	11	771.61	70.15	52.10	4.18	9.09	0.00	9.09	REGULAR	2026-05-15 08:45:03.073
2446	10	11	341.99	31.09	18.26	3.18	21.22	36.36	0.00	DELAY_RISK	2026-05-15 08:45:03.073
116	3	3	522.83	174.28	150.67	4.67	8	0.00	0.00	REGULAR	2026-05-15 08:45:03.073
1782	1	1	72.18	72.18	49.90	5	12	0.00	0.00	REGULAR	2026-05-15 08:45:03.073
1141	148	155	17289.34	111.54	92.18	4.41	10.52	3.23	3.23	REGULAR	2026-05-15 08:45:03.073
803	19	21	3314.25	157.82	137.42	3.9	11.11	0.00	0.00	REGULAR	2026-05-15 08:45:03.073
2346	4	4	172.65	43.16	31.49	4	8	0.00	0.00	REGULAR	2026-05-15 08:45:03.073
1805	20	21	2420.11	115.24	93.00	3.9	11.2	0.00	14.29	REGULAR	2026-05-15 08:45:03.073
2469	12	12	4888.68	407.39	333.50	3.33	37.45	33.33	8.33	DELAY_RISK	2026-05-15 08:45:03.073
3010	19	21	1611.31	76.73	61.86	4.1	12	19.05	4.76	REGULAR	2026-05-15 08:45:03.073
1682	1	1	118.26	118.26	81.00	5	12	0.00	0.00	REGULAR	2026-05-15 08:45:03.073
995	4	4	478.82	119.71	102.40	4.75	7	50.00	0.00	DELAY_RISK	2026-05-15 08:45:03.073
2987	44	53	6034.06	113.85	97.15	4.28	10.36	1.89	3.77	REGULAR	2026-05-15 08:45:03.073
2154	15	16	1748.25	109.27	87.75	3.69	13.94	12.50	6.25	REGULAR	2026-05-15 08:45:03.073
1659	3	3	155.00	51.67	40.09	4	9.33	0.00	0.00	REGULAR	2026-05-15 08:45:03.073
408	1	1	204.76	204.76	178.99	5	15	0.00	100.00	REGULAR	2026-05-15 08:45:03.073
162	3	4	892.03	223.01	198.16	4	18.75	0.00	0.00	REGULAR	2026-05-15 08:45:03.073
2323	4	5	272.33	54.47	37.76	3.8	7.8	0.00	0.00	REGULAR	2026-05-15 08:45:03.073
1490	2	2	653.75	326.88	298.13	1.5	28	50.00	0.00	LOW_REVIEW	2026-05-15 08:45:03.073
1072	1	1	166.05	166.05	139.00	5	6	0.00	0.00	REGULAR	2026-05-15 08:45:03.073
826	1	1	83.01	83.01	64.99	5	18	0.00	0.00	REGULAR	2026-05-15 08:45:03.073
1636	185	190	47875.93	251.98	235.77	4.21	10.14	6.32	4.21	REGULAR	2026-05-15 08:45:03.073
1513	146	178	25129.32	141.18	121.77	3.72	11.55	12.92	7.87	REGULAR	2026-05-15 08:45:03.073
849	12	12	2965.32	247.11	210.17	4.08	13.73	0.00	0.00	REGULAR	2026-05-15 08:45:03.073
2177	85	95	5807.03	61.13	47.39	4.34	12.44	14.74	4.21	REGULAR	2026-05-15 08:45:03.073
1095	10	10	901.14	90.11	69.66	4.6	7.2	0.00	0.00	REGULAR	2026-05-15 08:45:03.073
431	2	2	90.08	45.04	30.00	4.5	13.5	0.00	0.00	REGULAR	2026-05-15 08:45:03.073
1759	8	8	4993.40	624.18	601.66	4.38	12.25	12.50	0.00	REGULAR	2026-05-15 08:45:03.073
972	11	12	7723.87	643.66	616.83	4.25	9.92	0.00	0.00	REGULAR	2026-05-15 08:45:03.073
2300	2	2	249.06	124.53	109.95	4.5	3.5	0.00	0.00	REGULAR	2026-05-15 08:45:03.073
2841	3	3	84.01	28.00	17.00	5	6	0.00	0.00	REGULAR	2026-05-15 08:45:03.073
308	1	1	39.34	39.34	30.00	3	NULL	0.00	100.00	REGULAR	2026-05-15 08:45:03.073
2200	157	167	4819.34	28.86	15.27	4.1	10.29	2.99	1.80	REGULAR	2026-05-15 08:45:03.073
2283	88	89	11682.83	131.27	115.11	3.97	9.84	4.49	6.74	REGULAR	2026-05-15 08:45:03.073
2532	65	67	7821.93	116.75	104.31	4.81	4.97	20.90	4.48	REGULAR	2026-05-15 08:45:03.073
1204	3	3	1390.47	463.49	436.67	4.67	7	0.00	0.00	REGULAR	2026-05-15 08:45:03.073
1951	4	4	248.64	62.16	44.05	4.5	6	0.00	0.00	REGULAR	2026-05-15 08:45:03.073
2887	22	56	5195.84	92.78	77.67	3.41	9.73	0.00	30.36	REGULAR	2026-05-15 08:45:03.073
2592	59	59	19754.06	334.81	319.56	4.19	9.86	6.78	13.56	REGULAR	2026-05-15 08:45:03.073
1596	5	5	216.70	43.34	27.90	2.4	13	0.00	20.00	LOW_REVIEW	2026-05-15 08:45:03.073
2924	17	18	1996.58	110.92	90.15	4.44	21.06	5.56	16.67	REGULAR	2026-05-15 08:45:03.073
1891	4	6	1655.65	275.94	251.27	4.5	27	16.67	0.00	REGULAR	2026-05-15 08:45:03.073
1264	1	1	133.84	133.84	119.90	5	2	0.00	0.00	REGULAR	2026-05-15 08:45:03.073
657	46	46	8355.01	181.63	159.91	4.39	12.59	4.35	4.35	REGULAR	2026-05-15 08:45:03.073
325	3	5	1142.55	228.51	207.99	3.6	16.8	0.00	0.00	REGULAR	2026-05-15 08:45:03.073
2970	20	23	3541.12	153.96	122.31	3.48	18	17.39	4.35	REGULAR	2026-05-15 08:45:03.073
2638	2	3	394.22	131.41	104.99	4.67	9.67	0.00	0.00	REGULAR	2026-05-15 08:45:03.073
1699	12	13	2671.83	205.53	170.37	2.54	10	0.00	15.38	LOW_REVIEW	2026-05-15 08:45:03.073
1450	40	43	2074.51	48.24	26.30	4.3	13.78	4.65	9.30	REGULAR	2026-05-15 08:45:03.073
2784	12	12	1899.96	158.33	139.90	3.08	13.42	33.33	0.00	DELAY_RISK	2026-05-15 08:45:03.073
122	5	5	406.17	81.23	65.90	3.4	14.25	20.00	0.00	REGULAR	2026-05-15 08:45:03.073
371	3	3	632.68	210.89	177.27	5	7	0.00	33.33	REGULAR	2026-05-15 08:45:03.073
2137	18	18	25185.49	1399.19	1372.18	1.72	23.36	50.00	11.11	LOW_REVIEW	2026-05-15 08:45:03.073
471	31	43	4103.60	95.43	78.10	3.88	10.9	6.98	13.95	REGULAR	2026-05-15 08:45:03.073
1012	3	3	316.23	105.41	87.23	5	11	0.00	0.00	REGULAR	2026-05-15 08:45:03.073
2678	2	2	3023.31	1511.66	1474.00	5	12	0.00	0.00	REGULAR	2026-05-15 08:45:03.073
809	4	5	837.10	167.42	129.99	2.8	16.2	0.00	0.00	LOW_REVIEW	2026-05-15 08:45:03.073
1350	1	1	182.59	182.59	169.90	1	NULL	0.00	0.00	LOW_REVIEW	2026-05-15 08:45:03.073
909	261	346	18989.84	54.88	42.17	3.71	12.68	8.96	4.05	REGULAR	2026-05-15 08:45:03.073
76	55	60	8721.44	145.36	125.35	3.97	13.41	3.33	11.67	REGULAR	2026-05-15 08:45:03.073
663	5	5	397.94	79.59	69.00	4.8	6.2	0.00	0.00	REGULAR	2026-05-15 08:45:03.073
1991	1	6	921.24	153.54	139.90	5	3	0.00	0.00	REGULAR	2026-05-15 08:45:03.073
3073	1	1	530.17	530.17	466.00	5	6	0.00	0.00	REGULAR	2026-05-15 08:45:03.073
1745	2	2	182.39	91.20	66.90	3	24	50.00	0.00	DELAY_RISK	2026-05-15 08:45:03.073
1158	1	1	30.32	30.32	22.90	5	1	0.00	0.00	REGULAR	2026-05-15 08:45:03.073
1304	18	22	2376.65	108.03	91.95	3.86	14.24	9.09	9.09	REGULAR	2026-05-15 08:45:03.073
2386	5	5	695.59	139.12	101.90	3.2	12.4	0.00	0.00	REGULAR	2026-05-15 08:45:03.073
222	3	4	1653.63	413.41	393.18	2.75	8.75	0.00	0.00	LOW_REVIEW	2026-05-15 08:45:03.073
517	16	16	2477.55	154.85	135.31	4.19	12.25	6.25	0.00	REGULAR	2026-05-15 08:45:03.073
1845	1	1	94.47	94.47	79.00	5	1	0.00	0.00	REGULAR	2026-05-15 08:45:03.073
1058	1	1	77.65	77.65	62.45	1	NULL	0.00	0.00	LOW_REVIEW	2026-05-15 08:45:03.073
763	1	1	225.21	225.21	209.00	4	6	0.00	0.00	REGULAR	2026-05-15 08:45:03.073
1364	35	72	5128.06	71.22	57.65	3.79	11.32	6.94	29.17	REGULAR	2026-05-15 08:45:03.073
700	25	27	3843.11	142.34	100.99	3.89	14.26	14.81	0.00	REGULAR	2026-05-15 08:45:03.073
202	59	71	2885.44	40.64	27.74	4.59	8.65	5.63	2.82	REGULAR	2026-05-15 08:45:03.073
866	17	37	1621.50	43.82	28.31	3.32	12.05	8.11	10.81	REGULAR	2026-05-15 08:45:03.073
1198	3	3	215.98	71.99	51.66	1	NULL	0.00	0.00	LOW_REVIEW	2026-05-15 08:45:03.073
2764	69	83	33556.49	404.30	377.67	4.25	13.64	8.43	0.00	REGULAR	2026-05-15 08:45:03.073
1719	107	117	7688.23	65.71	47.82	4.25	10.95	1.71	5.13	REGULAR	2026-05-15 08:45:03.073
557	4	4	324.84	81.21	68.00	4	9.75	0.00	75.00	REGULAR	2026-05-15 08:45:03.073
1221	1	1	34.01	34.01	19.90	1	NULL	0.00	0.00	LOW_REVIEW	2026-05-15 08:45:03.073
2930	4	4	3762.08	940.52	890.75	4.25	20.25	0.00	0.00	REGULAR	2026-05-15 08:45:03.073
2217	4	4	419.67	104.92	88.48	4.25	9.25	0.00	0.00	REGULAR	2026-05-15 08:45:03.073
59	4	4	2970.42	742.61	687.00	2.25	14	0.00	0.00	LOW_REVIEW	2026-05-15 08:45:03.073
225	6	6	1063.97	177.33	133.00	3.5	9.17	16.67	0.00	REGULAR	2026-05-15 08:45:03.073
1055	2	2	213.13	106.57	91.24	2.5	20.5	50.00	0.00	LOW_REVIEW	2026-05-15 08:45:03.073
723	3	3	750.53	250.18	202.87	3.33	16.67	33.33	0.00	DELAY_RISK	2026-05-15 08:45:03.073
1078	58	70	5658.62	80.84	67.10	4.1	10.51	1.43	1.43	REGULAR	2026-05-15 08:45:03.073
3070	3	3	249.98	83.33	65.57	4.67	6.33	0.00	0.00	REGULAR	2026-05-15 08:45:03.073
2738	3	3	1405.83	468.61	427.35	4.33	11	0.00	0.00	REGULAR	2026-05-15 08:45:03.073
1911	4	4	368.40	92.10	79.00	4.75	6.25	0.00	0.00	REGULAR	2026-05-15 08:45:03.073
2074	2	2	6837.24	3418.62	3360.00	3.5	18	0.00	0.00	REGULAR	2026-05-15 08:45:03.073
2907	1	1	102.09	102.09	79.90	1	NULL	0.00	0.00	LOW_REVIEW	2026-05-15 08:45:03.073
1556	159	174	30335.93	174.34	157.18	4.09	15.55	13.22	14.94	REGULAR	2026-05-15 08:45:03.073
892	23	38	7115.96	187.26	167.94	3.97	13.5	2.63	26.32	REGULAR	2026-05-15 08:45:03.073
1433	78	83	24222.55	291.84	269.30	4.54	11.17	1.20	8.43	REGULAR	2026-05-15 08:45:03.073
2097	17	18	14074.70	781.93	733.66	4.5	15.24	11.11	11.11	REGULAR	2026-05-15 08:45:03.073
2429	42	43	16460.78	382.81	356.95	4.07	16.86	9.30	0.00	REGULAR	2026-05-15 08:45:03.073
3093	14	14	2259.55	161.40	131.42	4.21	18	14.29	0.00	REGULAR	2026-05-15 08:45:03.073
1888	3	3	4349.04	1449.68	1416.33	3.67	8	0.00	0.00	REGULAR	2026-05-15 08:45:03.073
843	11	11	3835.70	348.70	310.52	4.36	12.36	9.09	0.00	REGULAR	2026-05-15 08:45:03.073
2552	1	1	444.07	444.07	399.00	5	9	0.00	0.00	REGULAR	2026-05-15 08:45:03.073
2452	70	136	13096.61	96.30	71.17	3.72	13.83	2.21	11.03	REGULAR	2026-05-15 08:45:03.073
2031	5	6	933.93	155.66	133.82	4.83	10	0.00	16.67	REGULAR	2026-05-15 08:45:03.073
2695	91	93	7859.98	84.52	66.57	4.33	12.43	5.38	6.45	REGULAR	2026-05-15 08:45:03.073
531	1	1	119.70	119.70	62.49	4	19	0.00	0.00	REGULAR	2026-05-15 08:45:03.073
39	1	2	47.37	23.69	14.90	2	13	0.00	0.00	LOW_REVIEW	2026-05-15 08:45:03.073
33	14	16	6399.95	400.00	362.13	2.69	25.75	37.50	0.00	LOW_REVIEW	2026-05-15 08:45:03.073
1533	2	2	165.63	82.82	67.50	3	17	50.00	0.00	DELAY_RISK	2026-05-15 08:45:03.073
2197	1	1	143.25	143.25	129.90	4	12	0.00	0.00	REGULAR	2026-05-15 08:45:03.073
16	23	26	2089.37	80.36	62.30	4.73	11.31	0.00	3.85	REGULAR	2026-05-15 08:45:03.073
182	1	1	102.90	102.90	79.90	5	12	0.00	0.00	REGULAR	2026-05-15 08:45:03.073
680	3	8	733.66	91.71	62.63	5	11.13	0.00	0.00	REGULAR	2026-05-15 08:45:03.073
2572	28	31	1803.89	58.19	44.29	4.74	7.61	3.23	19.35	REGULAR	2026-05-15 08:45:03.073
2744	7	7	1584.02	226.29	192.63	5	10	0.00	0.00	REGULAR	2026-05-15 08:45:03.073
580	9	10	888.05	88.81	75.60	2.7	25.57	40.00	20.00	LOW_REVIEW	2026-05-15 08:45:03.073
1241	3	3	191.56	63.85	46.57	4.67	8	0.00	0.00	REGULAR	2026-05-15 08:45:03.073
1905	3	3	304.72	101.57	64.93	4	12.33	0.00	33.33	REGULAR	2026-05-15 08:45:03.073
823	1	1	214.56	214.56	199.00	5	7	0.00	0.00	REGULAR	2026-05-15 08:45:03.073
159	2	2	223.36	111.68	94.90	5	4.5	0.00	0.00	REGULAR	2026-05-15 08:45:03.073
1390	22	24	2247.93	93.66	71.33	3.92	14.13	12.50	16.67	REGULAR	2026-05-15 08:45:03.073
1931	72	76	14498.27	190.77	166.87	3.88	12.04	3.95	2.63	REGULAR	2026-05-15 08:45:03.073
2595	41	47	6085.70	129.48	103.97	4.4	10.23	2.13	6.38	REGULAR	2026-05-15 08:45:03.073
2054	1	2	182.34	91.17	79.99	3	4	0.00	0.00	REGULAR	2026-05-15 08:45:03.073
2366	275	304	48647.93	160.03	140.22	4.43	9.7	2.30	15.46	REGULAR	2026-05-15 08:45:03.073
1121	26	28	7019.92	250.71	230.48	3.96	12.57	3.57	0.00	REGULAR	2026-05-15 08:45:03.073
2864	96	101	8378.02	82.95	64.94	4.09	13.02	9.90	7.92	REGULAR	2026-05-15 08:45:03.073
2117	4	4	242.12	60.53	42.36	4.75	8.25	0.00	0.00	REGULAR	2026-05-15 08:45:03.073
1370	75	112	15792.12	141.00	106.99	3.73	12.58	5.36	6.25	REGULAR	2026-05-15 08:45:03.073
1868	12	16	3115.60	194.73	163.69	4.06	16	12.50	6.25	REGULAR	2026-05-15 08:45:03.073
2615	4	4	134.31	33.58	18.65	3.5	13.5	50.00	25.00	DELAY_RISK	2026-05-15 08:45:03.073
1619	5	7	1758.38	251.20	186.31	4.29	13	28.57	0.00	REGULAR	2026-05-15 08:45:03.073
2223	61	69	10575.81	153.27	118.57	4.04	16.22	2.90	10.14	REGULAR	2026-05-15 08:45:03.073
2758	19	19	2443.22	128.59	115.37	4.11	9.47	5.26	10.53	REGULAR	2026-05-15 08:45:03.073
600	8	8	617.88	77.24	59.90	4.38	16.13	0.00	0.00	REGULAR	2026-05-15 08:45:03.073
1762	4	4	6400.99	1600.25	1529.99	4.25	4.75	0.00	0.00	REGULAR	2026-05-15 08:45:03.073
53	11	17	6339.51	372.91	324.59	3.53	16.29	11.76	5.88	REGULAR	2026-05-15 08:45:03.073
2260	2	2	93.55	46.78	34.50	3	3	0.00	0.00	REGULAR	2026-05-15 08:45:03.073
2993	5	5	1002.90	200.58	169.96	4	17.8	20.00	0.00	REGULAR	2026-05-15 08:45:03.073
992	3	5	147.67	29.53	16.10	3.6	12.8	0.00	0.00	REGULAR	2026-05-15 08:45:03.073
743	1	1	84.78	84.78	76.09	5	8	0.00	0.00	REGULAR	2026-05-15 08:45:03.073
3056	66	73	3182.76	43.60	30.22	4.36	8.25	10.96	4.11	REGULAR	2026-05-15 08:45:03.073
388	43	43	9416.95	219.00	203.23	3.79	19.82	13.95	20.93	REGULAR	2026-05-15 08:45:03.073
302	1	1	40.02	40.02	28.80	1	NULL	0.00	0.00	LOW_REVIEW	2026-05-15 08:45:03.073
1925	10	10	508.12	50.81	35.63	4.8	13.1	10.00	20.00	REGULAR	2026-05-15 08:45:03.073
1974	2	2	79.73	39.87	26.40	4	8.5	0.00	0.00	REGULAR	2026-05-15 08:45:03.073
2011	2	2	711.25	355.63	338.50	4.5	9.5	0.00	0.00	REGULAR	2026-05-15 08:45:03.073
1384	5	5	1704.44	340.89	317.66	4.6	17.6	0.00	0.00	REGULAR	2026-05-15 08:45:03.073
929	1	1	173.23	173.23	154.90	5	28	0.00	0.00	REGULAR	2026-05-15 08:45:03.073
351	1	1	78.32	78.32	59.00	5	7	0.00	0.00	REGULAR	2026-05-15 08:45:03.073
1284	95	115	12374.62	107.61	95.75	3.5	14.93	15.65	22.61	REGULAR	2026-05-15 08:45:03.073
1035	7	7	772.83	110.40	92.76	3.86	13.71	0.00	14.29	REGULAR	2026-05-15 08:45:03.073
2950	74	76	4409.87	58.02	44.92	3.74	11.41	13.16	2.63	REGULAR	2026-05-15 08:45:03.073
2701	13	13	2618.43	201.42	172.32	4.38	9.33	0.00	0.00	REGULAR	2026-05-15 08:45:03.073
786	10	11	1829.91	166.36	145.03	4.36	15.64	0.00	9.09	REGULAR	2026-05-15 08:45:03.073
537	2	2	1454.44	727.22	577.00	5	19.5	0.00	0.00	REGULAR	2026-05-15 08:45:03.073
1178	6	7	1130.11	161.44	144.83	3.86	7	0.00	14.29	REGULAR	2026-05-15 08:45:03.073
1676	14	14	1607.68	114.83	98.07	4.5	6.36	0.00	14.29	REGULAR	2026-05-15 08:45:03.073
1135	9	10	974.30	97.43	77.58	4.7	9.5	0.00	0.00	REGULAR	2026-05-15 08:45:03.073
2801	19	23	1273.73	55.38	42.91	4.39	9.61	4.35	0.00	REGULAR	2026-05-15 08:45:03.073
637	4	5	518.41	103.68	72.32	3.2	12.2	0.00	0.00	REGULAR	2026-05-15 08:45:03.073
1327	8	8	666.21	83.28	63.07	3.75	6.25	0.00	0.00	REGULAR	2026-05-15 08:45:03.073
2409	19	20	17923.38	896.17	841.20	4.45	9.5	0.00	0.00	REGULAR	2026-05-15 08:45:03.073
245	6	6	404.93	67.49	51.49	4.33	10.5	0.00	0.00	REGULAR	2026-05-15 08:45:03.073
1576	10	11	1133.57	103.05	89.15	4.64	4.36	0.00	0.00	REGULAR	2026-05-15 08:45:03.073
494	2	3	4197.62	1399.21	1365.67	4.33	7.33	0.00	0.00	REGULAR	2026-05-15 08:45:03.073
2658	1	1	218.13	218.13	199.99	4	18	0.00	0.00	REGULAR	2026-05-15 08:45:03.073
3050	60	71	9147.77	128.84	115.77	3.82	10.53	2.82	8.45	REGULAR	2026-05-15 08:45:03.073
345	4	4	226.47	56.62	41.72	3.5	9	25.00	25.00	REGULAR	2026-05-15 08:45:03.073
1427	28	39	10661.69	273.38	244.07	3.95	11.64	0.00	10.26	REGULAR	2026-05-15 08:45:03.073
886	3	3	210.90	70.30	47.90	5	12.67	0.00	0.00	REGULAR	2026-05-15 08:45:03.073
2509	16	16	4803.61	300.23	274.07	4.69	11.38	12.50	6.25	REGULAR	2026-05-15 08:45:03.073
1968	1	1	55.95	55.95	41.52	5	9	0.00	0.00	REGULAR	2026-05-15 08:45:03.073
1044	2	2	433.72	216.86	192.50	2.5	12.5	50.00	0.00	LOW_REVIEW	2026-05-15 08:45:03.073
2040	75	86	15595.12	181.34	145.09	3.4	22.27	5.81	2.33	REGULAR	2026-05-15 08:45:03.073
712	32	36	4352.52	120.90	104.07	3.64	13.5	2.78	0.00	REGULAR	2026-05-15 08:45:03.073
3036	9	14	1132.39	80.89	66.96	3	7.07	0.00	0.00	REGULAR	2026-05-15 08:45:03.073
1376	8	10	685.35	68.54	58.50	4.5	12.2	0.00	0.00	REGULAR	2026-05-15 08:45:03.073
1708	6	9	643.32	71.48	50.89	4.78	12.56	0.00	0.00	REGULAR	2026-05-15 08:45:03.073
2704	33	34	6845.98	201.35	180.14	4.12	14.32	5.88	0.00	REGULAR	2026-05-15 08:45:03.073
2372	7	11	628.63	57.15	42.45	2.18	34.36	45.45	72.73	LOW_REVIEW	2026-05-15 08:45:03.073
2727	52	56	13966.71	249.41	231.00	4.2	12.64	7.14	8.93	REGULAR	2026-05-15 08:45:03.073
2063	105	112	11708.02	104.54	83.72	4.05	12.17	2.68	16.96	REGULAR	2026-05-15 08:45:03.073
3059	46	61	9289.37	152.28	133.70	4.14	8.8	4.92	13.11	REGULAR	2026-05-15 08:45:03.073
1399	5	5	219.75	43.95	27.72	4	21.2	20.00	0.00	REGULAR	2026-05-15 08:45:03.073
1731	2	2	162.13	81.07	47.49	2.5	11	0.00	0.00	LOW_REVIEW	2026-05-15 08:45:03.073
2395	8	8	868.64	108.58	84.25	4.06	15	12.50	37.50	REGULAR	2026-05-15 08:45:03.073
3082	44	47	7360.42	156.60	138.21	4.04	9.6	14.89	14.89	REGULAR	2026-05-15 08:45:03.073
2086	61	67	8315.80	124.12	108.49	4.45	9.57	7.46	7.46	REGULAR	2026-05-15 08:45:03.073
497	49	60	20132.83	335.55	317.09	4.08	9.27	1.67	8.33	REGULAR	2026-05-15 08:45:03.073
165	2	2	183.63	91.82	72.40	5	8.5	50.00	0.00	DELAY_RISK	2026-05-15 08:45:03.073
2750	7	7	787.26	112.47	95.93	4.57	17.86	14.29	0.00	REGULAR	2026-05-15 08:45:03.073
2418	4	4	165.16	41.29	24.40	2.25	5.75	0.00	0.00	LOW_REVIEW	2026-05-15 08:45:03.073
2896	45	49	3113.86	63.55	46.63	4.18	10.08	2.04	32.65	REGULAR	2026-05-15 08:45:03.073
2773	1	1	141.42	141.42	129.90	5	6	0.00	0.00	REGULAR	2026-05-15 08:45:03.073
2564	2	2	166.99	83.50	70.50	5	4	0.00	0.00	REGULAR	2026-05-15 08:45:03.073
2541	40	41	13141.80	320.53	285.44	4.56	9.05	4.88	2.44	REGULAR	2026-05-15 08:45:03.073
1877	7	8	1501.71	187.71	163.65	4.38	13.25	0.00	0.00	REGULAR	2026-05-15 08:45:03.073
875	5	5	412.93	82.59	73.00	4.8	5.2	0.00	0.00	REGULAR	2026-05-15 08:45:03.073
1539	1	1	40.10	40.10	25.00	5	19	0.00	0.00	REGULAR	2026-05-15 08:45:03.073
211	3	3	1596.66	532.22	399.00	5	5.33	0.00	0.00	REGULAR	2026-05-15 08:45:03.073
852	209	218	12934.88	59.33	45.06	4.07	9.87	6.42	3.67	REGULAR	2026-05-15 08:45:03.073
188	33	35	2746.47	78.47	61.79	4.4	13.31	14.29	2.86	REGULAR	2026-05-15 08:45:03.073
1190	2	3	3162.15	1054.05	1019.23	4.33	8.33	0.00	0.00	REGULAR	2026-05-15 08:45:03.073
2518	1	1	90.23	90.23	64.90	1	NULL	0.00	0.00	LOW_REVIEW	2026-05-15 08:45:03.073
311	9	10	458.50	45.85	31.11	4.3	12.3	0.00	20.00	REGULAR	2026-05-15 08:45:03.073
1854	1	1	97.78	97.78	89.90	5	9	0.00	0.00	REGULAR	2026-05-15 08:45:03.073
503	151	154	17762.69	115.34	94.59	4.2	8.81	3.25	3.90	REGULAR	2026-05-15 08:45:03.073
334	115	137	15001.43	109.50	97.38	2.18	14.98	18.25	4.38	LOW_REVIEW	2026-05-15 08:45:03.073
1831	172	190	14091.39	74.17	57.41	3.97	12.29	3.16	5.79	REGULAR	2026-05-15 08:45:03.073
2495	1	1	98.56	98.56	79.90	5	9	0.00	0.00	REGULAR	2026-05-15 08:45:03.073
1167	5	5	379.89	75.98	62.58	4.2	7.25	0.00	0.00	REGULAR	2026-05-15 08:45:03.073
1585	1	1	126.34	126.34	99.90	4	14	0.00	0.00	REGULAR	2026-05-15 08:45:03.073
2913	2	2	558.07	279.04	237.90	4.5	11.5	0.00	0.00	REGULAR	2026-05-15 08:45:03.073
998	2	2	1013.84	506.92	484.99	4.5	21	50.00	0.00	DELAY_RISK	2026-05-15 08:45:03.073
2249	5	6	644.02	107.34	91.57	4.83	4.67	0.00	0.00	REGULAR	2026-05-15 08:45:03.073
1808	68	76	18715.65	246.26	227.45	4.28	12.3	3.95	5.26	REGULAR	2026-05-15 08:45:03.073
1685	17	20	659.45	32.97	20.37	3.75	15.16	15.00	0.00	REGULAR	2026-05-15 08:45:03.073
1021	9	9	246.49	27.39	16.48	2.56	17.38	44.44	0.00	LOW_REVIEW	2026-05-15 08:45:03.073
2226	10	11	1644.08	149.46	122.65	4.27	10.64	0.00	9.09	REGULAR	2026-05-15 08:45:03.073
898	5	5	209.23	41.85	29.20	4.6	9	0.00	40.00	REGULAR	2026-05-15 08:45:03.073
1144	1	1	714.91	714.91	650.00	2	10	0.00	0.00	LOW_REVIEW	2026-05-15 08:45:03.073
357	2	2	237.53	118.77	104.40	5	8	0.00	0.00	REGULAR	2026-05-15 08:45:03.073
480	3	3	270.36	90.12	67.17	5	13.33	0.00	0.00	REGULAR	2026-05-15 08:45:03.073
2349	2	2	101.68	50.84	39.90	2.5	12	0.00	0.00	LOW_REVIEW	2026-05-15 08:45:03.073
234	1	1	31.92	31.92	17.80	5	18	0.00	0.00	REGULAR	2026-05-15 08:45:03.073
1562	2	2	546.55	273.28	256.95	1	NULL	0.00	0.00	LOW_REVIEW	2026-05-15 08:45:03.073
2627	166	181	10090.79	55.75	37.89	4.26	8.52	2.21	8.84	REGULAR	2026-05-15 08:45:03.073
457	11	12	567.85	47.32	28.67	4.75	7.58	0.00	0.00	REGULAR	2026-05-15 08:45:03.073
125	49	55	12808.02	232.87	207.17	3.87	13.04	5.45	5.45	REGULAR	2026-05-15 08:45:03.073
706	1	5	253.35	50.67	41.33	1	NULL	0.00	100.00	LOW_REVIEW	2026-05-15 08:45:03.073
65	60	63	8408.96	133.48	119.51	4.38	10.26	7.94	12.70	REGULAR	2026-05-15 08:45:03.073
2936	93	98	10482.25	106.96	90.70	4.09	12.37	10.20	5.10	REGULAR	2026-05-15 08:45:03.073
1393	6	6	1658.09	276.35	249.99	3.33	32.33	33.33	0.00	DELAY_RISK	2026-05-15 08:45:03.073
1061	3	3	194.24	64.75	50.60	4.67	10	0.00	33.33	REGULAR	2026-05-15 08:45:03.073
1940	2	2	51.02	25.51	13.99	1	NULL	0.00	0.00	LOW_REVIEW	2026-05-15 08:45:03.073
2000	3	3	406.39	135.46	120.39	4.33	30.33	66.67	0.00	DELAY_RISK	2026-05-15 08:45:03.073
1004	1	1	98.37	98.37	90.00	5	3	0.00	0.00	REGULAR	2026-05-15 08:45:03.073
2332	2	2	83.52	41.76	27.40	3.5	13	0.00	50.00	REGULAR	2026-05-15 08:45:03.073
19	37	38	5917.07	155.71	122.45	4.03	13.54	10.53	2.63	REGULAR	2026-05-15 08:45:03.073
2687	13	15	2476.37	165.09	152.49	4.4	5.27	0.00	0.00	REGULAR	2026-05-15 08:45:03.073
3019	1	1	236.79	236.79	185.00	1	NULL	0.00	0.00	LOW_REVIEW	2026-05-15 08:45:03.073
1545	175	186	6394.85	34.38	20.56	3.89	13.14	10.75	4.84	REGULAR	2026-05-15 08:45:03.073
1207	14	19	3096.03	162.95	146.62	3.26	13.65	0.00	0.00	REGULAR	2026-05-15 08:45:03.073
2873	1	1	58.28	58.28	39.90	5	5	0.00	0.00	REGULAR	2026-05-15 08:45:03.073
1794	4	4	651.25	162.81	138.48	3.75	7.5	0.00	0.00	REGULAR	2026-05-15 08:45:03.073
958	1	1	120.80	120.80	100.90	5	7	0.00	0.00	REGULAR	2026-05-15 08:45:03.073
858	1120	1144	247526.01	216.37	198.88	4.09	14.98	11.63	3.76	HIGH_PERFORMER	2026-05-15 08:45:03.073
2481	27	30	6060.59	202.02	182.59	4.67	13	3.33	3.33	REGULAR	2026-05-15 08:45:03.073
317	1	1	65.81	65.81	49.70	5	11	0.00	0.00	REGULAR	2026-05-15 08:45:03.073
1645	10	10	2845.12	284.51	235.50	4.4	21.2	0.00	40.00	REGULAR	2026-05-15 08:45:03.073
520	1	1	57.51	57.51	49.80	5	2	0.00	0.00	REGULAR	2026-05-15 08:45:03.073
1748	85	130	16212.51	124.71	111.52	2.97	14.02	12.31	12.31	LOW_REVIEW	2026-05-15 08:45:03.073
2581	60	68	5833.49	85.79	72.49	4.59	5.69	4.41	7.35	REGULAR	2026-05-15 08:45:03.073
1499	23	25	4366.66	174.67	156.30	4.32	9.24	0.00	8.00	REGULAR	2026-05-15 08:45:03.073
171	6	6	293.38	48.90	37.22	4.33	11.83	16.67	0.00	REGULAR	2026-05-15 08:45:03.073
420	23	24	4304.28	179.35	154.94	3.96	11.04	12.50	0.00	REGULAR	2026-05-15 08:45:03.073
666	1	1	36.84	36.84	24.99	5	5	0.00	0.00	REGULAR	2026-05-15 08:45:03.073
1253	1	1	28.01	28.01	19.90	5	4	0.00	0.00	REGULAR	2026-05-15 08:45:03.073
25	128	130	17565.48	135.12	114.01	4.31	10.64	6.15	3.08	REGULAR	2026-05-15 08:45:03.073
1894	32	33	6673.40	202.22	185.75	4.33	14.78	0.00	12.12	REGULAR	2026-05-15 08:45:03.073
566	13	13	724.47	55.73	43.13	4.31	9.69	0.00	7.69	REGULAR	2026-05-15 08:45:03.073
812	100	110	9497.95	86.35	73.08	4.35	10.79	7.27	5.45	REGULAR	2026-05-15 08:45:03.073
2435	9	10	1308.04	130.80	111.88	4.2	16	20.00	30.00	REGULAR	2026-05-15 08:45:03.073
1107	2	2	255.59	127.80	104.00	4.5	9	0.00	0.00	REGULAR	2026-05-15 08:45:03.073
271	2	2	397.61	198.81	179.00	5	6.5	0.00	0.00	REGULAR	2026-05-15 08:45:03.073
1353	1	1	82.03	82.03	59.90	5	15	0.00	0.00	REGULAR	2026-05-15 08:45:03.073
1293	26	33	8370.25	253.64	229.63	3.94	15.03	6.06	15.15	REGULAR	2026-05-15 08:45:03.073
2455	6	10	973.71	97.37	76.00	4.8	12.9	0.00	0.00	REGULAR	2026-05-15 08:45:03.073
1791	63	73	7168.16	98.19	81.27	4.15	10.43	2.74	9.59	REGULAR	2026-05-15 08:45:03.073
1459	14	14	713.53	50.97	33.97	4.43	14.85	0.00	7.14	REGULAR	2026-05-15 08:45:03.073
2953	27	28	2362.60	84.38	72.53	4.32	8.52	0.00	17.86	REGULAR	2026-05-15 08:45:03.073
961	12	22	1390.85	63.22	45.88	3.55	14.76	18.18	0.00	REGULAR	2026-05-15 08:45:03.073
1957	10	10	1563.68	156.37	130.49	4.4	25	20.00	10.00	REGULAR	2026-05-15 08:45:03.073
795	2	2	289.80	144.90	124.00	4	8	0.00	0.00	REGULAR	2026-05-15 08:45:03.073
938	60	73	8754.41	119.92	104.20	4.07	14.92	10.96	1.37	REGULAR	2026-05-15 08:45:03.073
440	134	161	10891.69	67.65	51.13	4.19	8.65	1.86	8.07	REGULAR	2026-05-15 08:45:03.073
2100	19	38	2223.80	58.52	37.50	3.13	24.45	13.16	0.00	REGULAR	2026-05-15 08:45:03.073
1602	27	27	20492.39	758.98	703.32	3.26	17.17	33.33	7.41	DELAY_RISK	2026-05-15 08:45:03.073
1934	1	1	72.74	72.74	62.80	5	5	0.00	0.00	REGULAR	2026-05-15 08:45:03.073
1436	3	3	2341.76	780.59	739.33	4.33	10.33	0.00	0.00	REGULAR	2026-05-15 08:45:03.073
583	52	62	3634.60	58.62	40.60	3.87	12.11	11.29	9.68	REGULAR	2026-05-15 08:45:03.073
2169	5	5	1110.01	222.00	201.50	3.8	29.67	0.00	20.00	REGULAR	2026-05-15 08:45:03.073
2833	9	16	2292.22	143.26	128.84	3.19	10.19	0.00	0.00	REGULAR	2026-05-15 08:45:03.073
2810	30	30	6881.35	229.38	188.09	4.17	10.24	10.00	3.33	REGULAR	2026-05-15 08:45:03.073
228	45	54	1699.87	31.48	19.55	3.98	6.06	3.70	5.56	REGULAR	2026-05-15 08:45:03.073
105	11	23	3064.33	133.23	90.14	3.3	12.96	13.04	0.00	REGULAR	2026-05-15 08:45:03.073
1814	7	8	334.09	41.76	29.37	4.5	16.13	12.50	0.00	REGULAR	2026-05-15 08:45:03.073
560	11	12	2468.41	205.70	167.08	3.08	13.13	8.33	0.00	REGULAR	2026-05-15 08:45:03.073
769	8	12	551.73	45.98	31.16	5	7.5	0.00	0.00	REGULAR	2026-05-15 08:45:03.073
1101	1	3	90.66	30.22	14.99	5	4	0.00	0.00	REGULAR	2026-05-15 08:45:03.073
2624	99	107	16612.39	155.26	125.02	4.05	13.85	3.74	6.54	REGULAR	2026-05-15 08:45:03.073
1124	62	62	8716.66	140.59	123.93	4.6	10.84	6.45	27.42	REGULAR	2026-05-15 08:45:03.073
460	12	14	1923.87	137.42	117.81	3	24.79	35.71	7.14	DELAY_RISK	2026-05-15 08:45:03.073
2126	2	2	726.15	363.08	280.00	4.5	15.5	0.00	0.00	REGULAR	2026-05-15 08:45:03.073
626	8	9	957.26	106.36	87.54	3.56	10.22	11.11	0.00	REGULAR	2026-05-15 08:45:03.073
2790	1	1	144.47	144.47	109.90	5	12	0.00	0.00	REGULAR	2026-05-15 08:45:03.073
1977	15	15	1062.09	70.81	52.56	3.57	8.42	0.00	33.33	REGULAR	2026-05-15 08:45:03.073
2647	39	40	2909.93	72.75	57.33	4.09	11.47	7.50	0.00	REGULAR	2026-05-15 08:45:03.073
2475	67	68	10481.12	154.13	136.21	4.31	12.61	1.47	0.00	REGULAR	2026-05-15 08:45:03.073
483	28	28	1185.42	42.34	29.82	4	7.61	21.43	3.57	REGULAR	2026-05-15 08:45:03.073
2641	1	1	775.98	775.98	730.00	3	NULL	0.00	0.00	REGULAR	2026-05-15 08:45:03.073
85	91	94	24204.15	257.49	234.24	3.81	10.93	2.13	4.26	REGULAR	2026-05-15 08:45:03.073
2498	125	132	20777.19	157.40	140.68	3.81	16.7	19.70	0.76	REGULAR	2026-05-15 08:45:03.073
1834	27	28	3697.80	132.06	115.28	4.64	6.11	0.00	3.57	REGULAR	2026-05-15 08:45:03.073
1416	17	18	2404.97	133.61	119.40	4.44	8.94	0.00	0.00	REGULAR	2026-05-15 08:45:03.073
752	1	1	158.45	158.45	139.90	3	NULL	0.00	100.00	REGULAR	2026-05-15 08:45:03.073
2667	6	7	967.08	138.15	117.00	3.43	6.86	0.00	0.00	REGULAR	2026-05-15 08:45:03.073
603	32	42	7481.55	178.13	160.27	4.33	15.5	9.52	9.52	REGULAR	2026-05-15 08:45:03.073
2767	224	255	11112.62	43.58	30.35	3.78	15.34	17.65	10.98	REGULAR	2026-05-15 08:45:03.073
62	6	11	751.76	68.34	56.99	5	4.82	0.00	0.00	REGULAR	2026-05-15 08:45:03.073
726	6	9	1221.69	135.74	119.56	4.67	11.44	0.00	0.00	REGULAR	2026-05-15 08:45:03.073
1267	20	20	7101.26	355.06	334.00	4.6	9.85	0.00	0.00	REGULAR	2026-05-15 08:45:03.073
775	12	12	23823.99	1985.33	1930.67	2.17	14.67	8.33	0.00	LOW_REVIEW	2026-05-15 08:45:03.073
1316	5	5	8359.02	1671.80	1614.00	3	16.4	20.00	0.00	REGULAR	2026-05-15 08:45:03.073
1857	13	13	1193.83	91.83	74.18	4.77	7.38	7.69	7.69	REGULAR	2026-05-15 08:45:03.073
2959	198	233	22706.98	97.45	81.58	3.73	14.38	6.44	14.59	REGULAR	2026-05-15 08:45:03.073
291	120	147	10870.30	73.95	59.10	3.39	11	4.76	1.36	REGULAR	2026-05-15 08:45:03.073
2710	29	31	5901.41	190.37	170.31	4.02	14.94	6.45	19.35	REGULAR	2026-05-15 08:45:03.073
42	9	9	215.55	23.95	12.77	4.44	9	0.00	0.00	REGULAR	2026-05-15 08:45:03.073
540	13	13	1539.70	118.44	93.84	4.92	13.46	0.00	0.00	REGULAR	2026-05-15 08:45:03.073
789	15	21	1237.06	58.91	41.09	4.71	9.1	0.00	14.29	REGULAR	2026-05-15 08:45:03.073
1038	2	2	175.14	87.57	72.40	1	23	50.00	0.00	LOW_REVIEW	2026-05-15 08:45:03.073
397	395	427	18373.49	43.03	28.85	3.9	11.29	5.39	4.92	REGULAR	2026-05-15 08:45:03.073
2106	8	8	486.14	60.77	42.49	4.13	9.13	0.00	12.50	REGULAR	2026-05-15 08:45:03.073
895	2	2	363.43	181.72	163.82	2	22.5	50.00	0.00	LOW_REVIEW	2026-05-15 08:45:03.073
2604	1	1	1556.70	1556.70	1455.00	5	14	0.00	0.00	REGULAR	2026-05-15 08:45:03.073
1665	8	8	7709.86	963.73	934.19	3.5	15.14	12.50	0.00	REGULAR	2026-05-15 08:45:03.073
2747	25	25	3832.73	153.31	127.48	4.48	10.52	0.00	0.00	REGULAR	2026-05-15 08:45:03.073
1336	58	66	9925.07	150.38	131.99	4.28	12.74	6.06	10.61	REGULAR	2026-05-15 08:45:03.073
1087	18	18	37657.77	2092.10	2025.50	4.28	12.72	0.00	11.11	REGULAR	2026-05-15 08:45:03.073
1914	5	6	401.24	66.87	49.78	4.17	7.33	16.67	0.00	REGULAR	2026-05-15 08:45:03.073
254	16	18	2188.86	121.60	90.15	4.33	14.33	5.56	0.00	REGULAR	2026-05-15 08:45:03.073
2996	1	1	77.75	77.75	61.56	3	13	0.00	100.00	REGULAR	2026-05-15 08:45:03.073
5	1	1	139.38	139.38	120.00	5	4	0.00	0.00	REGULAR	2026-05-15 08:45:03.073
1728	66	81	4620.74	57.05	36.68	4.14	13.55	4.94	1.23	REGULAR	2026-05-15 08:45:03.073
732	1073	1140	116541.10	102.23	82.70	4.07	13.37	5.88	3.33	TOP_SELLER	2026-05-15 08:45:03.073
2269	24	25	1419.91	56.80	40.19	3.28	13.27	8.00	0.00	REGULAR	2026-05-15 08:45:03.073
646	13	22	2431.81	110.54	97.34	4	10.55	9.09	4.55	REGULAR	2026-05-15 08:45:03.073
2355	9	9	774.16	86.02	69.90	4.22	11.5	0.00	0.00	REGULAR	2026-05-15 08:45:03.073
1273	2	2	670.98	335.49	313.50	2	39.5	100.00	0.00	LOW_REVIEW	2026-05-15 08:45:03.073
1373	12	12	1143.24	95.27	75.80	4.42	10.83	16.67	16.67	REGULAR	2026-05-15 08:45:03.073
1628	21	24	2045.24	85.22	66.03	3.83	8.29	0.00	4.17	REGULAR	2026-05-15 08:45:03.073
1871	2	2	50.83	25.42	14.00	4.5	5	0.00	0.00	REGULAR	2026-05-15 08:45:03.073
1622	1	1	105.74	105.74	89.90	5	NULL	0.00	0.00	REGULAR	2026-05-15 08:45:03.073
981	3	3	152.80	50.93	26.57	4	7.67	0.00	66.67	REGULAR	2026-05-15 08:45:03.073
1479	2	3	187.57	62.52	48.67	3.67	10	0.00	66.67	REGULAR	2026-05-15 08:45:03.073
1522	5	5	456.60	91.32	64.30	4.2	7.2	20.00	0.00	REGULAR	2026-05-15 08:45:03.073
2020	1	2	55.58	27.79	15.00	5	5	0.00	0.00	REGULAR	2026-05-15 08:45:03.073
248	22	30	3033.60	101.12	81.95	3.97	10.4	6.67	30.00	REGULAR	2026-05-15 08:45:03.073
2163	9	9	624.48	69.39	54.10	4.22	10.5	0.00	11.11	REGULAR	2026-05-15 08:45:03.073
1081	14	14	10664.81	761.77	708.96	3.86	14.93	7.14	0.00	REGULAR	2026-05-15 08:45:03.073
2412	1	1	55.79	55.79	39.00	5	25	0.00	0.00	REGULAR	2026-05-15 08:45:03.073
1330	1	1	108.86	108.86	89.99	1	37	100.00	100.00	LOW_REVIEW	2026-05-15 08:45:03.073
148	159	204	31374.04	153.79	136.59	3.96	14.47	3.43	13.73	REGULAR	2026-05-15 08:45:03.073
689	8	8	1695.07	211.88	191.15	4.63	11.88	0.00	12.50	REGULAR	2026-05-15 08:45:03.073
1771	4	6	421.68	70.28	56.57	3.67	7.75	0.00	0.00	REGULAR	2026-05-15 08:45:03.073
2312	5	5	242.74	48.55	32.39	4	6.8	0.00	0.00	REGULAR	2026-05-15 08:45:03.073
1230	2	2	564.14	282.07	258.80	5	14.5	0.00	0.00	REGULAR	2026-05-15 08:45:03.073
2853	1	1	66.89	66.89	55.00	3	24	100.00	0.00	DELAY_RISK	2026-05-15 08:45:03.073
546	7	13	407.70	31.36	18.14	3.77	9	0.00	0.00	REGULAR	2026-05-15 08:45:03.073
2870	15	17	816.21	48.01	33.74	3.18	7.18	5.88	0.00	REGULAR	2026-05-15 08:45:03.073
2538	1	1	64.22	64.22	49.70	2	NULL	0.00	0.00	LOW_REVIEW	2026-05-15 08:45:03.073
1542	5	5	451.38	90.28	51.45	4.4	8.8	0.00	0.00	REGULAR	2026-05-15 08:45:03.073
2206	3	4	220.56	55.14	39.90	4.5	9.5	0.00	0.00	REGULAR	2026-05-15 08:45:03.073
878	1	1	165.26	165.26	149.90	5	7	0.00	0.00	REGULAR	2026-05-15 08:45:03.073
1210	2	3	135.50	45.17	35.05	3	17	0.00	0.00	REGULAR	2026-05-15 08:45:03.073
1874	1	1	93.12	93.12	79.90	4	5	0.00	0.00	REGULAR	2026-05-15 08:45:03.073
2893	43	44	5557.24	126.30	105.51	3.66	16.91	25.00	0.00	REGULAR	2026-05-15 08:45:03.073
2561	20	20	2101.82	105.09	85.92	4.1	13.75	10.00	5.00	REGULAR	2026-05-15 08:45:03.073
1233	1	2	834.94	417.47	389.90	4	42	100.00	0.00	DELAY_RISK	2026-05-15 08:45:03.073
1565	7	8	1114.26	139.28	123.81	4.25	9.13	12.50	0.00	REGULAR	2026-05-15 08:45:03.073
2229	1	1	198.69	198.69	155.32	5	9	0.00	0.00	REGULAR	2026-05-15 08:45:03.073
1897	1	1	132.06	132.06	115.00	1	32	100.00	0.00	LOW_REVIEW	2026-05-15 08:45:03.073
168	9	10	552.90	55.29	40.29	4.5	8.5	0.00	20.00	REGULAR	2026-05-15 08:45:03.073
832	6	6	6170.31	1028.39	959.95	4.33	17.33	0.00	0.00	REGULAR	2026-05-15 08:45:03.073
1164	9	9	1435.18	159.46	129.50	3.44	16.89	22.22	0.00	REGULAR	2026-05-15 08:45:03.073
1496	3	7	1072.22	153.17	133.57	2.71	10	14.29	0.00	LOW_REVIEW	2026-05-15 08:45:03.073
500	1	2	381.48	190.74	171.39	5	21	100.00	0.00	DELAY_RISK	2026-05-15 08:45:03.073
855	138	151	15183.64	100.55	81.27	4.05	14.07	6.62	3.97	REGULAR	2026-05-15 08:45:03.073
1851	24	25	3793.85	151.75	114.35	3.8	12.46	12.00	4.00	REGULAR	2026-05-15 08:45:03.073
2183	11	12	1531.79	127.65	103.98	2.42	21	25.00	0.00	LOW_REVIEW	2026-05-15 08:45:03.073
523	3	3	930.17	310.06	286.00	3.67	4.67	0.00	0.00	REGULAR	2026-05-15 08:45:03.073
1519	22	22	10561.09	480.05	459.25	4.45	17.59	13.64	4.55	REGULAR	2026-05-15 08:45:03.073
1187	3	3	125.27	41.76	28.87	4.33	7.67	33.33	0.00	DELAY_RISK	2026-05-15 08:45:03.073
191	1	1	394.49	394.49	373.00	2	NULL	0.00	0.00	LOW_REVIEW	2026-05-15 08:45:03.073
1711	5	5	1853.90	370.78	310.58	2.6	15	0.00	0.00	LOW_REVIEW	2026-05-15 08:45:03.073
2375	4	9	691.70	76.86	54.99	3.11	15.67	0.00	0.00	REGULAR	2026-05-15 08:45:03.073
3039	22	25	2687.43	107.50	88.80	3.84	15.48	8.00	4.00	REGULAR	2026-05-15 08:45:03.073
1041	4	4	1449.64	362.41	340.70	3.25	7.5	0.00	0.00	REGULAR	2026-05-15 08:45:03.073
377	1	1	105.22	105.22	92.00	1	NULL	0.00	0.00	LOW_REVIEW	2026-05-15 08:45:03.073
1705	1	1	54.98	54.98	27.90	5	14	0.00	0.00	REGULAR	2026-05-15 08:45:03.073
1024	17	17	2462.07	144.83	127.40	4.35	16	23.53	11.76	REGULAR	2026-05-15 08:45:03.073
1018	5	5	295.45	59.09	47.12	4.4	10.4	0.00	0.00	REGULAR	2026-05-15 08:45:03.073
3016	1	1	104.37	104.37	89.00	5	15	0.00	0.00	REGULAR	2026-05-15 08:45:03.073
354	24	26	2188.93	84.19	62.09	4.5	14.85	11.54	11.54	REGULAR	2026-05-15 08:45:03.073
1688	2	2	777.13	388.57	367.50	3	25	0.00	0.00	REGULAR	2026-05-15 08:45:03.073
2352	2	2	513.08	256.54	218.90	5	13.5	0.00	0.00	REGULAR	2026-05-15 08:45:03.073
477	1	1	1038.90	1038.90	1009.90	5	4	0.00	0.00	REGULAR	2026-05-15 08:45:03.073
2916	29	29	6892.73	237.68	215.21	3.83	13.82	10.34	0.00	REGULAR	2026-05-15 08:45:03.073
3085	9	9	7188.62	798.74	779.67	4	11.63	0.00	0.00	REGULAR	2026-05-15 08:45:03.073
2252	2	2	1328.50	664.25	639.18	5	10	0.00	0.00	REGULAR	2026-05-15 08:45:03.073
331	1	1	113.69	113.69	97.90	5	6	0.00	0.00	REGULAR	2026-05-15 08:45:03.073
2398	9	9	3628.17	403.13	357.94	3.89	21.44	0.00	0.00	REGULAR	2026-05-15 08:45:03.073
2939	1	1	216.60	216.60	189.99	5	13	0.00	0.00	REGULAR	2026-05-15 08:45:03.073
185	1	1	27.59	27.59	9.00	5	15	0.00	0.00	REGULAR	2026-05-15 08:45:03.073
3062	1	1	71.72	71.72	49.90	5	7	0.00	0.00	REGULAR	2026-05-15 08:45:03.073
955	2	2	232.47	116.24	99.90	5	7.5	0.00	0.00	REGULAR	2026-05-15 08:45:03.073
872	15	16	2453.14	153.32	133.79	3.63	5.44	0.00	6.25	REGULAR	2026-05-15 08:45:03.073
2876	6	6	1173.93	195.66	164.62	5	11.67	16.67	0.00	REGULAR	2026-05-15 08:45:03.073
2544	9	9	1242.39	138.04	110.13	4.56	12.56	0.00	0.00	REGULAR	2026-05-15 08:45:03.073
623	3	3	246.60	82.20	72.90	3	13	33.33	33.33	DELAY_RISK	2026-05-15 08:45:03.073
231	23	23	4755.88	206.78	166.51	4.22	11.36	13.04	0.00	REGULAR	2026-05-15 08:45:03.073
1559	92	94	6193.70	65.89	50.59	4.13	12.53	11.70	2.13	REGULAR	2026-05-15 08:45:03.073
563	10	11	422.31	38.39	30.72	4.91	6.36	0.00	0.00	REGULAR	2026-05-15 08:45:03.073
2438	14	14	971.01	69.36	53.21	3.71	14.07	7.14	7.14	REGULAR	2026-05-15 08:45:03.073
268	1	1	356.11	356.11	249.90	5	12	0.00	0.00	REGULAR	2026-05-15 08:45:03.073
2770	4	4	141.64	35.41	18.20	4.75	10.25	0.00	0.00	REGULAR	2026-05-15 08:45:03.073
1997	160	179	28471.61	159.06	142.50	4.17	12.68	12.29	10.06	REGULAR	2026-05-15 08:45:03.073
669	517	603	49029.51	81.31	64.66	3.93	14.3	9.62	11.77	REGULAR	2026-05-15 08:45:03.073
2083	10	11	575.49	52.32	37.63	3.73	10	0.00	9.09	REGULAR	2026-05-15 08:45:03.073
2329	16	16	5068.16	316.76	291.81	3.88	10.75	6.25	6.25	REGULAR	2026-05-15 08:45:03.073
2578	19	26	8463.02	325.50	299.62	4.23	12.84	7.69	11.54	REGULAR	2026-05-15 08:45:03.073
1001	4	4	197.02	49.26	34.99	4.75	5.25	25.00	0.00	REGULAR	2026-05-15 08:45:03.073
3079	2	5	210.90	42.18	26.35	3.2	10.4	0.00	0.00	REGULAR	2026-05-15 08:45:03.073
2246	1	1	55.72	55.72	47.00	5	33	0.00	0.00	REGULAR	2026-05-15 08:45:03.073
1751	2	2	160.67	80.34	59.90	4.5	12	0.00	50.00	REGULAR	2026-05-15 08:45:03.073
1250	1	1	107.01	107.01	89.54	5	16	0.00	0.00	REGULAR	2026-05-15 08:45:03.073
918	1	1	252.27	252.27	226.60	3	NULL	0.00	0.00	REGULAR	2026-05-15 08:45:03.073
1605	18	18	5687.34	315.96	286.67	4.11	26.61	27.78	11.11	REGULAR	2026-05-15 08:45:03.073
2933	187	201	12732.83	63.35	51.16	4.09	8.92	8.96	6.47	REGULAR	2026-05-15 08:45:03.073
1396	59	61	4887.55	80.12	60.82	4.44	12.02	8.20	6.56	REGULAR	2026-05-15 08:45:03.073
2724	11	11	1061.17	96.47	74.55	3.73	8	0.00	9.09	REGULAR	2026-05-15 08:45:03.073
314	7	8	419.35	52.42	38.61	4.63	7.63	0.00	0.00	REGULAR	2026-05-15 08:45:03.073
1310	17	18	4416.52	245.36	202.94	4	13.89	16.67	5.56	REGULAR	2026-05-15 08:45:03.073
2392	10	10	1825.17	182.52	151.06	4.2	10.3	10.00	10.00	REGULAR	2026-05-15 08:45:03.073
1064	2	2	329.68	164.84	121.90	5	14.5	0.00	0.00	REGULAR	2026-05-15 08:45:03.073
1937	1	1	79.56	79.56	59.90	3	37	100.00	0.00	DELAY_RISK	2026-05-15 08:45:03.073
1642	2	2	87.70	43.85	30.00	4.5	8	0.00	0.00	REGULAR	2026-05-15 08:45:03.073
709	37	43	4919.77	114.41	98.52	3.79	13.65	16.28	9.30	REGULAR	2026-05-15 08:45:03.073
1456	57	75	34446.98	459.29	421.73	4	10.61	12.00	5.33	REGULAR	2026-05-15 08:45:03.073
128	12	12	805.65	67.14	55.66	4.58	5.17	8.33	0.00	REGULAR	2026-05-15 08:45:03.073
2043	13	15	563.56	37.57	19.92	3.47	9.53	6.67	0.00	REGULAR	2026-05-15 08:45:03.073
2292	5	7	215.95	30.85	17.14	5	7.86	0.00	0.00	REGULAR	2026-05-15 08:45:03.073
2037	2	2	99.67	49.84	36.90	4.5	6	0.00	50.00	REGULAR	2026-05-15 08:45:03.073
22	60	66	11441.86	173.36	143.93	4.14	11.55	4.55	6.06	REGULAR	2026-05-15 08:45:03.073
815	8	13	1410.93	108.53	91.27	4	8.54	15.38	0.00	REGULAR	2026-05-15 08:45:03.073
2979	22	23	2699.84	117.38	100.84	4.48	7.59	8.70	4.35	REGULAR	2026-05-15 08:45:03.073
1356	9	13	655.32	50.41	37.27	1.92	29.2	15.38	15.38	LOW_REVIEW	2026-05-15 08:45:03.073
3022	7	7	442.99	63.28	51.42	4.57	7	0.00	0.00	REGULAR	2026-05-15 08:45:03.073
2143	7	7	734.57	104.94	83.70	4.29	6.14	0.00	14.29	REGULAR	2026-05-15 08:45:03.073
2684	7	19	881.88	46.41	34.59	4.79	8.47	0.00	10.53	REGULAR	2026-05-15 08:45:03.073
417	11	11	837.67	76.15	59.05	4.09	13	9.09	0.00	REGULAR	2026-05-15 08:45:03.073
2830	3	3	357.35	119.12	99.90	4	9	0.00	0.00	REGULAR	2026-05-15 08:45:03.073
2584	6	6	269.66	44.94	31.64	4.33	7.67	0.00	0.00	REGULAR	2026-05-15 08:45:03.073
2335	3	3	76.33	25.44	17.66	3	3.5	0.00	0.00	REGULAR	2026-05-15 08:45:03.073
1502	1	3	175.86	58.62	49.90	1	NULL	0.00	0.00	LOW_REVIEW	2026-05-15 08:45:03.073
2730	202	221	14938.88	67.60	54.26	4.06	9.33	2.26	2.26	REGULAR	2026-05-15 08:45:03.073
1648	17	18	1613.26	89.63	72.91	3.94	12.18	16.67	0.00	REGULAR	2026-05-15 08:45:03.073
2976	9	10	1654.32	165.43	142.29	4	12.9	10.00	0.00	REGULAR	2026-05-15 08:45:03.073
2189	1	1	21.28	21.28	12.99	4	3	0.00	100.00	REGULAR	2026-05-15 08:45:03.073
629	39	40	13800.98	345.02	321.05	4.2	13.15	0.00	2.50	REGULAR	2026-05-15 08:45:03.073
1625	47	55	7680.06	139.64	121.70	4.75	10.52	1.82	1.82	REGULAR	2026-05-15 08:45:03.073
2289	22	22	3415.20	155.24	139.54	4.18	10.81	0.00	0.00	REGULAR	2026-05-15 08:45:03.073
2621	33	33	3624.01	109.82	80.81	4	22.82	18.18	6.06	REGULAR	2026-05-15 08:45:03.073
463	18	20	9968.50	498.43	471.12	3.55	14.42	0.00	15.00	REGULAR	2026-05-15 08:45:03.073
2123	6	7	1758.28	251.18	231.47	4.86	8.29	0.00	42.86	REGULAR	2026-05-15 08:45:03.073
2787	1	1	43.28	43.28	34.99	1	NULL	0.00	0.00	LOW_REVIEW	2026-05-15 08:45:03.073
1127	1	1	784.80	784.80	739.98	5	7	0.00	0.00	REGULAR	2026-05-15 08:45:03.073
1104	139	181	13866.19	76.61	61.72	4.15	10.43	6.08	9.39	REGULAR	2026-05-15 08:45:03.073
606	29	42	4540.90	108.12	92.98	4.21	13.93	11.90	7.14	REGULAR	2026-05-15 08:45:03.073
772	45	47	4596.34	97.79	77.62	4.23	13.48	12.77	2.13	REGULAR	2026-05-15 08:45:03.073
108	6	6	7426.65	1237.78	1210.93	3.17	13.17	50.00	0.00	DELAY_RISK	2026-05-15 08:45:03.073
2266	10	10	2900.47	290.05	261.89	3.7	12	10.00	0.00	REGULAR	2026-05-15 08:45:03.073
1270	10	14	1783.26	127.38	105.50	3.96	13.5	7.14	7.14	REGULAR	2026-05-15 08:45:03.073
274	9	10	2218.17	221.82	201.08	4.3	27.2	10.00	10.00	REGULAR	2026-05-15 08:45:03.073
1768	3	5	548.61	109.72	93.69	3.8	32.2	60.00	60.00	DELAY_RISK	2026-05-15 08:45:03.073
82	373	386	46100.49	119.43	89.47	3.9	18.01	24.61	5.18	REGULAR	2026-05-15 08:45:03.073
915	23	27	2458.81	91.07	74.84	3.11	19	11.11	7.41	REGULAR	2026-05-15 08:45:03.073
2501	15	16	1292.76	80.80	63.98	3.94	8.5	0.00	0.00	REGULAR	2026-05-15 08:45:03.073
414	3	3	831.26	277.09	262.96	3.67	12	0.00	0.00	REGULAR	2026-05-15 08:45:03.073
1247	2	2	181.94	90.97	76.80	4	15	0.00	0.00	REGULAR	2026-05-15 08:45:03.073
251	1	1	195.81	195.81	144.20	1	NULL	0.00	0.00	LOW_REVIEW	2026-05-15 08:45:03.073
2146	30	30	10356.89	345.23	319.18	4.4	14.63	10.00	10.00	REGULAR	2026-05-15 08:45:03.073
2478	165	196	11284.96	57.58	42.91	3.85	12.8	8.16	7.14	REGULAR	2026-05-15 08:45:03.073
437	5	5	890.94	178.19	159.90	4.4	9	0.00	0.00	REGULAR	2026-05-15 08:45:03.073
1482	1	1	200.54	200.54	152.42	5	9	0.00	0.00	REGULAR	2026-05-15 08:45:03.073
1290	35	35	4639.42	132.55	111.26	3.94	15.38	8.57	2.86	REGULAR	2026-05-15 08:45:03.073
1954	1	1	1693.31	1693.31	1658.83	5	17	0.00	0.00	REGULAR	2026-05-15 08:45:03.073
1788	9	10	1118.37	111.84	90.83	3.9	12.44	0.00	0.00	REGULAR	2026-05-15 08:45:03.073
1960	1	1	135.49	135.49	119.90	4	11	0.00	0.00	REGULAR	2026-05-15 08:45:03.073
1313	10	11	2646.83	240.62	216.59	4.55	11.45	0.00	0.00	REGULAR	2026-05-15 08:45:03.073
2813	1	1	158.97	158.97	139.89	5	3	0.00	0.00	REGULAR	2026-05-15 08:45:03.073
1811	3	3	824.18	274.73	240.67	4	12.67	0.00	33.33	REGULAR	2026-05-15 08:45:03.073
1147	2	2	278.14	139.07	124.90	5	6	0.00	0.00	REGULAR	2026-05-15 08:45:03.073
649	1	1	111.91	111.91	94.00	4	14	0.00	0.00	REGULAR	2026-05-15 08:45:03.073
1413	327	349	39880.93	114.27	95.26	4.41	11.35	4.01	3.15	REGULAR	2026-05-15 08:45:03.073
1170	68	74	10123.06	136.80	121.63	3.77	10.19	5.41	2.70	REGULAR	2026-05-15 08:45:03.073
88	17	37	2905.99	78.54	59.20	3.58	11.75	18.92	13.51	REGULAR	2026-05-15 08:45:03.073
749	5	6	1140.20	190.03	132.43	3.33	13.67	0.00	0.00	REGULAR	2026-05-15 08:45:03.073
2080	8	8	971.43	121.43	98.61	3.75	11.43	12.50	12.50	REGULAR	2026-05-15 08:45:03.073
2003	1	1	88.92	88.92	79.99	4	5	0.00	0.00	REGULAR	2026-05-15 08:45:03.073
2644	1288	1520	181961.51	119.71	103.63	4.04	11.19	7.43	10.46	TOP_SELLER	2026-05-15 08:45:03.073
1980	10	13	611.02	47.00	30.21	4.23	19.73	0.00	0.00	REGULAR	2026-05-15 08:45:03.073
2521	9	9	15150.37	1683.37	1599.00	2	26.33	11.11	11.11	LOW_REVIEW	2026-05-15 08:45:03.073
2103	1	2	283.06	141.53	125.90	5	19	0.00	0.00	REGULAR	2026-05-15 08:45:03.073
1439	1	1	61.74	61.74	41.90	1	11	0.00	0.00	LOW_REVIEW	2026-05-15 08:45:03.073
208	76	102	5608.54	54.99	38.49	3.78	16.09	17.65	4.90	REGULAR	2026-05-15 08:45:03.073
2793	28	63	4220.42	66.99	55.22	3.11	10.73	3.17	17.46	REGULAR	2026-05-15 08:45:03.073
3042	5	5	178.01	35.60	23.84	4.6	7.8	0.00	0.00	REGULAR	2026-05-15 08:45:03.073
102	4	4	182.22	45.56	30.95	4.5	20	25.00	0.00	REGULAR	2026-05-15 08:45:03.073
1227	29	40	4061.62	101.54	77.84	4.13	7.53	2.50	20.00	REGULAR	2026-05-15 08:45:03.073
2272	5	5	168.20	33.64	23.51	4	7	20.00	0.00	REGULAR	2026-05-15 08:45:03.073
1725	11	12	2442.94	203.58	181.37	3.67	15.75	16.67	0.00	REGULAR	2026-05-15 08:45:03.073
1774	4	4	258.12	64.53	39.49	4	5	0.00	0.00	REGULAR	2026-05-15 08:45:03.073
729	2	2	54.42	27.21	6.00	4	17	0.00	0.00	REGULAR	2026-05-15 08:45:03.073
586	29	30	5032.71	167.76	152.77	4.23	8.07	10.00	6.67	REGULAR	2026-05-15 08:45:03.073
2664	231	249	28795.09	115.64	97.11	3.78	13.76	6.43	16.06	REGULAR	2026-05-15 08:45:03.073
1582	24	24	4173.40	173.89	157.38	4.13	9.67	8.33	0.00	REGULAR	2026-05-15 08:45:03.073
2415	16	16	1544.59	96.54	82.03	4.38	13.75	12.50	0.00	REGULAR	2026-05-15 08:45:03.073
1333	3	6	474.26	79.04	50.99	4.33	5.67	0.00	0.00	REGULAR	2026-05-15 08:45:03.073
337	11	12	1289.53	107.46	87.12	4.25	12	8.33	0.00	REGULAR	2026-05-15 08:45:03.073
1419	1	1	47.32	47.32	29.40	5	17	0.00	0.00	REGULAR	2026-05-15 08:45:03.073
1668	1	1	291.72	291.72	249.00	1	NULL	0.00	0.00	LOW_REVIEW	2026-05-15 08:45:03.073
978	71	77	7575.72	98.39	80.96	4.62	8.99	5.19	2.60	REGULAR	2026-05-15 08:45:03.073
400	21	21	3084.77	146.89	126.27	3.81	15.65	14.29	9.52	REGULAR	2026-05-15 08:45:03.073
2601	29	36	12655.65	351.55	330.58	2.97	19.57	8.33	2.78	LOW_REVIEW	2026-05-15 08:45:03.073
2023	6	6	426.76	71.13	55.83	5	7.83	16.67	16.67	REGULAR	2026-05-15 08:45:03.073
2060	48	50	3857.17	77.14	61.16	3.48	12.44	0.00	0.00	REGULAR	2026-05-15 08:45:03.073
941	3	4	453.80	113.45	84.00	1	47	50.00	0.00	LOW_REVIEW	2026-05-15 08:45:03.073
2458	206	209	14295.24	68.40	54.49	4.27	10.08	2.39	11.00	REGULAR	2026-05-15 08:45:03.073
2209	8	11	1053.01	95.73	76.01	4.55	5.82	0.00	0.00	REGULAR	2026-05-15 08:45:03.073
543	9	12	1622.44	135.20	120.32	4.17	6.58	16.67	0.00	REGULAR	2026-05-15 08:45:03.073
2956	10	10	3188.24	318.82	293.00	4.9	8.6	0.00	10.00	REGULAR	2026-05-15 08:45:03.073
45	3	3	417.42	139.14	119.90	4.33	20.33	33.33	0.00	DELAY_RISK	2026-05-15 08:45:03.073
294	3	3	812.80	270.93	249.00	2.33	22.33	33.33	33.33	LOW_REVIEW	2026-05-15 08:45:03.073
792	5	5	1089.04	217.81	169.90	4.8	16.4	0.00	0.00	REGULAR	2026-05-15 08:45:03.073
2707	1	1	234.40	234.40	189.00	4	6	0.00	0.00	REGULAR	2026-05-15 08:45:03.073
643	151	159	11561.20	72.71	59.38	3.61	10.78	4.40	4.40	REGULAR	2026-05-15 08:45:03.073
2856	4	8	191.24	23.91	15.65	1.38	13.5	37.50	12.50	LOW_REVIEW	2026-05-15 08:45:03.073
2315	2	2	4874.32	2437.16	2350.00	1	33	50.00	0.00	LOW_REVIEW	2026-05-15 08:45:03.073
1184	5	5	3018.86	603.77	583.32	4.8	9.8	0.00	20.00	REGULAR	2026-05-15 08:45:03.073
2850	6	6	931.57	155.26	139.68	4.33	11.33	16.67	16.67	REGULAR	2026-05-15 08:45:03.073
2807	24	25	3636.15	145.45	127.25	3.88	14.68	12.00	0.00	REGULAR	2026-05-15 08:45:03.073
145	2	2	171.39	85.70	73.26	4	7	0.00	0.00	REGULAR	2026-05-15 08:45:03.073
2309	4	4	665.46	166.37	146.39	4.5	9.25	0.00	0.00	REGULAR	2026-05-15 08:45:03.073
686	1	1	77.38	77.38	41.90	4	14	0.00	0.00	REGULAR	2026-05-15 08:45:03.073
2	200	239	33934.17	141.98	104.94	3.85	13.11	5.44	1.67	REGULAR	2026-05-15 08:45:03.073
1917	67	79	11982.21	151.67	130.28	4.41	14.38	1.27	6.33	REGULAR	2026-05-15 08:45:03.073
2999	7	7	2986.87	426.70	392.06	4.43	12.71	0.00	0.00	REGULAR	2026-05-15 08:45:03.073
1084	2	2	293.26	146.63	134.50	5	4.5	0.00	0.00	REGULAR	2026-05-15 08:45:03.073
835	2	2	862.37	431.19	378.38	2.5	25.5	0.00	0.00	LOW_REVIEW	2026-05-15 08:45:03.073
2166	2	3	1124.60	374.87	331.00	2.33	7	0.00	0.00	LOW_REVIEW	2026-05-15 08:45:03.073
394	40	54	3557.21	65.87	53.77	4.35	8.48	3.70	7.41	REGULAR	2026-05-15 08:45:03.073
1476	9	9	1745.99	194.00	177.71	3.89	13	11.11	11.11	REGULAR	2026-05-15 08:45:03.073
935	4	5	921.49	184.30	155.94	3.4	11.8	40.00	0.00	DELAY_RISK	2026-05-15 08:45:03.073
2017	4	5	541.27	108.25	89.00	4.8	15.8	0.00	0.00	REGULAR	2026-05-15 08:45:03.073
2558	7	7	454.66	64.95	45.79	4.71	8	0.00	0.00	REGULAR	2026-05-15 08:45:03.073
380	8	12	582.43	48.54	32.41	3.92	9.83	0.00	0.00	REGULAR	2026-05-15 08:45:03.073
48	93	93	62633.50	673.48	640.87	3.87	18.97	11.83	1.08	HIGH_PERFORMER	2026-05-15 08:45:03.073
1969	4	4	240.70	60.18	32.67	2.75	11.5	0.00	25.00	LOW_REVIEW	2026-05-15 08:45:03.073
2301	2	2	4184.77	2092.39	1986.95	4.5	12.5	0.00	0.00	REGULAR	2026-05-15 08:45:03.073
2965	20	21	3706.15	176.48	153.80	4.62	12.62	9.52	9.52	REGULAR	2026-05-15 08:45:03.073
2633	3	3	744.81	248.27	226.00	5	11	0.00	0.00	REGULAR	2026-05-15 08:45:03.073
735	94	97	11522.66	118.79	97.71	4.19	15.73	11.34	6.19	REGULAR	2026-05-15 08:45:03.073
2278	85	88	8824.83	100.28	81.75	4.2	13.56	7.95	1.14	REGULAR	2026-05-15 08:45:03.073
1614	43	47	5496.31	116.94	96.56	3.72	14.96	17.02	6.38	REGULAR	2026-05-15 08:45:03.073
71	5	8	275.39	34.42	24.17	4.13	6.88	50.00	25.00	DELAY_RISK	2026-05-15 08:45:03.073
403	14	17	3819.54	224.68	209.08	3.53	13.24	11.76	0.00	REGULAR	2026-05-15 08:45:03.073
1067	7	7	1075.39	153.63	127.14	4.29	10.86	14.29	0.00	REGULAR	2026-05-15 08:45:03.073
1946	15	17	1344.62	79.10	63.43	4.47	15.65	23.53	0.00	REGULAR	2026-05-15 08:45:03.073
1282	1	1	70.59	70.59	62.00	5	3	0.00	0.00	REGULAR	2026-05-15 08:45:03.073
2942	1	1	78.01	78.01	69.90	5	2	0.00	100.00	REGULAR	2026-05-15 08:45:03.073
2610	1	1	63.29	63.29	55.00	5	3	0.00	0.00	REGULAR	2026-05-15 08:45:03.073
1591	382	428	54528.73	127.40	109.19	3.78	16.77	17.76	6.54	HIGH_PERFORMER	2026-05-15 08:45:03.073
2587	34	35	4581.51	130.90	116.04	3.71	9.82	11.43	2.86	REGULAR	2026-05-15 08:45:03.073
2255	17	17	12028.79	707.58	688.36	4.29	12.12	5.88	0.00	REGULAR	2026-05-15 08:45:03.073
1259	10	19	1671.58	87.98	66.22	2.79	14.89	5.26	0.00	LOW_REVIEW	2026-05-15 08:45:03.073
1090	13	13	1224.33	94.18	81.91	3.92	5.58	0.00	0.00	REGULAR	2026-05-15 08:45:03.073
94	5	10	540.09	54.01	34.93	4.8	6.6	0.00	60.00	REGULAR	2026-05-15 08:45:03.073
1422	2	3	2197.60	732.53	564.00	3.67	12	0.00	66.67	REGULAR	2026-05-15 08:45:03.073
595	1	1	545.51	545.51	517.80	5	3	0.00	0.00	REGULAR	2026-05-15 08:45:03.073
927	1	1	110.42	110.42	96.00	5	21	0.00	0.00	REGULAR	2026-05-15 08:45:03.073
1923	4	4	843.93	210.98	187.40	4.75	6.25	0.00	0.00	REGULAR	2026-05-15 08:45:03.073
1754	2	2	94.76	47.38	35.94	3	7.5	0.00	0.00	REGULAR	2026-05-15 08:45:03.073
426	3	3	3616.51	1205.50	1159.23	0.67	38	33.33	0.00	LOW_REVIEW	2026-05-15 08:45:03.073
758	3	5	277.52	55.50	41.90	3.2	9.2	0.00	0.00	REGULAR	2026-05-15 08:45:03.073
2919	5	5	869.44	173.89	145.52	2.6	10.33	0.00	20.00	LOW_REVIEW	2026-05-15 08:45:03.073
1236	1803	1979	147047.73	74.30	60.58	3.87	9.49	6.16	7.28	HIGH_PERFORMER	2026-05-15 08:45:03.073
240	27	28	1396.49	49.87	35.09	4.14	11.25	3.57	3.57	REGULAR	2026-05-15 08:45:03.073
1113	12	17	1994.09	117.30	84.58	3.47	11.88	23.53	0.00	REGULAR	2026-05-15 08:45:03.073
1900	6	7	717.04	102.43	77.85	5	5.86	0.00	0.00	REGULAR	2026-05-15 08:45:03.073
1568	22	23	3983.27	173.19	158.99	3.87	12.26	8.70	8.70	REGULAR	2026-05-15 08:45:03.073
2232	15	15	959.35	63.96	53.79	4.27	5.6	0.00	0.00	REGULAR	2026-05-15 08:45:03.073
117	2	2	1444.37	722.19	679.50	3.5	11	0.00	0.00	REGULAR	2026-05-15 08:45:03.073
1445	1	2	235.84	117.92	109.00	5	2	0.00	0.00	REGULAR	2026-05-15 08:45:03.073
2109	1	1	476.51	476.51	459.00	5	7	0.00	0.00	REGULAR	2026-05-15 08:45:03.073
572	82	89	5504.22	61.85	47.47	4.53	8.77	6.74	3.37	REGULAR	2026-05-15 08:45:03.073
449	2	2	115.11	57.56	49.50	5	2	0.00	0.00	REGULAR	2026-05-15 08:45:03.073
781	1	1	61.38	61.38	48.90	5	6	0.00	0.00	REGULAR	2026-05-15 08:45:03.073
1777	2	2	241.21	120.61	103.45	5	7.5	0.00	0.00	REGULAR	2026-05-15 08:45:03.073
904	2	2	1824.56	912.28	871.50	4.5	24.5	0.00	0.00	REGULAR	2026-05-15 08:45:03.073
2441	7	13	1558.73	119.90	97.38	5	8.46	0.00	0.00	REGULAR	2026-05-15 08:45:03.073
1468	313	382	53504.76	140.06	118.62	4.03	15.2	11.26	7.33	HIGH_PERFORMER	2026-05-15 08:45:03.073
549	167	173	15122.37	87.41	73.34	4.09	9.62	6.36	4.62	REGULAR	2026-05-15 08:45:03.073
1213	37	44	3210.39	72.96	51.96	4.3	13.11	0.00	13.64	REGULAR	2026-05-15 08:45:03.073
2796	5	11	338.25	30.75	18.45	3.55	9	9.09	0.00	REGULAR	2026-05-15 08:45:03.073
2819	646	736	52507.88	71.34	57.78	4.13	9.86	7.47	10.05	HIGH_PERFORMER	2026-05-15 08:45:03.073
2155	149	152	46515.06	306.02	288.59	4.16	16.53	13.16	3.95	REGULAR	2026-05-15 08:45:03.073
526	2	2	52.27	26.14	11.85	4.5	8.5	0.00	0.00	REGULAR	2026-05-15 08:45:03.073
1760	13	21	2745.95	130.76	100.65	3.48	18.19	4.76	4.76	REGULAR	2026-05-15 08:45:03.073
2424	350	369	50665.85	137.31	122.34	4.02	13.07	8.94	2.98	HIGH_PERFORMER	2026-05-15 08:45:03.073
3088	16	16	2853.90	178.37	146.99	3.69	10.07	0.00	0.00	REGULAR	2026-05-15 08:45:03.073
921	8	8	5465.49	683.19	654.40	4.5	6.88	0.00	25.00	REGULAR	2026-05-15 08:45:03.073
257	2	2	141.15	70.58	51.03	5	5.5	0.00	0.00	REGULAR	2026-05-15 08:45:03.073
2842	1	1	31.18	31.18	22.30	5	8	0.00	0.00	REGULAR	2026-05-15 08:45:03.073
2447	14	14	5229.62	373.54	334.92	3	11.64	0.00	7.14	REGULAR	2026-05-15 08:45:03.073
2988	2	2	304.00	152.00	134.99	3.5	19.5	50.00	0.00	DELAY_RISK	2026-05-15 08:45:03.073
2378	17	17	12038.35	708.14	674.65	3.94	23.65	29.41	0.00	REGULAR	2026-05-15 08:45:03.073
718	9	11	622.38	56.58	40.71	4.73	12.73	0.00	9.09	REGULAR	2026-05-15 08:45:03.073
1050	8	9	1166.09	129.57	117.26	4.89	4.56	0.00	11.11	REGULAR	2026-05-15 08:45:03.073
2046	3	3	147.30	49.10	24.90	4.33	9.67	0.00	0.00	REGULAR	2026-05-15 08:45:03.073
1299	1	1	1759.04	1759.04	1699.00	5	12	0.00	0.00	REGULAR	2026-05-15 08:45:03.073
967	1	1	167.96	167.96	140.00	5	13	0.00	0.00	REGULAR	2026-05-15 08:45:03.073
2295	1	1	125.64	125.64	102.00	5	10	0.00	0.00	REGULAR	2026-05-15 08:45:03.073
3065	287	298	68732.73	230.65	215.39	4.32	10.63	8.72	5.37	HIGH_PERFORMER	2026-05-15 08:45:03.073
2733	13	13	2089.30	160.72	133.48	4.08	8.55	0.00	15.38	REGULAR	2026-05-15 08:45:03.073
280	108	121	11376.81	94.02	75.74	3.98	8.12	2.48	1.65	REGULAR	2026-05-15 08:45:03.073
1737	16	16	1888.64	118.04	100.29	4.63	9.88	6.25	0.00	REGULAR	2026-05-15 08:45:03.073
1608	21	24	3084.84	128.54	112.18	3.67	12.22	4.17	8.33	REGULAR	2026-05-15 08:45:03.073
612	18	20	7025.88	351.29	332.89	3.85	14.8	5.00	5.00	REGULAR	2026-05-15 08:45:03.073
1405	4	6	311.43	51.91	33.49	4.33	27.33	16.67	0.00	REGULAR	2026-05-15 08:45:03.073
672	2	2	88.56	44.28	26.00	5	5	0.00	0.00	REGULAR	2026-05-15 08:45:03.073
2341	2	4	556.56	139.14	119.90	4.5	25.25	25.00	0.00	REGULAR	2026-05-15 08:45:03.073
2673	2	2	164.85	82.43	67.90	5	8.5	0.00	0.00	REGULAR	2026-05-15 08:45:03.073
1654	179	209	20509.30	98.13	79.20	4	11.8	2.87	11.96	REGULAR	2026-05-15 08:45:03.073
363	115	130	18559.18	142.76	123.63	4.2	7.67	4.62	6.92	REGULAR	2026-05-15 08:45:03.073
1691	54	60	4834.83	80.58	67.19	4.35	10.25	6.67	8.33	REGULAR	2026-05-15 08:45:03.073
1359	13	14	2988.68	213.48	189.63	4.43	9.43	14.29	0.00	REGULAR	2026-05-15 08:45:03.073
1986	9	9	1536.97	170.77	151.09	2.56	9.75	0.00	0.00	LOW_REVIEW	2026-05-15 08:45:03.073
2982	32	32	26790.59	837.21	770.78	4.38	13.88	12.50	3.13	REGULAR	2026-05-15 08:45:03.073
31	4	4	748.64	187.16	130.66	4.75	12.5	0.00	0.00	REGULAR	2026-05-15 08:45:03.073
658	1	1	35.96	35.96	25.00	0	NULL	0.00	0.00	LOW_REVIEW	2026-05-15 08:45:03.073
217	135	135	30342.69	224.76	198.33	4.49	15.02	1.48	3.70	REGULAR	2026-05-15 08:45:03.073
466	6	18	743.67	41.32	28.28	2.22	11.24	0.00	55.56	LOW_REVIEW	2026-05-15 08:45:03.073
1551	40	49	7395.54	150.93	130.10	4.24	8.67	4.08	6.12	REGULAR	2026-05-15 08:45:03.073
2879	1	1	327.25	327.25	289.90	5	15	0.00	0.00	REGULAR	2026-05-15 08:45:03.073
1800	1	1	60.40	60.40	29.99	3	7	0.00	0.00	REGULAR	2026-05-15 08:45:03.073
864	33	34	666.00	19.59	10.16	5	10.76	0.00	64.71	REGULAR	2026-05-15 08:45:03.073
2192	7	8	457.03	57.13	44.11	4.88	7.88	0.00	0.00	REGULAR	2026-05-15 08:45:03.073
2487	3	3	231.96	77.32	57.60	3.67	10	0.00	0.00	REGULAR	2026-05-15 08:45:03.073
3028	1	1	194.85	194.85	161.99	5	7	0.00	0.00	REGULAR	2026-05-15 08:45:03.073
1153	1	1	327.49	327.49	292.99	1	NULL	0.00	0.00	LOW_REVIEW	2026-05-15 08:45:03.073
2925	14	14	6605.20	471.80	417.93	4.64	9.64	0.00	0.00	REGULAR	2026-05-15 08:45:03.073
2092	3	9	417.92	46.44	33.57	3.22	8.78	0.00	0.00	REGULAR	2026-05-15 08:45:03.073
2238	38	38	45523.50	1197.99	1163.49	4.42	9.97	5.26	0.00	REGULAR	2026-05-15 08:45:03.073
2779	1	1	343.90	343.90	285.00	1	NULL	0.00	0.00	LOW_REVIEW	2026-05-15 08:45:03.073
2716	8	8	1117.19	139.65	122.30	4.63	11.38	0.00	0.00	REGULAR	2026-05-15 08:45:03.073
2218	5	5	320.36	64.07	46.30	4.2	10.2	0.00	20.00	REGULAR	2026-05-15 08:45:03.073
297	3	4	945.43	236.36	224.00	3.75	5.67	0.00	0.00	REGULAR	2026-05-15 08:45:03.073
2882	1	1	6726.66	6726.66	6499.00	5	12	0.00	0.00	REGULAR	2026-05-15 08:45:03.073
2739	7	8	597.62	74.70	58.88	3.38	13.25	25.00	0.00	REGULAR	2026-05-15 08:45:03.073
3071	6	6	1215.96	202.66	180.97	4.5	6	16.67	16.67	REGULAR	2026-05-15 08:45:03.073
844	518	539	139311.04	258.46	236.68	4.13	11.73	6.12	3.34	TOP_SELLER	2026-05-15 08:45:03.073
177	3	4	352.64	88.16	74.15	5	9	0.00	0.00	REGULAR	2026-05-15 08:45:03.073
1840	73	73	51245.37	701.99	680.00	3.88	10.05	2.74	6.85	HIGH_PERFORMER	2026-05-15 08:45:03.073
2504	131	160	12827.67	80.17	65.97	3.27	9.92	1.88	3.75	REGULAR	2026-05-15 08:45:03.073
1508	5	5	882.07	176.41	159.90	3.8	43.5	20.00	0.00	REGULAR	2026-05-15 08:45:03.073
509	3	4	570.83	142.71	127.73	5	5	0.00	0.00	REGULAR	2026-05-15 08:45:03.073
1173	1	1	151.04	151.04	98.00	5	14	0.00	0.00	REGULAR	2026-05-15 08:45:03.073
1199	735	792	128282.48	161.97	144.25	4.14	12.92	9.34	6.31	TOP_SELLER	2026-05-15 08:45:03.073
154	38	61	6796.29	111.41	93.60	3.51	14.18	19.67	3.28	REGULAR	2026-05-15 08:45:03.073
1863	90	189	6513.85	34.46	22.11	3.8	8.59	4.76	4.23	REGULAR	2026-05-15 08:45:03.073
2859	12	12	3897.31	324.78	309.08	3.67	12.92	16.67	0.00	REGULAR	2026-05-15 08:45:03.073
818	1	1	52.07	52.07	34.90	1	6	0.00	0.00	LOW_REVIEW	2026-05-15 08:45:03.073
1150	1	1	1370.41	1370.41	1322.64	5	7	0.00	0.00	REGULAR	2026-05-15 08:45:03.073
2547	88	103	5610.63	54.47	39.60	3.56	16.77	17.48	8.74	REGULAR	2026-05-15 08:45:03.073
1385	35	38	4158.65	109.44	93.08	3.68	13.34	26.32	10.53	REGULAR	2026-05-15 08:45:03.073
1883	43	45	5987.28	133.05	107.32	4.11	12.23	2.22	8.89	REGULAR	2026-05-15 08:45:03.073
134	2	2	201.27	100.64	79.44	5	6.5	0.00	0.00	REGULAR	2026-05-15 08:45:03.073
2049	1	1	1025.24	1025.24	978.00	5	16	0.00	0.00	REGULAR	2026-05-15 08:45:03.073
632	1	1	137.02	137.02	119.99	5	6	0.00	0.00	REGULAR	2026-05-15 08:45:03.073
2198	31	39	3053.20	78.29	56.96	4.21	11.47	15.38	0.00	REGULAR	2026-05-15 08:45:03.073
2690	332	372	63990.08	172.02	146.47	4.14	12.79	4.03	2.69	HIGH_PERFORMER	2026-05-15 08:45:03.073
2149	10	11	964.08	87.64	62.25	4.64	12.09	9.09	9.09	REGULAR	2026-05-15 08:45:03.073
2026	6	6	1041.04	173.51	143.83	3.67	21.5	33.33	0.00	DELAY_RISK	2026-05-15 08:45:03.073
2696	14	16	1946.45	121.65	103.38	4.06	14.31	0.00	0.00	REGULAR	2026-05-15 08:45:03.073
2524	11	12	3812.07	317.67	263.84	4.5	6.08	0.00	8.33	REGULAR	2026-05-15 08:45:03.073
1485	7	7	1768.90	252.70	220.79	4.29	15.43	14.29	0.00	REGULAR	2026-05-15 08:45:03.073
1983	1	1	137.09	137.09	120.00	5	21	0.00	0.00	REGULAR	2026-05-15 08:45:03.073
532	1	1	119.69	119.69	99.80	5	10	0.00	0.00	REGULAR	2026-05-15 08:45:03.073
11	103	135	14969.99	110.89	93.96	3.76	15.7	4.44	14.07	REGULAR	2026-05-15 08:45:03.073
2006	6	13	7055.50	542.73	520.62	2.38	19.86	7.69	0.00	LOW_REVIEW	2026-05-15 08:45:03.073
2175	142	163	8983.24	55.11	39.78	4.01	9.71	2.45	7.36	REGULAR	2026-05-15 08:45:03.073
1342	40	56	2733.56	48.81	34.82	4.52	8.22	0.00	14.29	REGULAR	2026-05-15 08:45:03.073
675	12	13	850.02	65.39	47.93	4	9.69	0.00	7.69	REGULAR	2026-05-15 08:45:03.073
2839	9	9	528.30	58.70	45.79	4.5	7.22	0.00	33.33	REGULAR	2026-05-15 08:45:03.073
1365	67	84	8881.58	105.73	92.18	3.42	21.12	10.71	9.52	REGULAR	2026-05-15 08:45:03.073
652	21	24	2033.27	84.72	64.67	4.75	11.25	0.00	12.50	REGULAR	2026-05-15 08:45:03.073
111	5	5	222.13	44.43	33.93	3	5.4	0.00	0.00	REGULAR	2026-05-15 08:45:03.073
2816	22	30	2823.10	94.10	69.89	4.47	9.5	0.00	3.33	REGULAR	2026-05-15 08:45:03.073
1193	2	2	686.24	343.12	300.00	3	25	0.00	0.00	REGULAR	2026-05-15 08:45:03.073
824	3	3	306.97	102.32	84.27	4.67	4	0.00	0.00	REGULAR	2026-05-15 08:45:03.073
1906	1	1	195.43	195.43	180.00	1	37	100.00	0.00	LOW_REVIEW	2026-05-15 08:45:03.073
1963	64	79	3873.25	49.03	34.95	3.87	11.55	6.33	6.33	REGULAR	2026-05-15 08:45:03.073
54	16	16	2922.33	182.65	160.99	4.31	11.53	6.25	0.00	REGULAR	2026-05-15 08:45:03.073
303	10	10	3183.43	318.34	294.35	3.9	11.67	0.00	0.00	REGULAR	2026-05-15 08:45:03.073
2212	26	28	3630.03	129.64	108.83	4.07	10.29	7.14	0.00	REGULAR	2026-05-15 08:45:03.073
1465	15	15	1311.08	87.41	72.47	4.27	8.6	6.67	6.67	REGULAR	2026-05-15 08:45:03.073
1714	77	88	5442.22	61.84	42.37	4.41	11.36	2.27	1.14	REGULAR	2026-05-15 08:45:03.073
2461	10	10	1014.62	101.46	87.40	4.8	7.3	0.00	40.00	REGULAR	2026-05-15 08:45:03.073
552	7	7	646.62	92.37	75.49	3.86	7.14	14.29	0.00	REGULAR	2026-05-15 08:45:03.073
446	107	116	13261.13	114.32	99.76	4.38	9.96	5.17	3.45	REGULAR	2026-05-15 08:45:03.073
944	3	3	740.50	246.83	228.00	3.67	6	0.00	0.00	REGULAR	2026-05-15 08:45:03.073
2567	34	38	2968.77	78.13	63.46	3.37	12	13.16	5.26	REGULAR	2026-05-15 08:45:03.073
1073	29	30	1681.11	56.04	40.37	4.03	15.45	13.33	10.00	REGULAR	2026-05-15 08:45:03.073
1571	3	9	257.32	28.59	19.99	5	5.11	0.00	88.89	REGULAR	2026-05-15 08:45:03.073
2069	5	5	403.43	80.69	55.53	4.2	11.5	0.00	0.00	REGULAR	2026-05-15 08:45:03.073
1926	19	22	2419.33	109.97	86.94	4.23	14.55	9.09	22.73	REGULAR	2026-05-15 08:45:03.073
1677	2	2	294.70	147.35	126.45	2	6	0.00	0.00	LOW_REVIEW	2026-05-15 08:45:03.073
91	3	7	327.40	46.77	34.46	4.29	14.14	0.00	0.00	REGULAR	2026-05-15 08:45:03.073
340	5	5	926.72	185.34	165.00	5	7.6	0.00	20.00	REGULAR	2026-05-15 08:45:03.073
2759	1	1	57.47	57.47	44.50	5	5	0.00	0.00	REGULAR	2026-05-15 08:45:03.073
3008	1	1	106.39	106.39	90.00	5	10	0.00	0.00	REGULAR	2026-05-15 08:45:03.073
2945	6	6	226.81	37.80	24.77	4	7.83	0.00	0.00	REGULAR	2026-05-15 08:45:03.073
2404	6	6	336.94	56.16	40.33	4.67	6.83	0.00	0.00	REGULAR	2026-05-15 08:45:03.073
2318	1	1	557.72	557.72	520.00	4	11	0.00	0.00	REGULAR	2026-05-15 08:45:03.073
1322	1	1	1255.71	1255.71	1107.00	5	9	0.00	0.00	REGULAR	2026-05-15 08:45:03.073
695	1	1	19.29	19.29	11.90	5	7	0.00	100.00	REGULAR	2026-05-15 08:45:03.073
1379	76	97	13399.41	138.14	123.37	4.2	10.8	9.28	4.12	REGULAR	2026-05-15 08:45:03.073
1130	17	21	3409.38	162.35	142.48	2.33	12.86	19.05	4.76	LOW_REVIEW	2026-05-15 08:45:03.073
887	29	30	8435.21	281.17	253.20	3.9	16.64	13.33	6.67	REGULAR	2026-05-15 08:45:03.073
1136	2	2	393.61	196.81	174.40	1	NULL	0.00	0.00	LOW_REVIEW	2026-05-15 08:45:03.073
881	2	2	297.20	148.60	135.00	4.5	7.5	0.00	0.00	REGULAR	2026-05-15 08:45:03.073
3045	2	2	190.16	95.08	81.40	2.5	14	0.00	0.00	LOW_REVIEW	2026-05-15 08:45:03.073
3051	3	3	548.27	182.76	164.85	4.67	18.67	0.00	0.00	REGULAR	2026-05-15 08:45:03.073
489	2	2	757.75	378.88	329.00	2	10	0.00	0.00	LOW_REVIEW	2026-05-15 08:45:03.073
1030	1	1	179.46	179.46	169.90	4	NULL	0.00	0.00	REGULAR	2026-05-15 08:45:03.073
1528	11	11	860.94	78.27	60.55	3.64	14.38	9.09	0.00	REGULAR	2026-05-15 08:45:03.073
987	1	1	45.96	45.96	35.00	1	NULL	0.00	0.00	LOW_REVIEW	2026-05-15 08:45:03.073
2653	1	1	148.15	148.15	135.99	5	3	0.00	0.00	REGULAR	2026-05-15 08:45:03.073
1920	13	16	1331.87	83.24	65.93	3.75	12.88	6.25	6.25	REGULAR	2026-05-15 08:45:03.073
589	30	30	2955.67	98.52	85.14	4.17	17.03	16.67	0.00	REGULAR	2026-05-15 08:45:03.073
2510	77	83	14678.56	176.85	140.11	4.13	14.25	8.43	6.02	REGULAR	2026-05-15 08:45:03.073
3002	90	99	7951.76	80.32	60.10	3.67	11.2	10.10	4.04	REGULAR	2026-05-15 08:45:03.073
838	33	36	5286.04	146.83	125.19	3.69	7.18	5.56	5.56	REGULAR	2026-05-15 08:45:03.073
1671	19	23	2945.00	128.04	105.14	3.87	8.26	0.00	4.35	REGULAR	2026-05-15 08:45:03.073
2753	2	2	231.34	115.67	99.45	4	5.5	0.00	0.00	REGULAR	2026-05-15 08:45:03.073
1428	7	7	673.66	96.24	82.31	4.29	4.83	0.00	0.00	REGULAR	2026-05-15 08:45:03.073
2361	245	259	42197.18	162.92	143.45	3.81	15.14	10.42	9.65	REGULAR	2026-05-15 08:45:03.073
197	9	9	1459.53	162.17	143.89	3.89	9.88	0.00	0.00	REGULAR	2026-05-15 08:45:03.073
1279	6	6	862.96	143.83	119.93	3.83	4.8	0.00	16.67	REGULAR	2026-05-15 08:45:03.073
738	1	1	62.38	62.38	49.90	5	5	0.00	0.00	REGULAR	2026-05-15 08:45:03.073
1820	1	1	168.29	168.29	146.99	1	22	0.00	0.00	LOW_REVIEW	2026-05-15 08:45:03.073
2902	1	1	1227.78	1227.78	1199.00	1	NULL	0.00	0.00	LOW_REVIEW	2026-05-15 08:45:03.073
214	531	558	21626.72	38.76	21.27	4.13	14.34	6.27	3.23	REGULAR	2026-05-15 08:45:03.073
2467	2	2	265.51	132.76	117.00	3	19.5	0.00	0.00	REGULAR	2026-05-15 08:45:03.073
2135	15	17	1569.24	92.31	69.21	4.47	8.24	0.00	0.00	REGULAR	2026-05-15 08:45:03.073
2799	7	7	292.63	41.80	29.20	3.71	35.71	14.29	0.00	REGULAR	2026-05-15 08:45:03.073
2112	6	6	694.01	115.67	90.59	3.67	15	16.67	0.00	REGULAR	2026-05-15 08:45:03.073
569	5	5	761.29	152.26	136.62	4.8	8.4	0.00	0.00	REGULAR	2026-05-15 08:45:03.073
1448	5	9	927.05	103.01	79.66	4.78	9.89	0.00	11.11	REGULAR	2026-05-15 08:45:03.073
901	11	12	691.09	57.59	42.40	3.83	7.42	8.33	8.33	REGULAR	2026-05-15 08:45:03.073
237	10	11	1431.41	130.13	106.22	4.09	7.09	0.00	36.36	REGULAR	2026-05-15 08:45:03.073
2776	14	15	631.47	42.10	29.14	3.8	6.93	0.00	0.00	REGULAR	2026-05-15 08:45:03.073
1780	1	1	179.12	179.12	159.90	1	13	0.00	0.00	LOW_REVIEW	2026-05-15 08:45:03.073
2444	1	1	68.32	68.32	49.00	5	6	0.00	100.00	REGULAR	2026-05-15 08:45:03.073
2822	1	1	141.39	141.39	119.90	4	12	0.00	0.00	REGULAR	2026-05-15 08:45:03.073
2962	110	117	4557.50	38.95	25.72	3.83	10.97	6.84	4.27	REGULAR	2026-05-15 08:45:03.073
383	11	11	718.31	65.30	50.09	4.55	9.45	0.00	0.00	REGULAR	2026-05-15 08:45:03.073
970	50	68	6883.95	101.23	58.30	3.93	15.15	10.29	1.47	REGULAR	2026-05-15 08:45:03.073
2298	7	7	3182.52	454.65	419.14	3.57	14.8	0.00	0.00	REGULAR	2026-05-15 08:45:03.073
2968	2	2	223.20	111.60	95.40	1	NULL	0.00	0.00	LOW_REVIEW	2026-05-15 08:45:03.073
1634	1	1	1638.72	1638.72	1599.00	5	3	0.00	0.00	REGULAR	2026-05-15 08:45:03.073
1047	4	4	541.08	135.27	104.90	4.5	10.5	0.00	25.00	REGULAR	2026-05-15 08:45:03.073
1657	300	334	37856.44	113.34	92.04	4.34	10.78	5.39	5.99	REGULAR	2026-05-15 08:45:03.073
2321	28	28	4094.68	146.24	132.04	4.36	10.75	10.71	7.14	REGULAR	2026-05-15 08:45:03.073
2985	1	1	42.77	42.77	34.99	5	3	0.00	0.00	REGULAR	2026-05-15 08:45:03.073
360	1	1	166.71	166.71	149.90	1	35	0.00	0.00	LOW_REVIEW	2026-05-15 08:45:03.073
924	365	391	50874.89	130.11	110.12	4.16	13.03	4.60	9.46	HIGH_PERFORMER	2026-05-15 08:45:03.073
1757	152	174	25411.14	146.04	124.21	4.03	14.33	14.37	5.75	REGULAR	2026-05-15 08:45:03.073
429	4	4	575.07	143.77	126.10	4.75	9.5	0.00	0.00	REGULAR	2026-05-15 08:45:03.073
2421	10	12	871.88	72.66	58.03	3.33	17.82	16.67	0.00	REGULAR	2026-05-15 08:45:03.073
1588	2	3	768.94	256.31	242.63	2.33	17	0.00	0.00	LOW_REVIEW	2026-05-15 08:45:03.073
1093	2	2	162.75	81.38	69.90	5	5.5	0.00	0.00	REGULAR	2026-05-15 08:45:03.073
260	1	1	136.76	136.76	73.99	5	13	0.00	0.00	REGULAR	2026-05-15 08:45:03.073
283	56	61	57812.43	947.74	787.20	4.34	22.82	8.20	4.92	HIGH_PERFORMER	2026-05-15 08:45:03.073
1070	6	6	1436.09	239.35	213.33	3.83	12.17	0.00	16.67	REGULAR	2026-05-15 08:45:03.073
1734	4	10	795.98	79.60	64.50	2.5	7.5	60.00	0.00	LOW_REVIEW	2026-05-15 08:45:03.073
947	10	15	2861.11	190.74	176.33	2.47	13.78	13.33	0.00	LOW_REVIEW	2026-05-15 08:45:03.073
406	2	2	334.29	167.15	129.95	4.5	8.5	0.00	0.00	REGULAR	2026-05-15 08:45:03.073
1611	1	2	254.16	127.08	67.00	5	9	0.00	0.00	REGULAR	2026-05-15 08:45:03.073
2275	1	1	39.46	39.46	23.90	0	33	100.00	0.00	LOW_REVIEW	2026-05-15 08:45:03.073
2129	55	57	5160.82	90.54	71.66	3.61	19.2	15.79	7.02	REGULAR	2026-05-15 08:45:03.073
469	26	40	2471.34	61.78	48.38	3.79	9.36	0.00	32.50	REGULAR	2026-05-15 08:45:03.073
801	3	3	99.14	33.05	20.90	3.67	6	0.00	33.33	REGULAR	2026-05-15 08:45:03.073
1797	3	3	299.57	99.86	86.57	2.33	13.5	33.33	0.00	LOW_REVIEW	2026-05-15 08:45:03.073
220	4	4	406.41	101.60	92.45	4	4	0.00	25.00	REGULAR	2026-05-15 08:45:03.073
1216	1	1	66.69	66.69	59.30	1	18	100.00	0.00	LOW_REVIEW	2026-05-15 08:45:03.073
1548	1	1	39.99	39.99	32.50	4	2	0.00	0.00	REGULAR	2026-05-15 08:45:03.073
907	62	66	4213.78	63.85	47.13	3.88	9.06	7.58	9.09	REGULAR	2026-05-15 08:45:03.073
1110	13	13	2987.20	229.78	172.38	3.92	19.62	23.08	7.69	REGULAR	2026-05-15 08:45:03.073
1442	5	5	248.88	49.78	37.54	3.6	11.5	0.00	0.00	REGULAR	2026-05-15 08:45:03.073
1903	6	6	421.16	70.19	51.25	4.5	10.5	0.00	16.67	REGULAR	2026-05-15 08:45:03.073
2235	6	7	874.51	124.93	106.34	3.71	12	14.29	0.00	REGULAR	2026-05-15 08:45:03.073
114	1	1	605.57	605.57	538.00	5	10	0.00	0.00	REGULAR	2026-05-15 08:45:03.073
423	53	55	13146.52	239.03	213.94	3.61	13.17	10.91	5.45	REGULAR	2026-05-15 08:45:03.073
1594	11	11	1783.89	162.17	141.12	4.55	18.09	0.00	0.00	REGULAR	2026-05-15 08:45:03.073
2427	15	15	736.20	49.08	34.13	4.2	12.64	0.00	0.00	REGULAR	2026-05-15 08:45:03.073
2922	4	14	2864.78	204.63	183.00	3.57	12.22	0.00	0.00	REGULAR	2026-05-15 08:45:03.073
755	7	7	702.06	100.29	81.39	4.43	9.86	0.00	0.00	REGULAR	2026-05-15 08:45:03.073
2676	1	1	81.34	81.34	59.00	5	7	0.00	0.00	REGULAR	2026-05-15 08:45:03.073
2590	1	1	2938.17	2938.17	2899.00	3	4	0.00	0.00	REGULAR	2026-05-15 08:45:03.073
609	100	121	11655.53	96.33	81.62	4.4	8.6	1.65	5.79	REGULAR	2026-05-15 08:45:03.073
2281	12	12	594.13	49.51	31.23	4	14.42	16.67	8.33	REGULAR	2026-05-15 08:45:03.073
2736	16	17	1047.15	61.60	46.70	4.24	10.53	17.65	0.00	REGULAR	2026-05-15 08:45:03.073
277	17	17	682.15	40.13	21.20	4.47	8.59	17.65	5.88	REGULAR	2026-05-15 08:45:03.073
3068	3	3	445.53	148.51	130.38	4	14.33	0.00	0.00	REGULAR	2026-05-15 08:45:03.073
68	2	2	120.88	60.44	37.50	5	6	50.00	0.00	DELAY_RISK	2026-05-15 08:45:03.073
1740	2	2	229.64	114.82	98.00	5	2.5	0.00	0.00	REGULAR	2026-05-15 08:45:03.073
2381	15	16	2126.61	132.91	97.99	3.5	15.69	12.50	6.25	REGULAR	2026-05-15 08:45:03.073
1053	252	260	12658.99	48.69	32.79	4.23	11.14	3.46	3.46	REGULAR	2026-05-15 08:45:03.073
2630	50	57	7216.29	126.60	113.79	4.81	8.07	12.28	1.75	REGULAR	2026-05-15 08:45:03.073
964	13	23	2270.52	98.72	79.25	2.87	12.27	0.00	8.70	LOW_REVIEW	2026-05-15 08:45:03.073
1302	12	13	4554.88	350.38	306.99	4.38	10.23	7.69	0.00	REGULAR	2026-05-15 08:45:03.073
715	14	14	2235.10	159.65	126.35	4.43	10.31	0.00	0.00	REGULAR	2026-05-15 08:45:03.073
1989	250	259	31115.86	120.14	100.27	4.33	12.51	4.63	6.95	REGULAR	2026-05-15 08:45:03.073
323	81	85	6149.27	72.34	58.86	4.53	12.25	7.06	2.35	REGULAR	2026-05-15 08:45:03.073
2530	13	16	1557.55	97.35	81.09	3.81	13.88	6.25	31.25	REGULAR	2026-05-15 08:45:03.073
1694	18	18	1933.62	107.42	88.59	4.33	9.11	0.00	5.56	REGULAR	2026-05-15 08:45:03.073
366	55	72	4262.73	59.20	46.23	4.28	12.11	13.89	5.56	REGULAR	2026-05-15 08:45:03.073
1651	5	6	1870.75	311.79	253.23	4.67	12	0.00	16.67	REGULAR	2026-05-15 08:45:03.073
28	2	8	918.40	114.80	88.30	4.75	18.25	0.00	0.00	REGULAR	2026-05-15 08:45:03.073
2089	10	11	829.75	75.43	58.64	3.82	12	0.00	9.09	REGULAR	2026-05-15 08:45:03.073
174	233	265	14843.69	56.01	39.78	4.25	11.05	1.51	20.38	REGULAR	2026-05-15 08:45:03.073
761	2	2	228.26	114.13	99.99	3.5	9.5	0.00	0.00	REGULAR	2026-05-15 08:45:03.073
1256	1	3	72.18	24.06	11.27	1	NULL	0.00	0.00	LOW_REVIEW	2026-05-15 08:45:03.073
1007	21	23	1960.90	85.26	64.54	3.3	13.95	13.04	13.04	REGULAR	2026-05-15 08:45:03.073
1010	21	21	1558.94	74.24	58.37	4.1	10.15	0.00	0.00	REGULAR	2026-05-15 08:45:03.073
1843	12	12	4880.84	406.74	389.77	3.5	9.25	0.00	0.00	REGULAR	2026-05-15 08:45:03.073
2338	3	3	77.17	25.72	11.50	2.33	27	33.33	0.00	LOW_REVIEW	2026-05-15 08:45:03.073
1402	50	52	13313.34	256.03	234.52	3.75	13.62	5.77	3.85	REGULAR	2026-05-15 08:45:03.073
3025	581	582	203355.89	349.41	332.31	4.31	13.32	10.14	5.33	HIGH_PERFORMER	2026-05-15 08:45:03.073
320	56	61	4413.61	72.35	56.17	4.08	10.27	1.64	3.28	REGULAR	2026-05-15 08:45:03.073
1156	25	33	2388.13	72.37	57.08	4.27	10.09	0.00	9.09	REGULAR	2026-05-15 08:45:03.073
74	58	61	23367.98	383.08	353.65	4.2	12.36	4.92	6.56	REGULAR	2026-05-15 08:45:03.073
2484	55	63	8496.68	134.87	112.65	4.05	8.94	0.00	4.76	REGULAR	2026-05-15 08:45:03.073
615	9	10	338.49	33.85	16.50	4.6	9.2	0.00	0.00	REGULAR	2026-05-15 08:45:03.073
1697	3	4	1058.49	264.62	247.65	2	6.5	0.00	0.00	LOW_REVIEW	2026-05-15 08:45:03.073
861	3	3	384.49	128.16	102.33	4	22	33.33	0.00	DELAY_RISK	2026-05-15 08:45:03.073
1943	1	1	164.71	164.71	130.00	5	18	0.00	0.00	REGULAR	2026-05-15 08:45:03.073
2384	6	6	749.99	125.00	109.99	3.33	16.8	33.33	0.00	DELAY_RISK	2026-05-15 08:45:03.073
131	13	14	1910.87	136.49	119.78	4.29	12.29	7.14	14.29	REGULAR	2026-05-15 08:45:03.073
2550	1	1	305.69	305.69	279.00	5	10	0.00	0.00	REGULAR	2026-05-15 08:45:03.073
3048	4	4	171.88	42.97	29.80	5	8.5	0.00	0.00	REGULAR	2026-05-15 08:45:03.073
2052	2	2	114.00	57.00	39.90	4.5	16.5	0.00	0.00	REGULAR	2026-05-15 08:45:03.073
2905	22	23	1714.69	74.55	56.16	2.96	19	13.04	4.35	LOW_REVIEW	2026-05-15 08:45:03.073
1837	71	78	4247.32	54.45	38.97	4.26	12.61	7.69	1.28	REGULAR	2026-05-15 08:45:03.073
1176	13	14	1871.03	133.65	118.76	3.57	22.07	28.57	14.29	REGULAR	2026-05-15 08:45:03.073
2172	33	38	6735.95	177.26	150.63	3.66	11.97	7.89	13.16	REGULAR	2026-05-15 08:45:03.073
1505	18	18	1505.47	83.64	67.71	4.11	11.78	5.56	11.11	REGULAR	2026-05-15 08:45:03.073
841	3	3	161.43	53.81	34.23	3.67	6.33	0.00	0.00	REGULAR	2026-05-15 08:45:03.073
2836	2	3	192.26	64.09	45.67	5	11	0.00	0.00	REGULAR	2026-05-15 08:45:03.073
512	1	1	363.79	363.79	299.89	5	6	0.00	0.00	REGULAR	2026-05-15 08:45:03.073
2527	78	81	14595.43	180.19	165.88	3.74	11.13	8.64	14.81	REGULAR	2026-05-15 08:45:03.073
486	14	15	631.32	42.09	31.33	4.67	7.87	26.67	0.00	REGULAR	2026-05-15 08:45:03.073
2195	11	13	747.59	57.51	39.92	3.85	17.7	7.69	30.77	REGULAR	2026-05-15 08:45:03.073
1531	12	12	454.38	37.87	25.33	4	11	16.67	0.00	REGULAR	2026-05-15 08:45:03.073
1296	124	132	8012.07	60.70	44.57	4.13	14.34	8.33	4.55	REGULAR	2026-05-15 08:45:03.073
1462	129	155	36670.09	236.58	210.61	4.05	11.6	8.39	18.06	REGULAR	2026-05-15 08:45:03.073
2713	42	50	8026.34	160.53	145.80	4.32	7.48	4.00	8.00	REGULAR	2026-05-15 08:45:03.073
1219	37	39	7662.25	196.47	173.87	3.69	13.13	5.13	2.56	REGULAR	2026-05-15 08:45:03.073
798	1	3	100.78	33.59	16.53	1	22	0.00	0.00	LOW_REVIEW	2026-05-15 08:45:03.073
698	104	121	16513.69	136.48	116.21	3.86	14.31	6.61	14.88	REGULAR	2026-05-15 08:45:03.073
1362	44	53	7342.86	138.54	121.48	3.66	16.72	7.55	7.55	REGULAR	2026-05-15 08:45:03.073
821	94	95	15793.21	166.24	144.18	3.81	16.57	12.63	5.26	REGULAR	2026-05-15 08:45:03.073
1319	55	56	9376.53	167.44	148.96	4.04	14.28	3.57	0.00	REGULAR	2026-05-15 08:45:03.073
157	5	5	567.11	113.42	95.90	5	8.6	0.00	0.00	REGULAR	2026-05-15 08:45:03.073
1860	5	5	471.01	94.20	76.20	3.8	18.25	20.00	0.00	REGULAR	2026-05-15 08:45:03.073
2862	8	8	1662.85	207.86	179.00	5	9.5	0.00	0.00	REGULAR	2026-05-15 08:45:03.073
655	7	8	5016.43	627.05	567.12	4	18.88	12.50	0.00	REGULAR	2026-05-15 08:45:03.073
1196	1	1	88.09	88.09	74.99	1	NULL	0.00	0.00	LOW_REVIEW	2026-05-15 08:45:03.073
1511	5	5	1118.60	223.72	203.34	4.4	8.8	0.00	0.00	REGULAR	2026-05-15 08:45:03.073
1339	2	2	667.83	333.92	280.00	1.5	22	0.00	0.00	LOW_REVIEW	2026-05-15 08:45:03.073
2593	2	3	559.95	186.65	162.93	1	NULL	0.00	0.00	LOW_REVIEW	2026-05-15 08:45:03.073
2670	3	3	359.03	119.68	89.90	2.67	13	0.00	33.33	LOW_REVIEW	2026-05-15 08:45:03.073
506	12	12	4877.64	406.47	379.33	5	10.42	0.00	16.67	REGULAR	2026-05-15 08:45:03.073
678	1	1	40.27	40.27	24.99	5	6	0.00	0.00	REGULAR	2026-05-15 08:45:03.073
2152	45	46	29831.02	648.50	584.22	4	12.24	4.35	4.35	REGULAR	2026-05-15 08:45:03.073
2029	51	52	3647.42	70.14	55.86	3.92	14.75	15.38	7.69	REGULAR	2026-05-15 08:45:03.073
1488	3	3	453.44	151.15	129.33	4.67	8.67	0.00	0.00	REGULAR	2026-05-15 08:45:03.073
2693	5	5	374.03	74.81	55.70	4.6	11.8	0.00	0.00	REGULAR	2026-05-15 08:45:03.073
2570	2	6	149.75	24.96	10.86	1.67	12.83	0.00	0.00	LOW_REVIEW	2026-05-15 08:45:03.073
529	2	2	228.72	114.36	99.90	2	16.5	0.00	50.00	LOW_REVIEW	2026-05-15 08:45:03.073
1880	6	7	861.46	123.07	96.86	3.86	7.57	0.00	0.00	REGULAR	2026-05-15 08:45:03.073
1382	106	112	34203.90	305.39	281.60	4.26	13.38	7.14	8.04	REGULAR	2026-05-15 08:45:03.073
386	2	2	159.08	79.54	59.90	5	4.5	0.00	0.00	REGULAR	2026-05-15 08:45:03.073
635	36	43	2352.35	54.71	35.46	4.44	13.98	4.65	4.65	REGULAR	2026-05-15 08:45:03.073
1133	6	9	4761.76	529.08	433.93	4.89	5	0.00	0.00	REGULAR	2026-05-15 08:45:03.073
137	2	2	277.22	138.61	128.88	4.5	2	0.00	0.00	REGULAR	2026-05-15 08:45:03.073
1631	2	2	58.14	29.07	17.47	5	7.5	0.00	0.00	REGULAR	2026-05-15 08:45:03.073
884	1	1	155.26	155.26	139.19	5	4	0.00	0.00	REGULAR	2026-05-15 08:45:03.073
2401	42	45	4942.50	109.83	91.27	4.38	11.44	2.22	8.89	REGULAR	2026-05-15 08:45:03.073
1239	7	11	2021.20	183.75	154.73	4.64	14.36	27.27	0.00	REGULAR	2026-05-15 08:45:03.073
2899	1	1	313.43	313.43	299.00	4	12	0.00	0.00	REGULAR	2026-05-15 08:45:03.073
778	1	1	61.30	61.30	42.90	5	9	0.00	0.00	REGULAR	2026-05-15 08:45:03.073
1276	1	1	202.62	202.62	189.00	5	3	0.00	0.00	REGULAR	2026-05-15 08:45:03.073
741	1	2	84.68	42.34	27.90	5	8	0.00	0.00	REGULAR	2026-05-15 08:45:03.073
2258	68	84	5749.17	68.44	52.69	2.99	15.24	22.62	11.90	LOW_REVIEW	2026-05-15 08:45:03.073
3005	6	6	363.41	60.57	43.83	5	12.67	0.00	16.67	REGULAR	2026-05-15 08:45:03.073
2009	2	2	201.18	100.59	77.78	2	NULL	0.00	0.00	LOW_REVIEW	2026-05-15 08:45:03.073
3091	1	1	79.52	79.52	69.90	1	NULL	0.00	0.00	LOW_REVIEW	2026-05-15 08:45:03.073
8	1	1	110.08	110.08	98.00	5	9	0.00	0.00	REGULAR	2026-05-15 08:45:03.073
990	173	179	60972.21	340.63	314.75	3.81	15.29	10.06	4.47	HIGH_PERFORMER	2026-05-15 08:45:03.073
2650	46	47	9405.47	200.12	179.57	3.72	14.47	10.64	2.13	REGULAR	2026-05-15 08:45:03.073
2613	22	22	1788.34	81.29	54.13	4.5	8.09	0.00	9.09	REGULAR	2026-05-15 08:45:03.073
2072	11	12	1229.42	102.45	84.82	4.33	11.33	0.00	16.67	REGULAR	2026-05-15 08:45:03.073
1027	1	1	68.35	68.35	44.90	3	16	0.00	0.00	REGULAR	2026-05-15 08:45:03.073
300	14	16	3135.23	195.95	179.86	4.25	15.69	6.25	0.00	REGULAR	2026-05-15 08:45:03.073
1717	9	9	2097.82	233.09	216.32	4.44	10.88	11.11	0.00	REGULAR	2026-05-15 08:45:03.073
51	1	2	1474.76	737.38	700.00	5	15	100.00	0.00	DELAY_RISK	2026-05-15 08:45:03.073
1966	1	2	65.50	32.75	20.90	3	NULL	0.00	0.00	REGULAR	2026-05-15 08:45:03.073
2464	2	2	70.18	35.09	21.60	3	3	0.00	0.00	REGULAR	2026-05-15 08:45:03.073
2215	1	1	106.35	106.35	86.50	3	14	0.00	100.00	REGULAR	2026-05-15 08:45:03.073
2364	6	6	640.36	106.73	85.00	4.67	7.33	0.00	0.00	REGULAR	2026-05-15 08:45:03.073
2358	9	9	5993.92	665.99	586.66	4	17.13	11.11	22.22	REGULAR	2026-05-15 08:45:03.073
200	35	40	7973.21	199.33	163.22	4.35	14.03	12.50	5.00	REGULAR	2026-05-15 08:45:03.073
151	29	30	2676.40	89.21	68.64	4.57	11.79	3.33	6.67	REGULAR	2026-05-15 08:45:03.073
194	4	4	326.46	81.62	71.15	5	4	0.00	0.00	REGULAR	2026-05-15 08:45:03.073
692	1	1	217.71	217.71	186.00	1	14	0.00	0.00	LOW_REVIEW	2026-05-15 08:45:03.073
1823	3	4	277.96	69.49	39.70	4.75	10.75	0.00	0.00	REGULAR	2026-05-15 08:45:03.073
1817	1	1	454.17	454.17	385.61	5	7	0.00	0.00	REGULAR	2026-05-15 08:45:03.073
1425	12	12	1545.83	128.82	110.67	4.33	9.83	8.33	0.00	REGULAR	2026-05-15 08:45:03.073
2756	4	5	483.92	96.78	70.13	4.8	6.6	0.00	0.00	REGULAR	2026-05-15 08:45:03.073
592	3	3	1258.80	419.60	392.33	2.33	48	66.67	0.00	LOW_REVIEW	2026-05-15 08:45:03.073
1674	1	1	141.52	141.52	130.00	1	NULL	0.00	0.00	LOW_REVIEW	2026-05-15 08:45:03.073
343	3	3	3873.57	1291.19	1249.00	3.67	17	33.33	0.00	DELAY_RISK	2026-05-15 08:45:03.073
2507	1	1	31.69	31.69	18.90	5	6	0.00	0.00	REGULAR	2026-05-15 08:45:03.073
984	15	15	1049.52	69.97	50.91	4.73	8.07	0.00	0.00	REGULAR	2026-05-15 08:45:03.073
443	49	49	2335.45	47.66	33.56	4.24	9.45	4.08	6.12	REGULAR	2026-05-15 08:45:03.073
2607	4	4	381.56	95.39	82.40	3.25	19.67	25.00	25.00	REGULAR	2026-05-15 08:45:03.073
1525	8	8	778.63	97.33	79.28	4.63	10.38	0.00	0.00	REGULAR	2026-05-15 08:45:03.073
2066	7	10	1035.70	103.57	86.34	3.2	20	20.00	10.00	REGULAR	2026-05-15 08:45:03.073
1637	10	10	837.13	83.71	58.53	4.2	16.6	20.00	0.00	REGULAR	2026-05-15 08:45:03.073
1305	7	12	530.62	44.22	33.92	4.83	4.83	0.00	33.33	REGULAR	2026-05-15 08:45:03.073
309	1	1	97.00	97.00	80.00	5	16	0.00	0.00	REGULAR	2026-05-15 08:45:03.073
641	6	7	895.02	127.86	113.77	4.71	11.57	0.00	0.00	REGULAR	2026-05-15 08:45:03.073
973	2	2	62.66	31.33	23.90	4.5	3	0.00	0.00	REGULAR	2026-05-15 08:45:03.073
286	64	67	4075.88	60.83	42.09	4.24	12.46	4.48	0.00	REGULAR	2026-05-15 08:45:03.073
618	78	78	8229.89	105.51	82.76	4	12.83	11.54	1.28	REGULAR	2026-05-15 08:45:03.073
950	4	6	280.27	46.71	35.03	4.83	8.33	0.00	0.00	REGULAR	2026-05-15 08:45:03.073
2848	1	1	346.27	346.27	319.90	5	8	0.00	0.00	REGULAR	2026-05-15 08:45:03.073
263	12	13	1818.28	139.87	120.77	4.62	8.77	7.69	53.85	REGULAR	2026-05-15 08:45:03.073
2516	5	5	397.00	79.40	63.14	5	8.4	20.00	0.00	REGULAR	2026-05-15 08:45:03.073
1852	3	4	571.88	142.97	131.25	5	8.5	0.00	0.00	REGULAR	2026-05-15 08:45:03.073
2184	1	1	88.81	88.81	79.90	5	6	0.00	0.00	REGULAR	2026-05-15 08:45:03.073
2871	3	9	547.34	60.82	44.90	4.56	10.22	0.00	22.22	REGULAR	2026-05-15 08:45:03.073
478	105	120	14809.04	123.41	106.81	4.57	6.59	1.67	2.50	REGULAR	2026-05-15 08:45:03.073
2393	41	41	13652.89	333.00	314.96	3.32	16	19.51	2.44	REGULAR	2026-05-15 08:45:03.073
804	11	11	1629.30	148.12	127.64	4.27	9.56	0.00	0.00	REGULAR	2026-05-15 08:45:03.073
140	3	3	1550.64	516.88	472.25	4.67	12	0.00	33.33	REGULAR	2026-05-15 08:45:03.073
1142	3	3	93.10	31.03	16.67	3.67	21.5	0.00	0.00	REGULAR	2026-05-15 08:45:03.073
1806	1	1	129.56	129.56	115.00	5	10	0.00	100.00	REGULAR	2026-05-15 08:45:03.073
2470	1	2	1080.56	540.28	499.00	1	25	0.00	0.00	LOW_REVIEW	2026-05-15 08:45:03.073
3057	1	1	882.87	882.87	749.00	5	9	0.00	0.00	REGULAR	2026-05-15 08:45:03.073
163	4	8	820.57	102.57	87.03	2.75	25	50.00	12.50	LOW_REVIEW	2026-05-15 08:45:03.073
2493	43	52	3287.52	63.22	49.01	3.67	12.16	3.85	1.92	REGULAR	2026-05-15 08:45:03.073
3034	30	30	5291.51	176.38	160.63	4.23	11.03	3.33	13.33	REGULAR	2026-05-15 08:45:03.073
1706	28	44	4271.02	97.07	82.01	3.86	15.11	11.36	6.82	REGULAR	2026-05-15 08:45:03.073
1491	8	8	494.07	61.76	48.13	4	13.43	25.00	0.00	REGULAR	2026-05-15 08:45:03.073
1829	9	9	746.22	82.91	72.01	3.56	21.11	44.44	0.00	DELAY_RISK	2026-05-15 08:45:03.073
827	2	3	185.80	61.93	43.26	4.67	8	0.00	0.00	REGULAR	2026-05-15 08:45:03.073
2370	3	3	514.93	171.64	135.94	5	12	0.00	0.00	REGULAR	2026-05-15 08:45:03.073
1165	9	9	2718.74	302.08	274.56	4.22	16.33	22.22	11.11	REGULAR	2026-05-15 08:45:03.073
3011	21	21	16607.42	790.83	749.12	4.29	15.15	0.00	9.52	REGULAR	2026-05-15 08:45:03.073
2178	5	5	1428.22	285.64	241.60	3.2	13	20.00	0.00	REGULAR	2026-05-15 08:45:03.073
1683	8	9	495.08	55.01	39.03	4.67	6.67	0.00	11.11	REGULAR	2026-05-15 08:45:03.073
2347	14	14	1443.45	103.10	84.87	3.79	10.64	7.14	7.14	REGULAR	2026-05-15 08:45:03.073
186	2	2	420.17	210.09	164.88	4.5	10.5	0.00	0.00	REGULAR	2026-05-15 08:45:03.073
432	1	1	412.12	412.12	355.00	5	13	0.00	0.00	REGULAR	2026-05-15 08:45:03.073
1514	2	2	237.60	118.80	90.00	5	11.5	0.00	0.00	REGULAR	2026-05-15 08:45:03.073
850	2	2	163.40	81.70	63.75	2.5	17	0.00	0.00	LOW_REVIEW	2026-05-15 08:45:03.073
1096	1	1	156.75	156.75	135.00	5	19	0.00	0.00	REGULAR	2026-05-15 08:45:03.073
1019	1	1	57.77	57.77	50.00	4	4	100.00	0.00	DELAY_RISK	2026-05-15 08:45:03.073
996	83	85	17390.11	204.59	182.16	4.45	13.47	10.59	2.35	REGULAR	2026-05-15 08:45:03.073
2865	24	25	4228.00	169.12	141.56	4.28	7.92	8.00	4.00	REGULAR	2026-05-15 08:45:03.073
1119	12	13	2376.30	182.79	137.74	3.31	20.25	30.77	15.38	DELAY_RISK	2026-05-15 08:45:03.073
1783	4	6	1100.57	183.43	139.00	4.33	10.83	0.00	0.00	REGULAR	2026-05-15 08:45:03.073
455	3	4	412.41	103.10	86.20	5	3.25	0.00	0.00	REGULAR	2026-05-15 08:45:03.073
1660	1	1	48.98	48.98	29.99	5	7	0.00	0.00	REGULAR	2026-05-15 08:45:03.073
2324	1	1	37.56	37.56	29.88	5	5	0.00	0.00	REGULAR	2026-05-15 08:45:03.073
332	1	1	39.42	39.42	24.90	5	10	0.00	0.00	REGULAR	2026-05-15 08:45:03.073
1537	3	4	193.15	48.29	31.50	3.75	7	0.00	25.00	REGULAR	2026-05-15 08:45:03.073
2201	1	1	318.30	318.30	299.00	5	3	0.00	0.00	REGULAR	2026-05-15 08:45:03.073
873	1	1	106.33	106.33	89.00	4	11	0.00	0.00	REGULAR	2026-05-15 08:45:03.073
2888	129	140	18538.95	132.42	115.88	4.34	12.5	7.86	2.14	REGULAR	2026-05-15 08:45:03.073
2971	112	116	53823.12	463.99	430.89	4.23	11.96	10.34	6.90	HIGH_PERFORMER	2026-05-15 08:45:03.073
2639	1	1	103.37	103.37	89.00	1	32	100.00	0.00	LOW_REVIEW	2026-05-15 08:45:03.073
1892	1	2	377.70	188.85	164.90	5	4	0.00	0.00	REGULAR	2026-05-15 08:45:03.073
1560	4	4	579.89	144.97	129.45	4.5	8.5	0.00	0.00	REGULAR	2026-05-15 08:45:03.073
1643	2	2	294.90	147.45	125.50	4.5	15.5	50.00	0.00	DELAY_RISK	2026-05-15 08:45:03.073
1311	4	6	845.39	140.90	123.25	4.5	4.83	0.00	33.33	REGULAR	2026-05-15 08:45:03.073
77	8	9	10918.74	1213.19	1135.61	4.22	16.75	0.00	0.00	REGULAR	2026-05-15 08:45:03.073
409	10	11	1245.58	113.23	96.08	4.18	9.82	0.00	9.09	REGULAR	2026-05-15 08:45:03.073
2284	1	1	42.19	42.19	23.92	5	13	0.00	0.00	REGULAR	2026-05-15 08:45:03.073
956	2	2	1070.39	535.20	472.49	5	20.5	0.00	0.00	REGULAR	2026-05-15 08:45:03.073
2247	9	9	1829.47	203.27	186.62	3.78	13.11	11.11	0.00	REGULAR	2026-05-15 08:45:03.073
624	1	1	37.09	37.09	21.99	4	6	0.00	0.00	REGULAR	2026-05-15 08:45:03.073
2579	2	4	138.78	34.70	18.75	5	10	0.00	0.00	REGULAR	2026-05-15 08:45:03.073
1952	3	4	1085.18	271.30	212.25	2	17.5	0.00	0.00	LOW_REVIEW	2026-05-15 08:45:03.073
1013	93	100	14992.78	149.93	124.44	4.26	10.82	1.00	4.00	REGULAR	2026-05-15 08:45:03.073
17	14	15	7686.31	512.42	470.53	3.67	19.07	13.33	6.67	REGULAR	2026-05-15 08:45:03.073
3017	4	5	1350.14	270.03	242.40	3	18.8	40.00	20.00	DELAY_RISK	2026-05-15 08:45:03.073
2934	2	2	177.94	88.97	74.90	4.5	12	0.00	0.00	REGULAR	2026-05-15 08:45:03.073
1345	8	14	879.96	62.85	52.32	4	3.5	0.00	0.00	REGULAR	2026-05-15 08:45:03.073
326	201	220	12589.29	57.22	43.43	4.15	11.54	5.00	9.55	REGULAR	2026-05-15 08:45:03.073
2330	1	1	34.62	34.62	25.90	4	11	0.00	0.00	REGULAR	2026-05-15 08:45:03.073
2138	107	121	10140.99	83.81	66.07	3.72	15.6	11.57	1.65	REGULAR	2026-05-15 08:45:03.073
472	1	2	1152.62	576.31	539.00	1	NULL	0.00	0.00	LOW_REVIEW	2026-05-15 08:45:03.073
2725	21	24	1175.89	49.00	29.32	3.67	16.48	0.00	8.33	REGULAR	2026-05-15 08:45:03.073
223	9	9	1004.00	111.56	97.49	4.78	9.33	0.00	0.00	REGULAR	2026-05-15 08:45:03.073
810	20	20	3163.31	158.17	143.36	1.2	15.5	5.00	10.00	LOW_REVIEW	2026-05-15 08:45:03.073
1059	2	2	791.95	395.98	367.40	3	10	0.00	0.00	REGULAR	2026-05-15 08:45:03.073
2387	1	1	98.31	98.31	81.00	1	NULL	0.00	0.00	LOW_REVIEW	2026-05-15 08:45:03.073
2825	9	9	4370.37	485.60	463.44	4.78	8.67	0.00	0.00	REGULAR	2026-05-15 08:45:03.073
1159	8	8	1745.73	218.22	183.99	4.5	9.13	12.50	12.50	REGULAR	2026-05-15 08:45:03.073
1700	2	3	258.54	86.18	74.78	4.33	6.67	0.00	0.00	REGULAR	2026-05-15 08:45:03.073
2038	2	3	554.45	184.82	172.67	3.67	5.67	0.00	33.33	REGULAR	2026-05-15 08:45:03.073
372	7	13	1084.92	83.46	67.32	4.54	10.08	0.00	0.00	REGULAR	2026-05-15 08:45:03.073
1497	1	1	116.04	116.04	99.90	5	22	0.00	0.00	REGULAR	2026-05-15 08:45:03.073
2679	120	141	11913.42	84.49	64.42	3.77	14.89	14.89	7.09	REGULAR	2026-05-15 08:45:03.073
1351	13	13	932.36	71.72	56.97	4.46	9.85	7.69	7.69	REGULAR	2026-05-15 08:45:03.073
1597	73	73	11235.27	153.91	129.05	4.15	12.79	5.48	4.11	REGULAR	2026-05-15 08:45:03.073
518	6	7	411.76	58.82	37.00	3.86	13.29	28.57	0.00	REGULAR	2026-05-15 08:45:03.073
2433	1	1	93.53	93.53	79.39	5	4	0.00	0.00	REGULAR	2026-05-15 08:45:03.073
269	2	2	1226.55	613.28	594.45	5	6	0.00	0.00	REGULAR	2026-05-15 08:45:03.073
1846	1	3	176.97	58.99	46.20	1	2	0.00	0.00	LOW_REVIEW	2026-05-15 08:45:03.073
764	1	1	86.74	86.74	70.00	1	17	0.00	0.00	LOW_REVIEW	2026-05-15 08:45:03.073
3074	107	127	10144.87	79.88	56.47	4.28	8.19	3.94	7.87	REGULAR	2026-05-15 08:45:03.073
664	28	30	4418.10	147.27	123.15	3.8	11.21	3.33	3.33	REGULAR	2026-05-15 08:45:03.073
910	46	46	5032.91	109.41	97.62	4.26	11.02	13.04	2.17	REGULAR	2026-05-15 08:45:03.073
123	17	20	5909.15	295.46	259.69	2.95	10.26	15.00	0.00	LOW_REVIEW	2026-05-15 08:45:03.073
1992	33	36	5351.11	148.64	126.89	4.58	12.39	2.78	5.56	REGULAR	2026-05-15 08:45:03.073
1451	1	1	76.08	76.08	59.90	5	10	0.00	0.00	REGULAR	2026-05-15 08:45:03.073
1205	3	3	450.10	150.03	132.33	3.67	19.67	33.33	0.00	DELAY_RISK	2026-05-15 08:45:03.073
2533	3	3	354.37	118.12	106.90	5	5	0.00	33.33	REGULAR	2026-05-15 08:45:03.073
1746	1	1	1083.96	1083.96	975.00	1	86	100.00	0.00	LOW_REVIEW	2026-05-15 08:45:03.073
1056	48	56	4471.79	79.85	65.32	3.77	14.25	16.07	5.36	REGULAR	2026-05-15 08:45:03.073
60	21	22	10703.75	486.53	453.78	3.36	30.29	27.27	0.00	REGULAR	2026-05-15 08:45:03.073
724	9	10	1214.58	121.46	104.10	3.9	9	20.00	10.00	REGULAR	2026-05-15 08:45:03.073
1222	16	16	625.79	39.11	23.38	3.13	13.31	6.25	0.00	REGULAR	2026-05-15 08:45:03.073
226	4	4	765.22	191.31	174.00	1.75	34.5	50.00	25.00	LOW_REVIEW	2026-05-15 08:45:03.073
1720	2	2	150.66	75.33	57.45	5	10	0.00	0.00	REGULAR	2026-05-15 08:45:03.073
558	3	3	78.70	26.23	12.90	4.33	12.33	0.00	0.00	REGULAR	2026-05-15 08:45:03.073
581	42	42	11870.23	282.62	228.00	4.43	15.95	4.76	7.14	REGULAR	2026-05-15 08:45:03.073
2573	12	12	652.09	54.34	36.82	4.17	13.18	0.00	0.00	REGULAR	2026-05-15 08:45:03.073
2075	50	50	18158.23	363.16	343.18	3.84	14.29	16.00	2.00	REGULAR	2026-05-15 08:45:03.073
415	32	35	5003.04	142.94	108.94	3.94	13.5	5.71	11.43	REGULAR	2026-05-15 08:45:03.073
83	16	17	1757.00	103.35	85.09	4.59	8.94	0.00	0.00	REGULAR	2026-05-15 08:45:03.073
2788	7	7	4158.58	594.08	575.00	4.29	13.29	0.00	0.00	REGULAR	2026-05-15 08:45:03.073
1577	4	4	321.34	80.34	64.90	5	11.67	0.00	0.00	REGULAR	2026-05-15 08:45:03.073
2622	1	1	34.00	34.00	19.90	5	6	0.00	0.00	REGULAR	2026-05-15 08:45:03.073
1079	1	1	3602.47	3602.47	3549.00	5	8	0.00	0.00	REGULAR	2026-05-15 08:45:03.073
2098	85	89	13248.11	148.86	128.73	4.03	17.28	15.73	3.37	REGULAR	2026-05-15 08:45:03.073
3094	59	60	11843.55	197.39	150.38	3.78	13.84	13.33	11.67	REGULAR	2026-05-15 08:45:03.073
2430	1	2	107.22	53.61	37.50	1	NULL	0.00	0.00	LOW_REVIEW	2026-05-15 08:45:03.073
1434	4	4	1048.61	262.15	194.00	4	13	25.00	0.00	REGULAR	2026-05-15 08:45:03.073
2931	3	3	1788.34	596.11	565.57	3.67	6.5	0.00	0.00	REGULAR	2026-05-15 08:45:03.073
2267	3	3	482.85	160.95	130.79	4.67	12	0.00	0.00	REGULAR	2026-05-15 08:45:03.073
1789	11	11	2545.26	231.39	199.16	3.55	25.91	27.27	18.18	REGULAR	2026-05-15 08:45:03.073
2908	67	85	5083.32	59.80	44.19	4.22	10.38	9.41	8.24	REGULAR	2026-05-15 08:45:03.073
867	33	33	6621.54	200.65	164.30	4.03	18.06	3.03	6.06	REGULAR	2026-05-15 08:45:03.073
203	2	2	831.01	415.51	390.95	5	9	0.00	0.00	REGULAR	2026-05-15 08:45:03.073
2453	14	15	1973.62	131.57	118.16	4.47	7.53	20.00	0.00	REGULAR	2026-05-15 08:45:03.073
1912	2	3	120.81	40.27	15.90	5	6.33	0.00	0.00	REGULAR	2026-05-15 08:45:03.073
1248	1	1	25.69	25.69	13.00	1	5	0.00	100.00	LOW_REVIEW	2026-05-15 08:45:03.073
2055	3	3	323.46	107.82	87.00	3.33	22.67	33.33	0.00	DELAY_RISK	2026-05-15 08:45:03.073
1557	23	27	1733.18	64.19	49.79	4.41	9.44	0.00	0.00	REGULAR	2026-05-15 08:45:03.073
1391	4	4	1213.03	303.26	281.50	4.75	10	0.00	0.00	REGULAR	2026-05-15 08:45:03.073
893	1	1	266.11	266.11	248.00	4	12	0.00	0.00	REGULAR	2026-05-15 08:45:03.073
34	14	17	1804.07	106.12	87.76	3.59	17.27	29.41	29.41	REGULAR	2026-05-15 08:45:03.073
40	8	8	240.26	30.03	12.00	4.5	8.5	0.00	0.00	REGULAR	2026-05-15 08:45:03.073
1534	4	4	908.64	227.16	189.75	4.5	9.75	0.00	0.00	REGULAR	2026-05-15 08:45:03.073
2032	1	1	108.63	108.63	89.90	4	5	0.00	0.00	REGULAR	2026-05-15 08:45:03.073
1265	6	6	3626.50	604.42	585.67	4.17	9.5	0.00	16.67	REGULAR	2026-05-15 08:45:03.073
1932	9	11	654.90	59.54	47.06	3.64	7.82	9.09	0.00	REGULAR	2026-05-15 08:45:03.073
2596	77	82	5392.57	65.76	46.86	3.95	13.94	9.76	8.54	REGULAR	2026-05-15 08:45:03.073
601	1	1	65.43	65.43	45.00	1	NULL	0.00	0.00	LOW_REVIEW	2026-05-15 08:45:03.073
2765	3	5	581.76	116.35	99.00	2.2	14.8	0.00	0.00	LOW_REVIEW	2026-05-15 08:45:03.073
183	3	3	240.06	80.02	65.25	4	8.33	0.00	0.00	REGULAR	2026-05-15 08:45:03.073
1955	699	750	130377.74	173.84	132.51	4.17	13.6	5.33	4.53	TOP_SELLER	2026-05-15 08:45:03.073
1414	49	61	2768.66	45.39	29.87	4.52	12.22	6.56	3.28	REGULAR	2026-05-15 08:45:03.073
160	39	41	6141.31	149.79	129.86	3.85	12.92	9.76	4.88	REGULAR	2026-05-15 08:45:03.073
701	2	3	162.56	54.19	34.57	4.67	6.33	0.00	0.00	REGULAR	2026-05-15 08:45:03.073
1242	11	14	1880.00	134.29	106.20	4.5	9.64	0.00	0.00	REGULAR	2026-05-15 08:45:03.073
1975	16	16	4009.34	250.58	205.42	4.75	8.56	12.50	0.00	REGULAR	2026-05-15 08:45:03.073
2224	39	39	26368.49	676.12	649.90	4.08	10.46	7.69	5.13	REGULAR	2026-05-15 08:45:03.073
1726	3	4	224.68	56.17	45.15	4.75	5.25	0.00	0.00	REGULAR	2026-05-15 08:45:03.073
1477	1	1	511.76	511.76	489.00	4	11	0.00	0.00	REGULAR	2026-05-15 08:45:03.073
1122	38	41	10474.98	255.49	229.21	4.2	13.13	14.63	0.00	REGULAR	2026-05-15 08:45:03.073
1620	3	3	330.46	110.15	93.80	5	5.33	0.00	0.00	REGULAR	2026-05-15 08:45:03.073
2118	1	1	43.00	43.00	27.90	5	10	0.00	0.00	REGULAR	2026-05-15 08:45:03.073
2616	2	2	229.90	114.95	99.00	1.5	30	100.00	0.00	LOW_REVIEW	2026-05-15 08:45:03.073
2745	6	7	278.22	39.75	23.47	4.14	12	14.29	0.00	REGULAR	2026-05-15 08:45:03.073
2012	8	8	1621.13	202.64	147.78	3.88	19.38	0.00	25.00	REGULAR	2026-05-15 08:45:03.073
103	12	12	606.79	50.57	31.04	4.08	8.33	0.00	0.00	REGULAR	2026-05-15 08:45:03.073
352	42	48	8608.69	179.35	143.07	3.92	17.7	12.50	4.17	REGULAR	2026-05-15 08:45:03.073
681	11	11	984.21	89.47	69.18	3.82	13.55	18.18	18.18	REGULAR	2026-05-15 08:45:03.073
1763	5	7	1079.30	154.19	130.20	4.57	8.71	0.00	0.00	REGULAR	2026-05-15 08:45:03.073
930	6	6	1494.03	249.01	217.45	3.5	12	0.00	0.00	REGULAR	2026-05-15 08:45:03.073
1371	1	1	18.56	18.56	7.60	5	2	0.00	0.00	REGULAR	2026-05-15 08:45:03.073
2994	43	48	5665.70	118.04	100.09	4.17	11	4.17	10.42	REGULAR	2026-05-15 08:45:03.073
744	9	10	2450.25	245.03	224.23	3.8	15	40.00	0.00	DELAY_RISK	2026-05-15 08:45:03.073
2367	10	10	1546.43	154.64	143.07	4.3	4.2	0.00	0.00	REGULAR	2026-05-15 08:45:03.073
289	6	6	1609.73	268.29	223.58	5	9	0.00	0.00	REGULAR	2026-05-15 08:45:03.073
1285	1	1	35.13	35.13	19.90	5	7	0.00	0.00	REGULAR	2026-05-15 08:45:03.073
638	7	7	586.79	83.83	59.21	3.57	16.86	14.29	14.29	REGULAR	2026-05-15 08:45:03.073
2808	8	14	965.99	69.00	53.07	4.71	10.29	14.29	0.00	REGULAR	2026-05-15 08:45:03.073
2559	10	11	3078.90	279.90	257.08	3.64	21.91	27.27	18.18	REGULAR	2026-05-15 08:45:03.073
2553	2	2	177.42	88.71	76.45	4.5	4.5	0.00	0.00	REGULAR	2026-05-15 08:45:03.073
644	2	2	158.62	79.31	59.70	4	6.5	0.00	0.00	REGULAR	2026-05-15 08:45:03.073
2802	2	2	149.22	74.61	54.00	3	9	50.00	0.00	DELAY_RISK	2026-05-15 08:45:03.073
389	3	6	596.59	99.43	83.53	5	15.17	0.00	0.00	REGULAR	2026-05-15 08:45:03.073
395	1	1	29.42	29.42	14.90	0	45	100.00	0.00	LOW_REVIEW	2026-05-15 08:45:03.073
2659	83	97	6331.99	65.28	49.72	4.51	8.93	6.19	5.15	REGULAR	2026-05-15 08:45:03.073
495	49	78	7072.53	90.67	65.77	3.42	14.87	23.08	14.10	REGULAR	2026-05-15 08:45:03.073
2702	69	77	5871.65	76.26	55.12	3.96	9.75	3.90	7.79	REGULAR	2026-05-15 08:45:03.073
1036	17	18	3600.83	200.05	174.54	4.28	15.94	11.11	16.67	REGULAR	2026-05-15 08:45:03.073
538	10	11	1203.97	109.45	83.77	4	9.55	0.00	0.00	REGULAR	2026-05-15 08:45:03.073
2161	7	13	7325.35	563.49	526.92	4.85	17.15	15.38	0.00	REGULAR	2026-05-15 08:45:03.073
2018	53	54	16008.81	296.46	271.09	4.52	13.09	1.85	3.70	REGULAR	2026-05-15 08:45:03.073
936	29	42	1440.37	34.29	21.76	4.1	10.17	4.76	2.38	REGULAR	2026-05-15 08:45:03.073
1179	48	55	4494.06	81.71	65.26	2.87	16.15	23.64	12.73	LOW_REVIEW	2026-05-15 08:45:03.073
97	2	2	759.59	379.80	361.20	2.5	11.5	0.00	0.00	LOW_REVIEW	2026-05-15 08:45:03.073
346	4	5	1228.18	245.64	229.60	3.2	11.2	20.00	40.00	REGULAR	2026-05-15 08:45:03.073
2851	1	1	325.33	325.33	309.00	5	6	0.00	0.00	REGULAR	2026-05-15 08:45:03.073
2261	2	2	355.39	177.70	143.50	5	6	0.00	0.00	REGULAR	2026-05-15 08:45:03.073
1328	149	157	13718.46	87.38	71.26	4.45	10.41	1.91	8.28	REGULAR	2026-05-15 08:45:03.073
1869	49	57	4221.21	74.06	60.45	4.28	13.47	7.02	7.02	REGULAR	2026-05-15 08:45:03.073
787	20	23	971.92	42.26	34.00	4.96	4.48	0.00	4.35	REGULAR	2026-05-15 08:45:03.073
2410	24	26	4272.65	164.33	140.85	3.81	7.65	0.00	7.69	REGULAR	2026-05-15 08:45:03.073
2951	2	2	327.10	163.55	144.90	5	7.5	0.00	0.00	REGULAR	2026-05-15 08:45:03.073
475	97	108	8261.95	76.50	59.38	4.34	11.13	4.63	1.85	REGULAR	2026-05-15 08:45:03.073
143	51	78	15008.74	192.42	173.51	3.45	17.35	11.54	7.69	REGULAR	2026-05-15 08:45:03.073
807	46	57	3938.54	69.10	52.09	4.18	15.67	14.04	0.00	REGULAR	2026-05-15 08:45:03.073
1139	2	2	363.88	181.94	169.95	1	18	50.00	0.00	LOW_REVIEW	2026-05-15 08:45:03.073
1803	4	4	488.25	122.06	106.25	4.25	5.25	0.00	0.00	REGULAR	2026-05-15 08:45:03.073
1471	3	3	242.43	80.81	63.33	4.33	10.33	0.00	0.00	REGULAR	2026-05-15 08:45:03.073
120	18	18	1895.29	105.29	81.85	4.06	11.67	0.00	0.00	REGULAR	2026-05-15 08:45:03.073
1116	16	17	2238.34	131.67	110.16	4.12	12.71	5.88	0.00	REGULAR	2026-05-15 08:45:03.073
784	7	9	471.14	52.35	40.11	4	7.33	0.00	11.11	REGULAR	2026-05-15 08:45:03.073
452	3	6	254.72	42.45	34.93	5	4.67	33.33	0.00	DELAY_RISK	2026-05-15 08:45:03.073
1849	31	31	3362.42	108.47	91.05	4.1	11.61	3.23	0.00	REGULAR	2026-05-15 08:45:03.073
1517	93	98	11074.64	113.01	99.30	4.34	9.44	4.08	6.12	REGULAR	2026-05-15 08:45:03.073
1185	82	125	8950.41	71.60	50.87	3.34	10.34	2.40	11.20	REGULAR	2026-05-15 08:45:03.073
2845	11	11	3925.46	356.86	339.99	3.91	12.64	27.27	0.00	REGULAR	2026-05-15 08:45:03.073
853	1	1	1196.78	1196.78	1099.00	2	21	0.00	0.00	LOW_REVIEW	2026-05-15 08:45:03.073
2513	1	1	416.45	416.45	399.90	3	NULL	0.00	0.00	REGULAR	2026-05-15 08:45:03.073
2181	1	2	282.14	141.07	99.00	2	NULL	0.00	0.00	LOW_REVIEW	2026-05-15 08:45:03.073
166	131	135	10949.51	81.11	66.51	4.19	11.62	3.70	3.70	REGULAR	2026-05-15 08:45:03.073
2490	185	190	78429.22	412.79	385.67	4.27	15.49	6.84	3.68	HIGH_PERFORMER	2026-05-15 08:45:03.073
498	18	23	2013.13	87.53	65.95	3.65	19.59	13.04	0.00	REGULAR	2026-05-15 08:45:03.073
2158	4	15	24487.60	1632.51	1605.00	1.4	17	6.67	0.00	LOW_REVIEW	2026-05-15 08:45:03.073
830	42	42	4474.27	106.53	88.00	4.05	12.87	7.14	21.43	REGULAR	2026-05-15 08:45:03.073
1494	2	6	1109.65	184.94	170.00	1.67	13	0.00	0.00	LOW_REVIEW	2026-05-15 08:45:03.073
1162	3	3	559.77	186.59	169.00	4.67	16.67	33.33	0.00	DELAY_RISK	2026-05-15 08:45:03.073
1826	1	1	94.21	94.21	79.90	1	NULL	0.00	0.00	LOW_REVIEW	2026-05-15 08:45:03.073
2891	324	340	14968.43	44.02	28.74	3.86	13.33	8.53	4.71	REGULAR	2026-05-15 08:45:03.073
1640	8	8	389.97	48.75	27.92	4.38	13.63	25.00	12.50	REGULAR	2026-05-15 08:45:03.073
306	4	4	219.62	54.91	44.50	5	5.75	0.00	0.00	REGULAR	2026-05-15 08:45:03.073
976	5	5	971.78	194.36	169.07	4.2	9.2	0.00	0.00	REGULAR	2026-05-15 08:45:03.073
312	2	2	163.17	81.59	69.90	5	9.5	0.00	0.00	REGULAR	2026-05-15 08:45:03.073
2304	2	2	155.25	77.63	59.90	4	14.5	0.00	0.00	REGULAR	2026-05-15 08:45:03.073
993	14	14	3710.64	265.05	233.33	4.79	13.43	0.00	0.00	REGULAR	2026-05-15 08:45:03.073
2868	30	38	12678.90	333.66	318.51	3.76	9.05	2.63	2.63	REGULAR	2026-05-15 08:45:03.073
2991	24	24	4748.98	197.87	173.37	3.46	16.88	37.50	0.00	DELAY_RISK	2026-05-15 08:45:03.073
1663	12	12	687.13	57.26	43.37	3.25	6.58	8.33	0.00	REGULAR	2026-05-15 08:45:03.073
2327	6	6	336.75	56.13	41.57	3	13.17	0.00	16.67	REGULAR	2026-05-15 08:45:03.073
329	12	12	11062.72	921.89	847.76	4.33	8.67	0.00	25.00	REGULAR	2026-05-15 08:45:03.073
2204	6	6	872.30	145.38	108.63	4.17	12.8	0.00	0.00	REGULAR	2026-05-15 08:45:03.073
3014	10	15	2101.48	140.10	112.32	2.93	13.27	0.00	0.00	LOW_REVIEW	2026-05-15 08:45:03.073
2350	12	14	2635.48	188.25	172.99	4.64	8.07	0.00	0.00	REGULAR	2026-05-15 08:45:03.073
2496	11	11	734.88	66.81	50.64	4.36	11.27	9.09	0.00	REGULAR	2026-05-15 08:45:03.073
3037	1	1	31.82	31.82	13.90	5	6	0.00	0.00	REGULAR	2026-05-15 08:45:03.073
1394	6	7	2200.55	314.36	289.60	4.43	11.57	0.00	0.00	REGULAR	2026-05-15 08:45:03.073
2473	11	11	1008.97	91.72	70.90	3.82	9.91	9.09	0.00	REGULAR	2026-05-15 08:45:03.073
2141	7	9	608.35	67.59	50.50	3.78	6.22	22.22	0.00	REGULAR	2026-05-15 08:45:03.073
2722	1	1	217.00	217.00	199.00	5	9	0.00	0.00	REGULAR	2026-05-15 08:45:03.073
2390	3	3	337.17	112.39	99.00	4.67	5	0.00	0.00	REGULAR	2026-05-15 08:45:03.073
575	18	31	7549.71	243.54	222.96	3.58	10.35	3.23	12.90	REGULAR	2026-05-15 08:45:03.073
2081	1	1	79.44	79.44	55.90	3	10	0.00	0.00	REGULAR	2026-05-15 08:45:03.073
2782	7	9	930.03	103.34	85.43	3.67	6.5	0.00	0.00	REGULAR	2026-05-15 08:45:03.073
1454	5	5	260.87	52.17	41.34	5	4	0.00	20.00	REGULAR	2026-05-15 08:45:03.073
1786	4	4	389.22	97.31	86.43	5	8.25	0.00	0.00	REGULAR	2026-05-15 08:45:03.073
3077	4	4	1376.94	344.24	320.00	3.75	10.5	0.00	0.00	REGULAR	2026-05-15 08:45:03.073
266	11	11	2211.38	201.03	178.09	4.55	7.2	9.09	0.00	REGULAR	2026-05-15 08:45:03.073
1262	26	26	1540.24	59.24	42.69	4.69	5.62	0.00	0.00	REGULAR	2026-05-15 08:45:03.073
20	11	11	1798.87	163.53	138.29	4	12.7	0.00	0.00	REGULAR	2026-05-15 08:45:03.073
1348	7	8	695.70	86.96	73.32	4.25	6.5	25.00	25.00	REGULAR	2026-05-15 08:45:03.073
767	11	11	9164.51	833.14	814.54	3.64	10.82	0.00	0.00	REGULAR	2026-05-15 08:45:03.073
2095	1	2	656.16	328.08	299.90	1	NULL	0.00	0.00	LOW_REVIEW	2026-05-15 08:45:03.073
2344	9	9	491.21	54.58	41.55	3.56	15.67	11.11	11.11	REGULAR	2026-05-15 08:45:03.073
1016	2	2	192.62	96.31	79.99	4.5	17	0.00	0.00	REGULAR	2026-05-15 08:45:03.073
1099	2	2	102.97	51.49	39.90	3	12	0.00	0.00	REGULAR	2026-05-15 08:45:03.073
80	46	52	7309.00	140.56	112.17	3.97	13.06	3.85	7.69	REGULAR	2026-05-15 08:45:03.073
1703	61	61	17054.68	279.58	258.00	4.44	11.21	1.64	6.56	REGULAR	2026-05-15 08:45:03.073
1949	6	17	2660.91	156.52	143.12	5	10.82	0.00	47.06	REGULAR	2026-05-15 08:45:03.073
707	4	4	2218.19	554.55	523.88	5	9.25	0.00	0.00	REGULAR	2026-05-15 08:45:03.073
621	1	1	169.39	169.39	161.00	5	4	0.00	0.00	REGULAR	2026-05-15 08:45:03.073
3031	1	1	174.68	174.68	139.90	4	22	0.00	0.00	REGULAR	2026-05-15 08:45:03.073
412	1	1	109.42	109.42	95.00	3	11	0.00	0.00	REGULAR	2026-05-15 08:45:03.073
1408	1	1	90.04	90.04	66.64	4	8	0.00	100.00	REGULAR	2026-05-15 08:45:03.073
953	1	1	951.61	951.61	930.00	5	8	0.00	0.00	REGULAR	2026-05-15 08:45:03.073
2035	1	1	110.30	110.30	99.00	4	7	0.00	0.00	REGULAR	2026-05-15 08:45:03.073
2974	12	13	2115.83	162.76	147.09	3.08	13	7.69	0.00	REGULAR	2026-05-15 08:45:03.073
2636	9	12	3231.86	269.32	254.17	4.17	10.83	0.00	8.33	REGULAR	2026-05-15 08:45:03.073
1308	10	10	1055.66	105.57	88.27	3.9	12.11	0.00	10.00	REGULAR	2026-05-15 08:45:03.073
561	1	1	71.66	71.66	59.00	5	8	0.00	0.00	REGULAR	2026-05-15 08:45:03.073
1889	2	2	326.08	163.04	147.05	4	10.5	0.00	0.00	REGULAR	2026-05-15 08:45:03.073
661	6	6	4158.43	693.07	629.99	4	20	16.67	0.00	REGULAR	2026-05-15 08:45:03.073
1995	1	2	84.26	42.13	23.90	5	14	0.00	0.00	REGULAR	2026-05-15 08:45:03.073
1202	1	1	133.96	133.96	95.00	4	24	0.00	0.00	REGULAR	2026-05-15 08:45:03.073
2536	1	1	72.96	72.96	58.80	3	8	0.00	0.00	REGULAR	2026-05-15 08:45:03.073
2928	54	59	3021.52	51.21	37.50	3.95	10.18	6.78	6.78	REGULAR	2026-05-15 08:45:03.073
515	6	7	1515.27	216.47	188.10	5	9.29	0.00	0.00	REGULAR	2026-05-15 08:45:03.073
1600	1	1	577.00	577.00	559.00	4	18	0.00	0.00	REGULAR	2026-05-15 08:45:03.073
2682	1	1	190.98	190.98	174.00	5	18	0.00	0.00	REGULAR	2026-05-15 08:45:03.073
369	1396	1923	141570.56	73.62	55.39	3.97	15.5	9.46	6.66	HIGH_PERFORMER	2026-05-15 08:45:03.073
2828	19	19	573.40	30.18	20.51	4.11	5.33	10.53	0.00	REGULAR	2026-05-15 08:45:03.073
2287	4	4	215.10	53.78	41.24	3.5	22	25.00	0.00	REGULAR	2026-05-15 08:45:03.073
1886	171	222	11465.87	51.65	40.07	3.88	7.92	5.41	8.56	REGULAR	2026-05-15 08:45:03.073
1388	79	87	46704.13	536.83	457.64	3.41	23.68	20.69	1.15	REGULAR	2026-05-15 08:45:03.073
890	8	8	1962.82	245.35	231.22	2	22.6	12.50	0.00	LOW_REVIEW	2026-05-15 08:45:03.073
392	32	51	1660.28	32.55	16.90	3.84	12.2	9.80	0.00	REGULAR	2026-05-15 08:45:03.073
1554	2	2	380.17	190.09	162.00	4	5.5	0.00	0.00	REGULAR	2026-05-15 08:45:03.073
1743	11	11	1532.43	139.31	125.86	4.27	10.64	9.09	0.00	REGULAR	2026-05-15 08:45:03.073
1909	5	7	763.33	109.05	92.76	3.43	16.14	14.29	42.86	REGULAR	2026-05-15 08:45:03.073
249	3	3	645.97	215.32	199.99	3	19.67	0.00	33.33	REGULAR	2026-05-15 08:45:03.073
2954	10	12	880.68	73.39	54.15	4.33	10.42	0.00	8.33	REGULAR	2026-05-15 08:45:03.073
1411	7	8	1362.67	170.33	147.21	3.13	13.6	0.00	0.00	REGULAR	2026-05-15 08:45:03.073
913	7	8	908.17	113.52	98.54	3	16.63	37.50	12.50	DELAY_RISK	2026-05-15 08:45:03.073
1245	2	2	110.08	55.04	44.10	4.5	7	0.00	0.00	REGULAR	2026-05-15 08:45:03.073
747	2	2	740.97	370.49	350.00	4.5	14.5	0.00	0.00	REGULAR	2026-05-15 08:45:03.073
2407	1	1	50.23	50.23	35.00	5	8	0.00	0.00	REGULAR	2026-05-15 08:45:03.073
1766	22	29	1370.22	47.25	34.12	4.21	10.38	3.45	6.90	REGULAR	2026-05-15 08:45:03.073
180	46	52	5250.68	100.97	81.96	4.21	9.94	1.92	7.69	REGULAR	2026-05-15 08:45:03.073
2762	7	7	1167.23	166.75	146.09	4.86	7.71	0.00	14.29	REGULAR	2026-05-15 08:45:03.073
1102	14	14	1560.66	111.48	93.62	3.86	6.62	7.14	0.00	REGULAR	2026-05-15 08:45:03.073
2599	6	6	6404.34	1067.39	1013.33	4.83	17.5	16.67	0.00	REGULAR	2026-05-15 08:45:03.073
1935	3	3	1039.47	346.49	322.33	3.67	24.33	33.33	33.33	DELAY_RISK	2026-05-15 08:45:03.073
2244	42	42	7833.39	186.51	165.25	3.88	9.76	2.38	0.00	REGULAR	2026-05-15 08:45:03.073
535	16	16	4230.48	264.41	234.31	4.13	10.19	12.50	0.00	REGULAR	2026-05-15 08:45:03.073
2576	10	11	1586.56	144.23	118.67	3.64	8.73	0.00	9.09	REGULAR	2026-05-15 08:45:03.073
1580	4	4	232.82	58.21	39.90	4.75	8	0.00	25.00	REGULAR	2026-05-15 08:45:03.073
2121	11	11	567.40	51.58	38.55	4.82	10.45	0.00	0.00	REGULAR	2026-05-15 08:45:03.073
2785	1	1	28.29	28.29	20.90	5	6	0.00	0.00	REGULAR	2026-05-15 08:45:03.073
555	202	212	45860.10	216.32	201.08	2.66	17.88	13.21	2.83	LOW_REVIEW	2026-05-15 08:45:03.073
2885	7	8	711.32	88.92	73.99	2	52.5	25.00	0.00	LOW_REVIEW	2026-05-15 08:45:03.073
2476	10	10	705.56	70.56	53.21	4	9.2	0.00	0.00	REGULAR	2026-05-15 08:45:03.073
2642	12	13	984.58	75.74	56.06	4.77	7.54	0.00	7.69	REGULAR	2026-05-15 08:45:03.073
57	10	10	1261.95	126.20	105.50	3.2	17.88	10.00	0.00	REGULAR	2026-05-15 08:45:03.073
727	21	22	1071.56	48.71	32.40	4.27	8.1	13.64	4.55	REGULAR	2026-05-15 08:45:03.073
2221	2	2	210.75	105.38	87.50	4	7	0.00	0.00	REGULAR	2026-05-15 08:45:03.073
721	3	3	234.04	78.01	66.33	4.33	7.67	0.00	0.00	REGULAR	2026-05-15 08:45:03.073
2719	1	1	33.90	33.90	19.80	1	NULL	0.00	0.00	LOW_REVIEW	2026-05-15 08:45:03.073
1368	5	8	629.62	78.70	46.40	4.63	10.25	50.00	0.00	DELAY_RISK	2026-05-15 08:45:03.073
704	4	4	687.95	171.99	149.90	4.75	8.25	0.00	25.00	REGULAR	2026-05-15 08:45:03.073
206	2	2	206.82	103.41	94.90	4.5	6	0.00	0.00	REGULAR	2026-05-15 08:45:03.073
870	1	1	16.36	16.36	8.49	5	6	0.00	0.00	REGULAR	2026-05-15 08:45:03.073
1268	16	22	7029.68	319.53	255.00	4	11.8	9.09	4.55	REGULAR	2026-05-15 08:45:03.073
847	3	3	1632.99	544.33	521.66	3.67	13.67	33.33	0.00	DELAY_RISK	2026-05-15 08:45:03.073
2101	10	10	7479.63	747.96	719.60	4.5	8.3	0.00	0.00	REGULAR	2026-05-15 08:45:03.073
14	1	2	129.16	64.58	49.99	4	25	0.00	0.00	REGULAR	2026-05-15 08:45:03.073
1929	2	3	136.67	45.56	32.90	1	NULL	0.00	33.33	LOW_REVIEW	2026-05-15 08:45:03.073
2619	73	73	16327.85	223.67	200.88	4.55	9.79	1.37	2.74	REGULAR	2026-05-15 08:45:03.073
2078	103	104	15792.23	151.85	122.84	4.48	9.35	2.88	3.85	REGULAR	2026-05-15 08:45:03.073
37	42	42	6831.55	162.66	144.29	4.43	8.12	9.52	4.76	REGULAR	2026-05-15 08:45:03.073
578	16	19	1371.02	72.16	63.71	4.84	4	0.00	0.00	REGULAR	2026-05-15 08:45:03.073
2742	2	2	108.73	54.37	34.00	2	NULL	0.00	50.00	LOW_REVIEW	2026-05-15 08:45:03.073
2805	8	9	393.98	43.78	27.99	4.78	8.33	0.00	0.00	REGULAR	2026-05-15 08:45:03.073
2307	35	43	4648.15	108.10	92.01	4.42	10.51	2.33	9.30	REGULAR	2026-05-15 08:45:03.073
1809	3	4	166.35	41.59	26.92	4.5	7.75	0.00	50.00	REGULAR	2026-05-15 08:45:03.073
2058	10	13	859.57	66.12	56.02	4.77	4.92	0.00	0.00	REGULAR	2026-05-15 08:45:03.073
3054	3	7	1552.57	221.80	150.40	3.14	15.86	57.14	0.00	DELAY_RISK	2026-05-15 08:45:03.073
2556	2	2	196.40	98.20	77.95	3	22	0.00	0.00	REGULAR	2026-05-15 08:45:03.073
243	6	6	923.05	153.84	134.83	4.33	17.17	16.67	0.00	REGULAR	2026-05-15 08:45:03.073
2948	85	90	12471.79	138.58	114.72	4.11	10.57	0.00	3.33	REGULAR	2026-05-15 08:45:03.073
1288	2	3	400.76	133.59	99.95	4	14.67	0.00	0.00	REGULAR	2026-05-15 08:45:03.073
2911	2	2	86.26	43.13	31.30	4	9	0.00	0.00	REGULAR	2026-05-15 08:45:03.073
790	4	4	398.42	99.61	84.75	5	12.5	0.00	0.00	REGULAR	2026-05-15 08:45:03.073
2413	2	2	369.77	184.89	152.62	3.5	10.5	0.00	0.00	REGULAR	2026-05-15 08:45:03.073
2450	1	1	43.31	43.31	28.79	5	8	0.00	0.00	REGULAR	2026-05-15 08:45:03.073
435	3	4	321.77	80.44	65.30	3.75	14.75	0.00	0.00	REGULAR	2026-05-15 08:45:03.073
598	5	6	332.17	55.36	46.07	2.83	6.2	33.33	16.67	LOW_REVIEW	2026-05-15 08:45:03.073
349	12	17	720.53	42.38	30.36	4.24	9	5.88	5.88	REGULAR	2026-05-15 08:45:03.073
1431	4	4	659.57	164.89	132.10	3.5	10	0.00	0.00	REGULAR	2026-05-15 08:45:03.073
684	3	4	1174.41	293.60	271.01	4	15.25	0.00	50.00	REGULAR	2026-05-15 08:45:03.073
1680	1	1	412.21	412.21	389.99	5	13	0.00	0.00	REGULAR	2026-05-15 08:45:03.073
2699	22	25	3251.50	130.06	111.65	3.88	12.08	4.00	8.00	REGULAR	2026-05-15 08:45:03.073
1076	61	64	7485.86	116.97	98.44	4.44	10.73	0.00	3.13	REGULAR	2026-05-15 08:45:03.073
1617	7	13	1956.67	150.51	131.91	3.77	20	23.08	0.00	REGULAR	2026-05-15 08:45:03.073
2662	1	1	144.44	144.44	130.00	1	15	0.00	100.00	LOW_REVIEW	2026-05-15 08:45:03.073
1039	2	3	441.60	147.20	134.67	4.67	10.67	0.00	0.00	REGULAR	2026-05-15 08:45:03.073
1225	65	67	4093.23	61.09	47.34	4.42	9.49	13.43	5.97	REGULAR	2026-05-15 08:45:03.073
1474	18	18	4092.21	227.35	207.61	4.78	10.06	0.00	0.00	REGULAR	2026-05-15 08:45:03.073
1972	2	2	941.07	470.54	399.00	1	NULL	0.00	0.00	LOW_REVIEW	2026-05-15 08:45:03.073
1723	2	2	785.75	392.88	369.50	2.5	12.5	0.00	0.00	LOW_REVIEW	2026-05-15 08:45:03.073
1325	114	128	11470.19	89.61	67.96	4.35	12.06	1.56	10.16	REGULAR	2026-05-15 08:45:03.073
1331	4	4	367.39	91.85	74.92	4.5	9.5	0.00	0.00	REGULAR	2026-05-15 08:45:03.073
1866	1	1	36.70	36.70	21.60	4	9	0.00	0.00	REGULAR	2026-05-15 08:45:03.073
1872	1	6	218.70	36.45	28.99	5	2	0.00	0.00	REGULAR	2026-05-15 08:45:03.073
100	120	126	7697.97	61.10	44.11	4.48	9.63	3.97	4.76	REGULAR	2026-05-15 08:45:03.073
1182	16	16	3067.79	191.74	174.00	4.75	10.25	0.00	6.25	REGULAR	2026-05-15 08:45:03.073
933	1	1	164.45	164.45	152.00	5	8	0.00	0.00	REGULAR	2026-05-15 08:45:03.073
2264	12	13	1496.18	115.09	98.70	4.15	12.67	15.38	0.00	REGULAR	2026-05-15 08:45:03.073
2015	3	4	825.98	206.50	190.23	4.25	9.5	25.00	0.00	REGULAR	2026-05-15 08:45:03.073
2164	42	42	8342.17	198.62	175.45	4.67	9.13	2.38	2.38	REGULAR	2026-05-15 08:45:03.073
1033	75	83	12785.16	154.04	128.43	2.73	27.06	31.33	4.82	LOW_REVIEW	2026-05-15 08:45:03.073
1574	9	10	2288.31	228.83	180.40	2.4	17.4	10.00	0.00	LOW_REVIEW	2026-05-15 08:45:03.073
2115	46	46	6255.85	136.00	111.53	4.11	15.42	4.35	2.17	REGULAR	2026-05-15 08:45:03.073
1623	2	2	822.40	411.20	347.39	1	NULL	0.00	0.00	LOW_REVIEW	2026-05-15 08:45:03.073
492	5	5	514.16	102.83	80.00	4	10.6	0.00	0.00	REGULAR	2026-05-15 08:45:03.073
2656	4	4	362.97	90.74	77.15	4	8	0.00	50.00	REGULAR	2026-05-15 08:45:03.073
2705	2	2	1043.43	521.72	499.00	2.5	NULL	0.00	0.00	LOW_REVIEW	2026-05-15 08:45:03.073
1082	1	1	698.90	698.90	640.00	2	NULL	0.00	0.00	LOW_REVIEW	2026-05-15 08:45:03.073
541	1	1	55.96	55.96	45.00	5	5	0.00	0.00	REGULAR	2026-05-15 08:45:03.073